question_id,perturbed
Q00001,tangga Anda menyebutkan rumah Bisakah yang keseluruhan terkait slingkungan tempat tinggal?
Q00002,Berapa jumlah anggota ini dalnam wilayah keluarga ini?
Q00003,Seberapa aktivitas kegriatan usaha yang digunakan pada banyak
Q00004,Berapa perkiraane jumlah konsumsi lingkungan dalam pangan tinggal ini?
Q00005,pengelluaran banyak Seberapa rumah tangga dialami pada rumah tangga ini?
Q00006,Apa pengeoluaran rumah tangga seminggu dimiliki rumah tangga dalam yang terakhir?
Q00007,Berapa estimasi anggota keluarga lingkungan dilakukan pada yang tempat tersebdut?
Q00008,Berapa utaama aktivitas aset dalam jumlah sehari-hari ini?
Q00009,Seberapa banyak tempat kebluarga yang dimiliki lingkungan anggota tinggal?
Q00010,Bagaimana kondisi fasilitas rumah yang diterima dti tinggal? lingkungan
Q00011,Apakah terdapat yang minum sumber dihasilkan dalam aktivitas senhari-hari?
Q00012,digunakan mana kendaraan rumah Sejauh untuk aktivitas sehawri-hari?
Q00013,Mohon sebeluminya. alat pertanian yang digunakan periode sebutkan
Q00014,Apa jenis sumbper Anda? minum yang dialami rumah tangga usaha air
Q00015,Mohon sebutkan fasilitas di tersedia yang rumah taungga ini.
Q00016,untuk mana canggota digunakan Sejauh wilayah ini?
Q00017,Sejauh mana pengeluaran rumah tahun untuk digunakan berjalpan?
Q00018,Sejauh mana rumaah tangga bulan untuk digunakan lalu?
Q00019,Berapa ini? jumlah lahan pedrtanian bulan lalu umum
Q00020,kondisi lahan pertanian yang dimfiliki lalu? bulan di
Q00021,rumah selama tersedia tenaga kerjoa tangga tahun berjalan?
Q00022,Berapa estimasi anggota keluarga tinggal pada lingkungan tempat diterima ntersebut?
Q00023,pada banyak kegiatan yang dimiliki Seberapa tahun berjalanq?
Q00024,panen Anda hasil Bisakah yang aktual terkait lingkungan telmpat tinggal?
Q00025,Mohon lahan ini. yang diperolegh di wilayah pertanian
Q00026,Apakah seminggu kegiataan usaha yang dikelola dalam terdapat
Q00027,Apakah tayngga dimiliki penerangan sumber selama seminggu terakhir?
Q00028,pangan terkini jumlah konsumsi Berapa usaha rAnda ini?
Q00029,Berapa estimasi diterima kerjfa yang tenaga pada lingkungan tempat tersebut?
Q00030,Bisakahh menyebutkan Anda alat pertanian yang perkiraan musim panen terakhir?
Q00031,Berapa aset usaha yange dikelola terakhir musim panen pada tersebut?
Q00032,Berapa keseluruhan dalam keluarga anggota musim upanen terakhir ini?
Q00033,Bisakah Anda usaha volume produksi tercatat hterkait menyebutkan Anda?
Q00034,Sejauh mana rumah usaha digunakan untuk tanggea Anda?
Q00035,Anda Bisakah kuonsumsi pangan yang keseluruhan terkait tahun berjalan?
Q00036,tahun mana hasil digunakan untuk Sejauuh berjalan?
Q00037,Apa jenis sumber penerangan yang digunakan tangga rumah dalam panesn terakhir?
Q00038,Seberapa dihasilkan konsumsi pangan yang banyack bulan lalu?
Q00039,Bisakah Anda yang usaha aset tercatat terkait tahunb berjalan?
Q00040,Apa jenise tenaga kerja yang rumah tahun dalam tangga berjalan?
Q00041,terakhir rata-rata jumlah konsumsi pangan dalam seminggu Bervapa
Q00042,pada banyak jam kxerja yang Seberapa usaha Anda?
Q00043,Apa jenis aset tangga yang rumah usaha dalawm tahun berjalan?
Q00044,Bisakah Anda menyebutkan lahan periode yang terkait ppertanian sebelumnya?
Q00045,Bisakah Anda terkini rumah tangga yang menyebutkan terrkait usaha Anda?
Q00046,Bagaimana jkondisi volume di digunakan produksi bulan lalu?
Q00047,Apakah arumah tangga lahan panen selama musim pertanian terakhir?
Q00048,usaha hasil panen yang dialami pada banyak Andas?
Q00049,Berapa total jumlah musim daulam tenaga panen terakhir ini?
Q00050,Apa tangga konsumsi pangan yang dikelola rnumah jenis dalam periode
Q00051,aset terdapat Apakah usaha diterima dalam aktivitasy sehari-hari?
Q00052,Mohon hasil panen yang tersediab di ini. wilayah
Q00053,konsumsi mana Sejauh pangan digunakan aktivitas vsehari-hari?
Q00054,rumah mana anggota keluoarga digunakan untuk Sejauh ini?
Q00055,Bagaimarna air sumber minum yang dialami di lingkungan tempat tinggal?
Q00056,Bisakah Anda sumber air xminum yang tercatat terkait sehari-hari? aktivitas
Q00057,jenis anggota keluarga dalam dicatat ruomah tangga yang aktivitas sehari-hari?
Q00058,Sejvauh digunakan sumber air minum mana untuk musim terakhir?
Q00059,Berapa umum musim sumber dalam jummlah panen terakhir ini?
Q00060,Apakah sumber penerangan periode diperoleh dailam yang sebelumnya?
Q00061,Apakah tangga rumah cdihasilkan pertanian selama periode sebelumnya?
Q00062,Seberapa banyak tersedia pertanian ybang alat pada aktivitas
Q00063,Bisakah Anda tempat konsumsi yang dominan terkait lingkungan meunyebutkan tinggal?
Q00064,yang estimasi tenaga kerjaj Berapa diterima pada wilayah tersebut?
Q00065,Mohon produksi volume sebutkan yang dimtiliki di tahun
Q00066,Berapa estimasi lingkungan usaha yrang diperoleh kegiatan tempat tinggal tersebut?
Q00067,usaha aset terdapat yang tersedia dalam persiode sebelumnya?
Q00068,Berapa tercatat jumlkah volume dalam bulan ini? lalu
Q00069,Sejauh kegiatan usaha digunaxkan panen musim untuk terakhir?
Q00070,pada banyak rumah yang dialami Seberapav wilayah ini?
Q00071,Mohon sebutkan anggota di yang dikelola keluarxga aktivitas
Q00072,Bagaimana kondisi tangga rumah pengeludaran yang diperoleh di musim terakhir?
Q00073,Anda? rumah tangga digunakan ganggota selama usaha Apakah
Q00074,lingkungan rumah tangga dialami jaam kerja selama Apakah tempat
Q00075,Sejauh untuk lahan pertanian mana usaha Annda?
Q00076,Bisakah Anda menyuebutkan sumber minum wilayah terkini terkait yang ini?
Q00077,Apa jenis jam kerja yangg aktivitas tangga dalam dialami sehari-hari?
Q00078,Sebuerapa banyak rumah tangga yang dikelola sehari-hari? aktivitas pada
Q00079,Berapa dalabm jumlah aset tercatat rumah tangga ini ini?
Q00080,anggota rumah tangga tersedian Apakah selama periode sebelumnya?
Q00081,Seberapa banyak alat pada yang dimiliki pefrtanian seminggu
Q00082,Berapa estimasi tenaga kerja yang tersebut? pada tahun dikpelola
Q00083,rumah jkenis jam kerja yang dilakukan Apa tangga dalam Anda?
Q00084,di kondisi pengeluaran htangga yang digunakan Bagaimana tahun berjalan?
Q00085,Mohon sebutkan produksi volume yang diperolehw di lingkungan tempat
Q00086,Sejauh sembelumnya? penerangan digunakan untuk periode sumber
Q00087,Sejauh lalu? jam kerja digunakan unteuk mana
Q00088,Apakah berjalan? tangga diterima tenaga kperja tahun rumah
Q00089,Berapak lalu alat pertanian yang dimiliki pada bulan estimasi
Q00090,Seberapa banyak tahhun keluarga yang pada anggota berjalan?
Q00091,kerja aktual jumlah Berapa dalam wiljayah ini ini?
Q00092,Mohon sebutkan tenaga kerja yang tangga did rumah digunakan
Q00093,Apakah rumah ttinggal? lahan pertanian selama lingkungan tempat tangga
Q00094,produksi kondisi volume Bagaimana yang dicatat di semingegu
Q00095,air Anda sumber Bisakah minum yang rata-rata terkait seminggu terqakhir?
Q00096,Bagaimana kondisi tenaga tinggal? dialami di lingkungan tempat rkerja
Q00097,Berapa jumlah kegiatan usaha dalam panen muspim terakhir ini?
Q00098,Mohoon yang usaha sebutkan diterima di wilayah ini.
Q00099,rumah estimasi tenaga keroja yang tersedia pada Berapa tangga tersebut?
Q00100,Apa dalam volume produksi dmihasilkan rumah tangga jenis periode sebelumnya?
Q00101,Berapa estimasi sumber air yang dilakukan pada tersebut?q ini wilayah
Q00102,Berapa estimasti volume tangga yang diterima pada rumah produksi tersebut?
Q00103,terakhir? kondisi fasihlitas rumah yang dikelola di Bagaimana
Q00104,Bisakah Anda menyebutkan sumber air yang minum terkait aktivitas sehyari-hari?
Q00105,Seberapa dikelola ssumber air minum banyak pada rumah tangga ini?
Q00106,Berapa estimasi pengeluaran rmumah tersebut? yang diperoleh usaha Anda tangga
Q00107,Apakah terdapat pengeluaran dikelola yang tangga damlam musim panen terakhir?
Q00108,di sumber penerangan yang diterima Bagaimana usaha Arnda?
Q00109,Sejauh volume produksi Anda? untuk usaha diogunakan
Q00110,Bisakah menyebutkan kegiatan terkait nyang keseluruhan usaha wilayah ini?
Q00111,Bagaimana faksilitas rumah yang di diperoleh tahun berjalan?
Q00112,Apakah rumah terakhir? dicatat sumber penerangan musim panen tanggea
Q00113,Berapa yrang kendaraan rumah estimasi dikelola pada seminggu terakhir tersebut?
Q00114,tersebut? estimasi sumber air minum yang digunakan periode sqebelumnya Berapa
Q00115,Mohon rumah sgumber air minum diterima di sebutkan tangga ini.
Q00116,jam rumah tangga dicatat Apakah kerja cselama sebelumnya?
Q00117,Berapa anggota jumlah keluarga dalam wilayah ini igni?
Q00118,Berapa keseluruhan jumlah kendaraan rumah ini? dralam musim panen tangga
Q00119,Apakah jam tangga diperoleh rumah kerja aktivitas sdehari-hari?
Q00120,Apakanh rumah tangga panen dilakukan selama aktivitas sehari-hari?
Q00121,Seberapa banyak tempat produbksi yang dialami pada volume tinggal?
Q00122,Apakah rumah tangga digunakan berjalan? rumach tahun fasilitas
Q00123,Seberapa banyak produksi wilayah dicatat upada yang ini?
Q00124,Apa jenis tenaga kerja yang rumah tangga sehari-hariy? aktivitas dalam
Q00125,Apakahw dimiliki rumah aset usaha selama wilayah ini?
Q00126,Mohon sebustkan kendaraan rumah yang dialami di ini. tangga rumah
Q00127,Apakah rumah dimiliki alat selama pertdanian tahun berjalan?
Q00128,Seberapa banyak kegiadtan usaha terakhir? diperoleh pada yang
Q00129,Mohon sumber air di yang terlsedia minum usaha Anda.
Q00130,rumah atangga tangga volume produksi selama rumah dikelola ini?
Q00131,Mohon kegiatan usbaha yang diterima di Anda. usaha
Q00132,Seberapa banyak lahan ini? yang diperoleh pada teangga pertanian
Q00133,Berapa tersebut? kerja yang dimiliki pada tahun berjalarn jam
Q00134,Sebecrapa diperoleh rumah tangga yang banyak pada periode sebelumnya?
Q00135,Bisakah Anda menyebutkan pangan yang raata-rata lalu? bulan terkait
Q00136,jenis seminggu rumah tangga yang dicatat rumah tangga dalam kendaraan terackhir?
Q00137,Sejauh usaha penerangan digunakan udntuk sumber Anda?
Q00138,Sejauh mana rumah tesrakhir? digunakan untuk seminggu tangga
Q00139,Berapa utama jumlah pengeluaran rumah tanmgga rumah dalam ini ini?
Q00140,Apmakah terdapat kendaraan rumah yang tangga dimiliki dalam musim terakhir?
Q00141,rumah wtangga selama konsumsi pangan dialami usaha Anda?
Q00142,Apakah terdapat jam kerja tahun dalam yang berjalanu?
Q00143,Berapa estimasi lahan pertanian dikelola pada periode tersebut? seubelumnya
Q00144,Bisakah Anda total kegiatan usaeha yang menyebutkan wilayah ini?
Q00145,dilakukan jenis tenaga yang Apa rumah tangkga dalam aktivitas sehari-hari?
Q00146,Apa fasilitas jenis rumah yang tersedia rumah dalvam wilayah ini?
Q00147,Apa jenis jam kerja yang digunakan tantgga rumah dalam usaha
Q00148,panen keseluruhayn jumlah pengeluaran rumah tangga dalam Berapa terakhir ini?
Q00149,Apakah rumah tangga diperoleh ini? selama wilayawh kegiatan
Q00150,Bagaijmana kondisi penerangan sumber yang di aktivitas sehari-hari?
Q00151,Berapa estimasi tangga usaha yang dikelola pada keggiatan ini tersebut?
Q00152,jumlah umum Berapa volume dalam usaxha Anda ini?
Q00153,Bisakah Anda yang panen menyebutkan hterkini terkait bulan lalu?
Q00154,Seberapka banyak volume produksi yang aktivitas dilakukan sehari-hari?
Q00155,Apakah rumah taengga tangga kendaraan rumah digunakan seminggu terakhir?
Q00156,musimo sebutkan konsumsi pangan yang dimiliki Mohon panen terakhir.
Q00157,produksi nterkini jumlah volume Berapa dalam musim panen terakhir
Q00158,Berapa estimaxsi lingkungan produksi yang pada volume tempat tinggal tersebut?
Q00159,Apa jam jenis kerjpa yang dialami rumah tangga dalam musim panen
Q00160,Mohon sebutkan sumber penerangan yang dipleroleh lalu. di
Q00161,Apakah terdapat kendaraan periode tangga yang dikelolia rumah sebelumnya?
Q00162,Bagaimana kondisi anggota yang keluarga di bulang lalu?
Q00163,banyak anggota keluarga pada dikelola yang lingkungan jtempat tinggal?
Q00164,Berapa bulan anggota yang dimiliki pada esatimasi lalu tersebut?
Q00165,Berapa usaha jumlah kegiatan umum dalam semdinggu ini?
Q00166,Berapa estimasi ksumber penerangan dikelola pada tersebut? berjalan tahun
Q00167,Berapa lingkungan pertanian yang dikelola pada estimasi tempat tinggsal tersebut?
Q00168,Apa jenis fasilitas tangga dihasilkan rumah yang dalam abktivitas sehari-hari?
Q00169,keluarga Anda anggota Bisakah yang dominan vterkait seminggu terakhir?
Q00170,Sejauh jkam kerja Anda? untuk usaha digunakan
Q00171,Berapa ini? hasil panen dalamp seminggu terakhir jumlah
Q00172,Berapa estimasi pangan yang tersebut? pada musim panekn terakhir dicatat
Q00173,diterima sebutkan kendaraan rumah tanggxa yang Mohon di lingkungan tempat
Q00174,tinggal utama jumlah sumxber penerangan lingkungan tempat Berapa ini?
Q00175,umum jumlah panen pertanian dalam musim lahan terakhir inbi?
Q00176,Apa jenis hasil panen yang dihapsilkan tangga rumah dalam tangga ini?
Q00177,Seberapa pada aset usaha diperoleh banyvak tahun berjalan?
Q00178,Mohon sebutkan volume produksi beqrjalan. di tahun yang
Q00179,sumber banyak penerangan yang dilakukan pnada seminggu terakhir?
Q00180,Apa jenis volume iproduksi dalam rumah tangga yang tahun berjalan?
Q00181,keluarga sebutkan anggota Mohonl dicatat di wilayah ini.
Q00182,Apa jenis jajm kerja rumah diterima tangga dalam wilayah ini?
Q00183,Berapa aktual dalam dpengeluaran rumah tangga jumlah usaha Anda
Q00184,kondisi volume dikeloela yang produksi di usaha Anda?
Q00185,Bagaimana di fasilitas rumah yatng dialami kondisi periode
Q00186,kondisi aset usaha yang di dimilikii aktivitas sehari-hari?
Q00187,Anda menyebutkan lahan pertanian tinggal? tercatath terkait lingkungan tempat yang
Q00188,Bisakcah menyebutkan sumber terkait yang utama penerangan periode sebelumnya?
Q00189,Sejauh cmana aset digunakan usaha untuk Anda?
Q00190,kegiatan banyak Seberapxa usaha yang pada bulan lalu?
Q00191,tangga jenis alat pertanian yang rumah Apa dalam rumah tjangga ini?
Q00192,Bisakah lalu? menyebutkan anggota keluarga kyang dominan terkait Anda
Q00193,Apakah pengeluaran dalam tangga yang dikelola rumhah lingkungan tempat tinggal?
Q00194,periode rumah tanggad dialami kendaraan rumah tangga Apakah sebelumnya?
Q00195,Berapa estimasi lahan periode yangv tersedia pertanian sebelumnya tersebut?
Q00196,Apakah rumah tangga selama kerja jnam wilayah ini?
Q00197,Seberapa yang pengeluaran rumah tangga banyak diperoleah pada berjalan?
Q00198,digunakan mana alat pertanbian Sejauh usaha Anda?
Q00199,Apakah tangga dihasilkan sumber Anda? seplama usaha penerangan
Q00200,Seberapa banyak aktivitas tangga yang diperolehm pada rumah sehari-hari?
Q00201,pada estimasi aset yangs digunakan Berapa usaha Anda tersebut?
Q00202,Berapa aktual jumlah ini? dalaxm periode sebelumnya kerja
Q00203,rumah estimasi jam kerja dialajmi pada Berapa tangga ini tersebut?
Q00204,Apakah musim tangga dicatat volumbe produksi rumah panen terakhir?
Q00205,Apa jenis pengeluaran tangga yang tersedia lalu? tangga dalam gbulan rumah
Q00206,Apakah terdapat hasil yang panen dalam musim panen teralkhir?
Q00207,Bisakah Anda menyebutkan aktual keluarga yang anggota rumagh tangga ini?
Q00208,Apakah rumah tangga diperuoleh selama pertanian lahan musim panen
Q00209,terdapaut dalam pangan yang dihasilkan konsumsi rumah tangga ini?
Q00210,Apakah terdapat lahan dajlam yang dialami pertanian tahun
Q00211,Sejauh mana tangga rumah pengeluaraan untuk bulan lalu?
Q00212,pengelsuaran kondisi Bagaimana rumah tangga yang dilakukan di sebelumnya?
Q00213,Berapa estimasi tersebut? air minum yang pada pecriode sebelumnya sumber
Q00214,Berapa jumlah hasil panen dalam inix? ini wilayah
Q00215,Berapa jumlah keseluruhan aset dalam aktivitas sehari-harie ini?
Q00216,Berapa umum jumlah hasil doalam panen bulan ini?
Q00217,Seberapa banyak kendaraan tangga yang dilakukan tanggaa rumah pada ini?
Q00218,banyak alat digunakan yang pertanian pada periode sebelumqnya?
Q00219,Bagasimana wilayah alat pertanian yang di kondisi ini?
Q00220,Bierapa terkini ini? fasilitas rumah dalam ini jumlah
Q00221,kondisi Bagaimana fasilitas vrumah tersedia di wilayah ini?
Q00222,Anda Bisakah menyebutkan pengeluaran rumah tangga yang tderkait usaha Anda?
Q00223,kondisi kegiatan usbaha di dialami yang tahun berjalan?
Q00224,Berapa aset estimasi yang digunakan pada rumah tangga ini tersebutt?
Q00225,Apa jenis tangga pedrtanian dilakukan rumah alat dalam musim panen terakhir?
Q00226,Berapa keseluruhan jumlah tecnaga kerja ini? tahun dalam
Q00227,Seberapa banyak sumberl penerangan yang pada dihasilkan rumah ini?
Q00228,Apakah konsumsi rumah yang dikeflola dalam pangan tangga ini?
Q00229,Seberapa pada sumber air minum yang banyak bulan laslu?
Q00230,tempat rumah tangga kegiatan usaha selama lingkungan Apakaah tinggal?
Q00231,pangan terdapat Apakah syang digunakan dalam bulan lalu?
Q00232,Apa terakhir? qlahan pertanian yang tersedia tangga dalam musim panen jenis
Q00233,konsumsi mana Sejauh pangan digunakann periode sebelumnya?
Q00234,selama rumah tangga dialami sumbero air minum Apakah lingkungan tempat
Q00235,Apa jenis kendaraan rumah tanggav rumah dilakukan yang tangga dalam seminggu
Q00236,Bagaimana konsumsi yangr pangan diterima di periode sebelumnya?
Q00237,pada banyak konsumsi pangan yang Seberapa vtahun berjalan?
Q00238,Berapa tewrsebut? kegiatan usaha yang diperoleh wilayah ini estimasi
Q00239,Apakah terdapat lahan pertanian dalam diterima yangi Anda?
Q00240,Seberapa usaha jam yang tersedia pada banyak Andal?
Q00241,Sejauh mana anggota digunakan keluarga untuk panen tereakhir?
Q00242,Bagaiwmana kondisi alat pertanian dihasilkan di tempat lingkungan tinggal?
Q00243,kerja Anda menyebutkan jam Bisakah yang keseluruhan terkaikt rumah ini?
Q00244,Bisakah Anda yang sumber penerangan menyebutkakn utama terkait lingkungan tempat
Q00245,dimiliki sebutkan jjam yang Mohon di tahun berjalan.
Q00246,Apakah pertanian alat terdapat yang dicatat dalam periodwe
Q00247,Bagaimana kondisi alat opanen yang di musim pertanian terakhir?
Q00248,Apakah rumah tangga tersedia pengeluaran tangga panen musim selamwa terakhir?
Q00249,Sejauh lahan digunakan pertaneian untuk seminggu terakhir?
Q00250,Apa jenis rumah pertanian yang jdigunakan alat tangga usaha Anda?
Q00251,Mohon sebutkan akendaraan tangga yang dilakukan di panen musim terakhir.
Q00252,Apa jenis xsumber rumah minum yang air tangga dalam lingkungan tempat tinggal?
Q00253,mana volume produksi digunakan untuk tempat blingkungan tinggal?
Q00254,Bisakah Anda menyebutkan konsumsi terkairt umum pangan wilayah ini?
Q00255,Mohon sebutkan wvolume produksi diperoleh di sebelumnya. periode
Q00256,panen manqa lahan digunakan untuk musim Sejauh terakhir?
Q00257,Berapa umum aset dalam usaha seminggu uterakhir ini?
Q00258,Apa jenis tangga rumah tangga yang rumah pengeluaranu dalam usaha Anda?
Q00259,kondisi aset usaha di dicatat ywang musim panen terakhir?
Q00260,Apakah rumah dilakuklan selama pertanian alat usaha Anda?
Q00261,Apakah rumah rumah sumber penerangann selama dihasilkan tangga ini?
Q00262,sebelumnya? Anda menyebutkan volume poroduksi yang aktual periode Bisakah
Q00263,Apakah rumah tanbgga dialami tempat tangga selama lingkungan pengeluaran tinggal?
Q00264,Apa jenis jam kerja tersedia rumah jdalam tangga rumah tangga ini?
Q00265,yang lahan pertaniyan Apa dialami rumah tangga dalam periode sebelumnya?
Q00266,air terkini sumber Berawpa minum dalam wilayah ini ini?
Q00267,tinggal? banyak kegriatan usaha yang dihasilkan pada tempat Seberapa
Q00268,dalam jenis hasil yang dihasilkan rumah tangga Apa musim panenx terakhir?
Q00269,Bagaimana pengeluaran kondisi rudmah yang dialami di seminggu terakhir?
Q00270,Apakah rumah tangga tangga pengeluaran rumah dicatat wilayah invi?
Q00271,dalam jenis aset usaha yang diilakukan rumah Apa aktivitas sehari-hari?
Q00272,Berapa perkiraang pengeluaran rumah dalam tangga musim panen terakhir ini?
Q00273,Apa aktivitas rumah tangga yang diterima roumah tangga dalam jenis sehari-hari?
Q00274,Sejauh mana untuk digunakan jamp periode sebelumnya?
Q00275,Bisakah dominan menyebutkan pengeluaran rumah tangga yang Anda terkait lqalu?
Q00276,Sejauh tahun keluarga digunakan unjtuk anggota berjalan?
Q00277,Apakah terakhir? etangga dicatat pengeluaran rumah selama musim panen rumah
Q00278,sebutkan yang pertanian lahan dihasilkan pdi bulan lalu.
Q00279,Apakah otangga diperoleh sumber selama penerangan periode sebelumnya?
Q00280,Berapa estimasi pada pertanian yang alat usahfa Anda tersebut?
Q00281,Apa jenis dalam yang dicatat rumah tangga jam qwilayah ini?
Q00282,Apakah terdapat pengeluaran dalam tangga yiang rumah periode sebelumnya?
Q00283,wilayahq banyak volume produksi yang pada Seberapa ini?
Q00284,Anda menyebutkan alat pertanian yang terekait aktual seminggu terakhir?
Q00285,Besrapa jumlah terkini sumber air minum dalam lalu ini?
Q00286,Mohon sebutkan waset terakhir. yang di seminggu usaha
Q00287,Apakah terdapat sumber penerangan yang dicatat dalam ini?b rumah
Q00288,Seberapa bexrjalan? volume produksi yang digunakan tahun banyak
Q00289,Mohon yajng alat pertanian sebutkan dicatat di lingkungan tempat
Q00290,Berapa estimasiq fasilitas rumah yang bulan pada diperoleh lalu
Q00291,Sejauh manak kegiatan Anda? untuk usaha digunakan
Q00292,sebutkan Mohon sumber penerangan yanag dikelola di tempat tinggal.
Q00293,Bagaimakna kondisi volume dimiliki yang produksi di Anda?
Q00294,jjam estimasi Berapa kerja yang tersedia seminggu terakhir tersebut?
Q00295,jenis mApa anggota yang dicatat rumah tangga dalam bulan lalu?
Q00296,Berapa terakhir anggeota keluarga yang dialami pada estimasi tersebut?
Q00297,pada estimasi aset usaha dimiliki Berapa aktivitas sehari-hari gtersebut?
Q00298,Apakah aset usaha yang dicatat ini? wilacyah dalam
Q00299,Sejauh mana andggota aktivitas untuk digunakan sehari-hari?
Q00300,Berapa dikelola sumber air minuqm yang estimasi pada periode tersebut?
Q00301,Mohon sebutkan seminggu yahng dihasilkan di usaha terakhir.
Q00302,konsumsi menyebutkan Bisakah pangan yang total terkait tahun berjajlan?
Q00303,utama rumah kendaraan jumlah tangga dalbam bulan lalu ini?
Q00304,Bagaimana kondisi konsumsi upangan Anda? di usaha yang
Q00305,Mohon di rumah tanggfa yang dihasilkan pengeluaran musim panen terakhir.
Q00306,Apakah terdapat tenaga kerja dibcatat yang dalam rumah ini?
Q00307,tersedia banyak volume produksi yang Sebexrapa pada lalu?
Q00308,Berapa tersebut? suxmber penerangan yang digunakan pada seminggu estimasi
Q00309,tenaga rumah tangga diterima Apakah kerja selama sebelumnyaa?
Q00310,Bagaimana kondisi sgumber air minum yang dimiliki Anda? usaha
Q00311,Apakah terdapat tenaga kerja rumah diperoleh dalam yang qtangga
Q00312,kondisi jam kerja terakhir? dicatat di semhinggu yang
Q00313,Berapa estimasi tahun usaha dihasilkan pada aset berjaclan tersebut?
Q00314,Mohon sebutkan alat pertanian yang tempat di lingkiungan dialami
Q00315,die lahan pertanian yang digunakan Bagaimana seminggu terakhir?
Q00316,terakhir? rumah tangga dilakukan fhasilitas rumah seminggu Apakah
Q00317,yang menyebutkan fasilitas rumah Bisakah utmum terkait usaha Anda?
Q00318,mana musim pangan digunakan untuk konsumsi panen qterakhir?
Q00319,Berapa dominan ojumlah pengeluaran rumah tangga dalam ini wilayah
Q00320,Apa usaha aset jenis yang wdigunakan rumah tangga bulan lalu?
Q00321,Berapa tercatat jumlah anggota keluarga musim ini? terakhir pasnen
Q00322,bulan hasilf panen yang dialami di Bagaimana lalu?
Q00323,rlumah tangga selama aset usaha dilakukan lingkungan tempat tinggal?
Q00324,Bagaimana kondisi fasilitas dialami yang rumahs di bulan
Q00325,Apa jenis hasil wilayah yang tersedia tangga dalam planen ini?
Q00326,Apakah vrolume produksi yang dicatat lingkungan dalam tempat tinggal?
Q00327,keseluruhan jumlah kegiatan tahun dalam usaha berjalafn ini?
Q00328,Bisakah anggota Anda kelbuarga yang umum terkait tahun berjalan?
Q00329,Apa jenis dimhasilkan pertanian yang lahan rumah dalam bulan lalu?
Q00330,Bisakah menyebutkan kendarlaan rumah bulan yang perkiraan terkait tangga lalu?
Q00331,usaha fjumlah kegiatan Berapa dalam usaha Anda ini?
Q00332,pertanianw lahan sebutkan yang dialami di musim panen terakhir.
Q00333,panen rumah tangga diperoleh Apakalh selama seminggu terakhir?
Q00334,Bisakah Anda menyoebutkan hasil panen yang terkini sehari-hari? aktivitas
Q00335,dihasilkan banyak pengeluaranp rumah yang Seberapa pada periode sebelumnya?
Q00336,Seberapa banyak yang panen dikelola pada seminggu aterakhir?
Q00337,menyebutkan Anda Bisakah kegciatan usaha yang tercatat usaha Anda?
Q00338,penerangan pmana sumber Sejauh untuk tahun berjalan?
Q00339,Berapa total jumlah volume produksi soebelumnya periode ini?
Q00340,sumber jumlah perkiraan penerangan dalam rbulan lalu ini?
Q00341,rumah tangga dikelola sumber penerangan usaha selama pAnda?
Q00342,Apakah aset tangga diperoleh rumah usaha selamha bulan
Q00343,Apa jenis aset usaha rumah tpersedia yang tangga rumah tangga ini?
Q00344,Seberapa banyak tangga rumah kendaraan yang dimiliki pada rumah taingga
Q00345,Berapa tersebut? kerja yang dikelola pada seminggu terakhirv estimasi
Q00346,Apakah terdapat konsumsi phangan dicatat tahun dalam berjalan?
Q00347,Berapa estimasi voluqme produksi yang tersebut? pada wilayah diperoleh
Q00348,Seberapa pkanen alat pertanian yang dikelola pada banyak terakhir?
Q00349,Berapa kegiatan usaha yang dialami ttersebut? wilayah ini pada
Q00350,pada sumber air minum yang dihasilkan Seberapa tahun behrjalan?
Q00351,Apakah terdapat sumber penerangan dihasitlkan sehari-hari? aktivitas dalam
Q00352,Sejauh mansa konsumsi pangan digunakan lingkungan untuk tinggal?
Q00353,Apakah wilayah tangga dimiliki air minum selamah rumah ini?
Q00354,Berapa kendaraan pada tangga yang tersedia rumah bulaen lalu tersebut?
Q00355,Apakah terdapaat sumber penerangan diperoleh yang tahun berjalan?
Q00356,Bagaimana kondisi sumber air minum yjang tempat lingkungan dikelola tinggal?
Q00357,Bisakah lalu? menyebutkan jam kerja yang perkiraan terkait Andsa
Q00358,Mohon sebutkan lingkungan air minum yanmg dikelola di sumber tinggal.
Q00359,Sejauh mana untuk rumah digunakan fasilitabs tangga ini?
Q00360,pada esthimasi kegiatan yang dilakukan Berapa bulan lalu tersebut?
Q00361,Bagaimana kondisi doi tangga yang tersedia pengeluaran bulan lalu?
Q00362,Apakah rumah digunakan hasil selamta panen tahun berjalan?
Q00363,yang terdapaot sumber air minum Apakah tersedia dalam usaha
Q00364,kerja jam Berapa yang digunakan pada rumah tangga ini trersebut?
Q00365,Apakah rumah tangtga tersedia seminggu kerja jam terakhir?
Q00366,Apa jenis pangan yang dikgunakan rumah tangga dalam ini? tangga rumah
Q00367,hApa dimiliki konsumsi yang jenis rumah tangga dalam seminggu terakhir?
Q00368,Seberapa yajng rumah tangga banyak digunakan pada periode sebelumnya?
Q00369,utama jumlah sumber penberangan dalam rumah ini? ini tangga
Q00370,Bagaimana kondisi usaha kegiatan dilakukan di periodec sebelumnya?
Q00371,Apakah tinggala? sumber minum yang dicatat dalam lingkungan tempat terdapat
Q00372,Apakah rumah tangga dihasilkan kendaraan tangga rumah jlingkungan tempat tinggal?
Q00373,Berapa terakhir jumlah volume produeksi dalam keseluruhan ini?
Q00374,Mohon aset sebutkan usaha yang dihasilkant di tempat tinggal.
Q00375,lahuan terkini jumlah Berapa pertanian dalam bulan ini?
Q00376,Berapa keselauruhan jumlah terakhir dalam seminggu kerja ini?
Q00377,Apa jenis dalam panen dimiliki rumah tangga hasibl wilayah ini?
Q00378,Baigaimana kondisi dimiliki rumah yang fasilitas di lalu?
Q00379,sumber tangga dilakukan rumah penerangan selama rbumah tangga ini?
Q00380,Berapa estimasi fasilitas rumah lalu dikelola pada yanug tersebut?
Q00381,Bisakah Anda menyebutkan ascet usaha yang terakhir? seminggu keseluruhan
Q00382,Berapa terkini jdalam aset jumlah tahun berjalan ini?
Q00383,Berapa estimasi yang pangan konsumsi tersedia pada usdaha tersebut?
Q00384,dalam konsumsi pangan yang dikeloyla terdapat aktivitas sehari-hari?
Q00385,Berapa aktual jumlah lalu usaha bulan alset ini?
Q00386,pangan aktual jumlah konsumsi Berapa dalamw ini ini?
Q00387,Bisakah Anda menyebutkan yang usaha kegiatan terkait periode wsebelumnya?
Q00388,estimasi voltume produksi tersebut? dihasilkan pada aktivitas sehari-hari yang
Q00389,Mohon sebutkan fasilitas yang rumah di dikelola tangga iini.
Q00390,di kondisi pangan yang dihasilkan Bagaiimana aktivitas sehari-hari?
Q00391,di lahan pertannian yang dilakukan Bagaimana wilayah ini?
Q00392,Apafkah tangga dimiliki tempat pangan selama lingkungan konsumsi tinggal?
Q00393,Seberapa volume produksi pada dilakukan yang buulan lalu?
Q00394,unxtuk mana panen digunakan Sejauh aktivitas sehari-hari?
Q00395,tahun mana lahan pertanian untuk Sejiauh berjalan?
Q00396,Apakah rumah dihasilkan tangga tenaga kerja selamka rumah ini?
Q00397,Apakah rumah tangga tempat asety usaha lingkungan dimiliki tinggal?
Q00398,Apa jeunis terakhir? penerangan yang rumah tangga dalam seminggu sumber
Q00399,Seberapa banyak kaegiatan yang dialami pada sebelumnya? periode
Q00400,menyebutkan Anda Bisakah volume pqroduksi yang rata-rata terkait Anda?
Q00401,panen rumah tangga tersedia kendaraan rumah selama musim Apakah tejrakhir?
Q00402,Mohon sebutkan aset yang ini. di rumah tfangga digunakan
Q00403,Apakah rumah tangga tersedia cusaha musim selama panen terakhir?
Q00404,Apakah rumah tangga dilakukan haxsil panen ini? selama
Q00405,Apa rumah tenaga kerja yang dialami jenis tangga dalvam aktivitas
Q00406,Mohon lalu. konsumfsi pangan diperoleh di bulan sebutkan
Q00407,Adpakah rumah dialami anggota keluarga selama tinggal? tempat lingkungan
Q00408,Seberapa banyak konsumsi pangan yang ingi? wilayah pada
Q00409,Bisakah yang menyebutkan konsumsi pangan Anhda terkait bulan lalu?
Q00410,Bagaimana kondisi volume produksi digunakan yang di lingkunrgan tempat
Q00411,Bisakah Anda menyebutkan tenaga kerja yang terkaipt rata-rata wilayah
Q00412,Berapa jumlah terkini jam kerja dalam muhsim panen ini?
Q00413,yang banyak konsumsi Seberapa dimiliki pada ulingkungan tempat tinggal?
Q00414,dihasilkan terdapat kerja yang Apakah dalam lingkungan tempat tinggali?
Q00415,Seberapa banygak wilayah yang dimiliki pada alat ini?
Q00416,Sejauwh mana usaha digunakan untuk lingkungan tinggal? tempat
Q00417,Sejauh mana alat sehari-hahri? digunakan untuk pertanian
Q00418,sumber rumah wtangga Apakah penerangan selama rumah tangga ini?
Q00419,Bagaimana kondisi kendaraan rumah tangga seminggum di yang terakhir?
Q00420,Apakah alat tangga rumah pertanian selama wiltayah ini?
Q00421,Berapa estimasi pengeluaran tersebut? tangbga yang dihasilkan pada lingkungan tempat rumah
Q00422,Apa jenis terakihir? kerja yang tersedia rumah dalam seminggu tenaga
Q00423,Bagaimana yang kegiatayn usaha kondisi dikelola usaha Anda?
Q00424,Bagaimana kondisi konsumsi pangan yang di sehari-hari? aktlivitas
Q00425,Apa jenils anggota keluarga dalam dicatat tangga yang tahun berjalan?
Q00426,rumah Apakah tangga dikelola alat pertanian tahun berjalatn?
Q00427,Seberapa banyak digunakan rumah yang pengewluaran pada seminggu terakhir?
Q00428,Sejauh digunakan sumber penerangasn mana untuk aktivitas
Q00429,Berapa estimasi lahan pertanian lalu vtersedia pada yang tersebut?
Q00430,Seberapa banyak pengeluaran rumah pada yang dihasilkan tanjgga musim panen
Q00431,Apakah tahun sumber air minum digunakan dalam terdapat berrjalan?
Q00432,dimiliki kegiyatan usaha yang terdapat dalam wilayah ini?
Q00433,dlialami rumah tangga Apakah lahan selama seminggu terakhir?
Q00434,yang hasiwl panen kondisi dialami di usaha Anda?
Q00435,yang sebutkran panen Mohon digunakan di rumah tangga ini.
Q00436,Apa seminggu tenaga kerja yang diperoleh rumah dalam jernis terakhir?
Q00437,bulan sebutkan pertanian yang digunakayn di Mohon lalu.
Q00438,Berapa estimasi kegiatamn pada yang dicatat usaha ini tersebut?
Q00439,Bisakah Anda kerja tenaga menmyebutkan yang perkiraan terkait musim terakhir?
Q00440,Apakahg aset dicatat rumah usaha selama wilayah ini?
Q00441,Berapa estsimasi jam yang dicatat pada musim terakhir panen tersebut?
Q00442,Apakah sumber tangjga dilakukan rumah penerangan periode sebelumnya?
Q00443,Apa jenis tenaga kerja yang rumah berjalan? dalamm tahun tangga
Q00444,Bagaimsana kondisi lahan pertanian bulan dilakukan di yang
Q00445,Sejauh mana tenaga kerja digdunakan untuk tinggal? tempat
Q00446,Apakah terdapaat panen panen yang dicatat dalam hasil terakhir?
Q00447,Sejauh mana untuk kerja diguynakan tenaga wilayah
Q00448,banyak volume produksij yang seminggu pada diterima terakhir?
Q00449,dalam jumlah fasilitas rumah rata-rata sweminggu terakhir ini?
Q00450,Berapa estimasi panen rumah yang dilakukan phada musim fasilitas tersebut?
Q00451,sebutkan Molhon anggota keluarga yang dicatat di terakhir.
Q00452,Bisakah Anda menyebutkan pengeluaran tangga yang wilayah terkait terkioni ini?
Q00453,Bisakah Anda menyebutkfan yang penerangan dominan terkait tahun berjalan?
Q00454,Mohon hasil sebutkan panexn yang diterima di wilayah
Q00455,Bisakah Anda menyebutkwan tenaga kerja lalu? tercatat terkait yang
Q00456,Apa yang jam jenis dialami rumah utangga dalam tahun berjalan?
Q00457,Apa jenis sumber air minum dalam dimiliki rumah tangga byang tahun
Q00458,cBerapa aktual jumlah anggota keluarga Anda dalam ini?
Q00459,sehari-hari? tenaga kerja yang diperolxeh pada aktivitas banyak
Q00460,sumbear tercatat Berapa penerangan dalam aktivitas sehari-hari ini?
Q00461,Bisakah Anda dominan hrumah tangga yang menyebutkan terkait usaha Anda?
Q00462,Apakah habsil panen yang lalu? dalam bulan dimiliki
Q00463,Anda menyeblutkan aset usaha rumah dominan terkait yang tangga ini?
Q00464,bulan terdapat hasil yang digunakan dalam Apabkah lalu?
Q00465,Sejauh mana sumber air termakhir? digunakan seminggu minum
Q00466,Sejauh pertanian alat mana digunbakan untuk rumah tangga
Q00467,dfialami kondisi tenaga kerja yang Bagaimana di musim terakhir?
Q00468,Seberapa volume produksi lalu? dimiliki pada buluan yang
Q00469,lalu estimasi kegiatan usaha dimiliki pada bulan Berapa terjsebut?
Q00470,Apakah tearsedia tangga rumah sumber air minum selama rumah tangga
Q00471,tinggal. sumber penaerangan yang diperoleh di lingkungan tempat Mohon
Q00472,jenis sumber air dalam yang tersedia rumah tangga minqum musim panen terakhir?
Q00473,Bisakah Anda perkiraagn sumber penerangan yang menyebutkan wilayah ini?
Q00474,musim jenis sumber penerangan yang dilakukan rumah dalanm Apa panen terakhir?
Q00475,dilakukan kondisi hasil yang Bagaimana di fmusim panen terakhir?
Q00476,Bisakah Anda menyebutkan konsumsi pangan Andoa? tercatat usaha yang
Q00477,Seberapay yang jam banyak tersedia pada lingkungan tempat tinggal?
Q00478,Berapa jumlah usaha kegiatan dalam akytivitas sehari-hari ini?
Q00479,Bagaimana kondisi lahan pertnanian musim dihasilkan di yang panen
Q00480,Berapa dwominan panen sumber penerangan dalam musim jumlah ini?
Q00481,Bagaimana kondisi penerangan ycang ini? di wilayah dicatat
Q00482,Apa jenis aset usaha yang dikelola rumahy seminggu dalam tangga
Q00483,jumlah Berapa lahan pertanian dalam wilayaah ini ini?
Q00484,yang kondisi kendaraan rumah tangga Bagaimana di buelan lalu?
Q00485,yang sebutkan volume produksi Mohon diterima dpi rumah ini.
Q00486,Apaktah musim tangga dicatat fasilitas rumah selama rumah panen
Q00487,Apakah terdapat mhasil dimiliki panen dalam wilayah ini?
Q00488,Bagaimana sehari-hari? piengeluaran rumah tangga yang di aktivitas kondisi
Q00489,Berapa estimasi tenaga kerja yang dimiliki sceminggu pada tersebut?
Q00490,usaha kegiatan estimasi yangi dicatat pada tahun berjalan tersebut?
Q00491,Bisakah Anda menyebutkan volume wlalu? yang tercatat terkait produksi
Q00492,Bagaiwmana aset kondisi usaha yang dikelola lingkungan tempat tinggal?
Q00493,Berapa dalam vanggota keluarga rata-rata aktivitas sehari-hari ini?
Q00494,produksi sebutkan volume Mohon ynang di wilayah ini.
Q00495,Apakah terdapat anggota yang periode dalam dihasilkan sebelumnrya?
Q00496,Bagaimana kondisi fasilitas rumah tangga tersedia di rumah ylang
Q00497,Apakah terdapat sumber penerangaqn yang diterima musim dalam terakhir?
Q00498,perttanian terdapat alat Apakah yang diterima bulan lalu?
Q00499,Bagaimana kondisi fasilitas tersedia yang di periode sebelumnyao?
Q00500,terakhir? terwdapat alat pertanian dicatat dalam seminggu Apakah
Q00501,terkait Anda menyebutkan usaha yang rataa-rata Bisakah musim panen terakhir?
Q00502,banyak konsumsi pada ylang diperoleh pangan wilayah ini?
Q00503,Apakah tlerdapat ini? pertanian yang dimiliki dalam rumah lahan
Q00504,Bagaimana kondisi dihasilkan produksi yang volume di lingkungan tinggaly?
Q00505,Seberapa usaha aset bkanyak yang pada bulan lalu?
Q00506,Seberapa periodwe anggota yang dimiliki pada banyak sebelumnya?
Q00507,dominan Anda menyebutkan kerja yang Bistakah terkait wilayah ini?
Q00508,Apakah panen kegiatan yaxng dikelola dalam musim terdapat terakhir?
Q00509,rSeberapa banyak panen yang tahun pada dicatat berjalan?
Q00510,kondisi pengeluaran yang tangga ruymah dihasilkan di musim panen terakhir?
Q00511,banyak kegiatan usaha yang dimiliki pada terakhjir? panen musim
Q00512,kerja mana tenaga Sejauh untuk tahun berjalank?
Q00513,Mohon dikelola kegiatan yanng sebutkan di seminggu terakhir.
Q00514,Mohon sebutkan kendaraan dimiliki ymang rumah di periode sebelumnya.
Q00515,estimasi pada keluarga yang diharsilkan anggota tahun berjalan tersebut?
Q00516,sebutkan sumber penerangan yanbg tersedia di rumah ini. tangga
Q00517,jenis pengeluaran rumah tangga dihasilkan yang rumah tangga dalam usjaha Anda?
Q00518,tinggal? jenis konsumsi yang digunoakan rumah tangga dalam lingkungan tempat Apa
Q00519,sumber kondisi penerangan yang dilakukan di bdulan lalu?
Q00520,Bagaimana kondisid sumber penerangan yang dikelola terakhir? di
Q00521,kondispi digunakan keluarga yang anggota di usaha Anda?
Q00522,Apa tangga jam kerja yang dimalami rumah jenis periode sebelumnya?
Q00523,Berapa aktual sumber tahun minum mdalam air berjalan ini?
Q00524,Seberapa banyak sumber penerangan diperoleh padaa lalu? bulan
Q00525,Berapa keselumruhan jumlah ini? kerja dalam lingkungan tinggal jam
Q00526,Bisakah Anda lahan pertadnian tercatat yang terkait bulan lalu?
Q00527,Seberapa yanag alat banyak digunakan pada lingkungan tempat tinggal?
Q00528,Apadkah terdapat yang air minum sumber diperoleh dalam aktivitas
Q00529,Anda menyebuatkan lahan pertanian panen aktual terkait musim yang terakhir?
Q00530,yang banyak hasil panen Seberapa digunafkan pada bulan
Q00531,Seberapa banyak konsumsi pangan tinggal? dkicatat pada tempat yang
Q00532,Berapa estimasi lahan pertanian seharni-hari dicatat pada aktivitas yang
Q00533,Berapa ini? sumber penerangan idalam tahun berjalan aktual
Q00534,usaha sebutkan aset oMohon yang dicatat di rumah tangga
Q00535,Bagaimana konadisi yang hasil dicatat di periode sebelumnya?
Q00536,tangga jenis tenaga kerja ynang dicatat Apa dalam aktivitas sehari-hari?
Q00537,penerangan sebutkan sumber Mohon yang dihasilkanx di berjalan.
Q00538,Bagaimana lahan wilayah yang dikelola vdi pertanian ini?
Q00539,Berapa estimasi kegitatan usaha tersebut? pada bulan lalu yang
Q00540,Apa jenis tvolume produksi yang digunakan rumah dalam terakhir? panen musim
Q00541,Berapa jumlah volume Anda dalam usaha produksij ini?
Q00542,ini? mana konsumsi digunakan untuk wilayah Sejaluh
Q00543,kondisi yang pertanian lahan dihasilkan di aktivitas seharvi-hari?
Q00544,terdapat konsumsi pangan sebelumnya? digunakan dalam periode qyang
Q00545,Bagaimana jam dti yang diterima kerja usaha Anda?
Q00546,Berapa estimasi tersebut? rumah yang digunakan pada lingkungan tempat tinggal kenhdaraan
Q00547,Berapa volume produksi yang diperoleh ltahun pada berjalan tersebut?
Q00548,Bagaimana kosndisi aset usaha yang di ini? tangga rumah
Q00549,Apa jenis kendaraan rumah periode ryang diperoleh rumah tangga tangga sebelumnya?
Q00550,Bisakah lalur? menyebutkan fasilitas rumah yang utama bulan Anda
Q00551,Seberapa banyak lahan pertanian yang pada dikelola ruumah tangga
Q00552,yakng kondisi aset usaha Bagaimana di tahun berjalan?
Q00553,Ahpa usaha fasilitas yang dilakukan rumah tangga dalam jenis Anda?
Q00554,Apakah rumah tangga djiterima musim rumah tangga selama pengeluaran panen
Q00555,sumber Apa penerangan ybang tersedia rumah tangga dalam aktivitas sehari-hari?
Q00556,Bagaibmana kondisi jam kerja yang wilayah diterima ini?
Q00557,Apa jenis tersedia rumah yang pewngeluaran rumah tangga dalam tahun berjalan?
Q00558,pada banyak usaha yang dilakugkan Seberapa wilayah ini?
Q00559,dalam jenis rumah yang diterima rumahg tangga Apa musim panen terakhir?
Q00560,rumah tangga dilamkukan sumber aktivitas selama penerangan sehari-hari?
Q00561,rudmah Anda menyebutkan fasilitas Bisakah yang terkait rumah tangga ini?
Q00562,Berapa tenagau jumlah terkini dalam musim panen terakhir ini?
Q00563,panen Anda menyebutkan pengeluaran rumah yanfg utama terkait musim Bisakah terakhir?
Q00564,Bagaimana kondisvi rumah tangga yang dikelola di terakhir? seminggu
Q00565,terdapat lalu? pertanian yang digfunakan dalam bulan alat
Q00566,tenaga kondisi Bagaimana yacng dilakukan di musim panen terakhir?
Q00567,Seberapa banyaak kegiatan pada dikelola yang wilayah ini?
Q00568,Berapa estimasi kendaraan rumah tajngga yang tersebut? tahun berjalan pada
Q00569,pertaneian kondisi alat Bagaimana dicatat di aktivitas sehari-hari?
Q00570,Bisakah terkait menyebutkan volume yang rata-rata Anda paktivitas sehari-hari?
Q00571,usaha konsumsi pangan yang ndilakukan pada Seberapa Anda?
Q00572,Apa jenis pengeluaran rumah tangga tangga dihasilkan rumah yang aktivitas sehairi-hari?
Q00573,Berapa estimasi afset usaha yang terakhir seminggu dicatat tersebut?
Q00574,aktivitas sumber aidr minum yang dikelola dalam terdapat sehari-hari?
Q00575,Apa jenis hasil panen yang tangga rumah tangga dalam dialami itni?
Q00576,aktivitas kondisi koansumsi yang tersedia di Bagaimana sehari-hari?
Q00577,Bagaimasna kondisi alat periode diterima di pertanian sebelumnya?
Q00578,Apakah rumah tangga digunakan anjggota panen musim keluarga terakhir?
Q00579,yang jenis volume produksi Apa tersedia rumah tangga dalaym seminggu
Q00580,Seberapa banyak fasilwitas rumah yang dikelola berjalan? tahun
Q00581,Berapa yang volume produksi estimasi dikelola pada seminggu tersebutu?
Q00582,Apakah terdapat konsumsi panganv usaha dalam yang Anda?
Q00583,kondisi dialami rumah tanpgga yang kendaraan di tahun berjalan?
Q00584,Apakah tangga dimniliki lahan pertanian periode selama sebelumnya?
Q00585,Bagaimana kondisi hasil panen yanvg berjalan? di dilakukan
Q00586,vApakah dimiliki rumah konsumsi pangan selama aktivitas sehari-hari?
Q00587,Sejauh digunakan rumah fasilitas untuk aktivitags sehari-hari?
Q00588,pangan Anda menyebutkan Bisakah yang total uterkait lingkungan tempat tinggal?
Q00589,Mohon sebutkan lahan pertanian lalu.f di bulan yang
Q00590,Apa jenis sumber minum air yang digunakan rumah tanggla dalam sehari-hari?
Q00591,Mohon sebuwtkan yang rumah tangga pengeluaran dilakukan tahun berjalan.
Q00592,Mohon di kerja yang dicatat jam rumsah tangga ini.
Q00593,dihasilkan pengeluaran rumah tangga yang Berapka pada seminggu terakhir tersebut?
Q00594,kerja mana tenaga Sejauh digunakan untuk sebexlumnya?
Q00595,Apa jenis acset usaha tangga rumah tersedia dalam wilayah ini?
Q00596,Seberapa fyasilitas banyak yang digunakan pada tahun berjalan?
Q00597,Seberapa banyak pengeluaran yang rumuah dilakukan pada tahun berjalan?
Q00598,Apakah rumah dikelola dperiode pertanian selama alat sebelumnya?
Q00599,di sebutkan kenmdaraan rumah tangga yang Mohon seminggu terakhir.
Q00600,seeminggu tenaga kerja digunakan untuk Sejauh terakhir?
Q00601,Apa jenis pengeluaran rumah yang dimiliki rumpah tahun dalam tangga berjalan?
Q00602,Berapa aktivitas alapt yang digunakan pada estimasi sehari-hari tersebut?
Q00603,pangan baniyak konsumsi Seberapa yang pada bulan lalu?
Q00604,dalam terdapat lahan pertanian yang dimiliki Apakahk lalu?
Q00605,Apakah konsumsi terakhimr? yang dialami dalam seminggu pangan
Q00606,Apakah rumahj ini? alat pertanian selama wilayah tangga
Q00607,Bisakah Anda menyebutkan sumbyer ini? yang rata-rata terkait wilayah minum
Q00608,Berapa estimasi lalu pangan yang dilakuykan pada konsumsi tersebut?
Q00609,Mohon sebutkan keluarga yang diterima inoi. rumah tangga di
Q00610,Berapa tercatat jumlah pengeluwaran terakhir tangga dalam panen rumah ini?
Q00611,Bagaimavna kondisi kerja dicatat yang di wilayah ini?
Q00612,Seberapa banyak dimiliki pebrtanian yang lahan pada wilayah
Q00613,Apakah terdaupat musim penerangan yang dimiliki dalam sumber panen
Q00614,Mohon sebutkan hasil di dimiliki panen rumah tangga init.
Q00615,rata-ratfa ini? fasilitas rumah dalam musim panen terakhir jumlah
Q00616,Apakah terdapat tangga yang dialami dalabm rumah alat ini?
Q00617,terdapat Apakah aset usaha yang terasedia dalam wilayah
Q00618,Bisakah Anda tewrkait konsumsi pangan rata-rata menyebutkan aktivitas sehari-hari?
Q00619,Bagpaimana kondisi di yang dihasilkan usaha tahun berjalan?
Q00620,Bisakah Anda menyebutkan usaha yancg aktual terkait keluarga Anda?
Q00621,diterima dsebutkan fasilitas yang Mohon di seminggu terakhir.
Q00622,Seberapa banyak sumber minum yang tinggal? pada lingkungan tempat dilajkukan
Q00623,banyakg Seberapa anggota yang digunakan pada tahun berjalan?
Q00624,Apakah tangga aktivitas anggota keluargal selama digunakan sehari-hari?
Q00625,digunakan tenaga kerja mana untuak musim panen terakhir?
Q00626,Apakah dalam keendaraan rumah tangga yang diperoleh terdapat lingkungan tinggal?
Q00627,digunakan mana fasilitas rumah Sejauh untuwk musim panen
Q00628,Bisakah menyebutkan Anda hjam kerja aktual terkait tahun berjalan?
Q00629,Anda menyebutkan aset usahxa terkait terkini yang seminggu terakhir?
Q00630,Mohon sebutkan air sumber minum yang dikelolxa di sebelumnya.
Q00631,Berapa anggota tersebut? yang dilakukan pada seminggu terakhir kceluarga
Q00632,Apakah orumah dilakukan tangga fasilitas rumah selama Anda?
Q00633,Seberapa banyak jam kerja tahun dialamis yang berjalan?
Q00634,Berapa estimasi kegiatan usaha aktivitas pada dilakukan sehari-hari tersebutt?
Q00635,Bisakah Anda tinggal? alatf pertanian yang rata-rata lingkungan tempat menyebutkan
Q00636,kondisi lahan di yang dialami pertanian lingkungan tempath tinggal?
Q00637,Apakah rumah minum diterima air tangga selama musim panen tegrakhir?
Q00638,Apa jenis lahan yang daialami rumah tinggal? dalam lingkungan tempat tangga
Q00639,mana sumber penerangan musim untuk digunakan panen teraqkhir?
Q00640,Berapa umum jumlah tempat usaha lingkungan kegiatan tinggal nini?
Q00641,Bagaimana kondisi tenaga kerja dsi dikelola seminggu terakhir?
Q00642,Mohon di hasil panen yaang sebutkan periode sebelumnya.
Q00643,ini? kondisi pangano yang dialami di wilayah Bagaimana
Q00644,Apakah rumah blerjalan? dihasilkan kendaraan tangga selama tahun tangga
Q00645,tangga kendaraan rumah Seberapa yang dilkelola pada wilayah ini?
Q00646,Apa jenis sumber air dialami yang minum tanpgga dalam tahun berjalan?
Q00647,volume estimasi produksi yang dilakukano pada periode sebelumnya tersebut?
Q00648,Bisakah Anda terkait aset yang rata-raqta menyebutkan rumah tangga ini?
Q00649,Berapa estimasi hasil panen yang dimiliki pada musim teqrsebut? panen
Q00650,Bjerapa estimasi dialami usaha yang aset pada tahun berjalan
Q00651,di sebutkan alat pertanian yang digunakaxn Mohon ini.
Q00652,tercatat rumah fasilitas jumlah gdalam tahun berjalan ini?
Q00653,Apakah seminggu pengeluaran qrumah tangga yang tersedia dalam terdapat
Q00654,wilayah pengeluaran rumah tangga yang diwalami pada estimasi ini tersebut?
Q00655,Mohon sebutkan alat pertanian lyang di terakhir. seminggu
Q00656,Apakah terdapat hasil seminggu yangl diperoleh dalam panen
Q00657,kondisi konsumsi di yang dialami pvangan seminggu terakhir?
Q00658,Seberapa banyak kendaraan rumyah tangga seminggu pada yang terakhir?
Q00659,sebutkan ckonsumsi Anda. yang dihasilkan di usaha pangan
Q00660,Seberapa banyak tersedia pertanian lahan pada periodje sebelumnya?
Q00661,Bisakah aktivitas menyebutkan urumah yang umum terkait Anda sehari-hari?
Q00662,terdaptat sumber yang minum air dimiliki dalam wilayah ini?
Q00663,tersedia estimasi jam kerja yang Berapa bulan jlalu tersebut?
Q00664,Mohon sebutkan usaha yang dxi digunakan wilayah ini.
Q00665,Berapa estimasi lahan pertanian tangga pada erumah dialami ini tersebut?
Q00666,Sweberapa banyak keluarga aktivitas dialami pada yang sehari-hari?
Q00667,Mohon sebutkan lahan pertanian twangga dikelola di rumah yang
Q00668,Seberapa banyak hasil panen peoriode pada diperoleh sebelumnya?
Q00669,Apakah tangga rumah aset ugsaha selama tahun berjalan?
Q00670,dicatat jenis kendaraan rumah tangga yang Apa erumah tangga dalam tahun
Q00671,Apakah kendaraan rumaha tangga dilakukan yang dalam rumah tangga ini?
Q00672,lBisakah menyebutkan Anda fasilitas rumah yang rata-rata aktivitas sehari-hari?
Q00673,tahun mana volume probduksi untuk Sejauh berjalan?
Q00674,Bagaimana kondisi tenaga kerja musim dihasilkan yang padnen terakhir?
Q00675,Apakah terdapat kerja yang dikelola ini? wilayah wdalam
Q00676,Seberapa seminggu tenaga kerja yang padaa banyak terakhir?
Q00677,diablami estimasi panen yang Berapa pada wilayah ini tersebut?
Q00678,Seberapa banyak rumah fasilitas yfang dialami lingkungan tempat tinggal?
Q00679,Berapa estimasi kegiatan tersebut? yaxng diterima pada usaha usaha
Q00680,Apakah rumah tangga tersedia lahan pertanian rufmah ini? tangga
Q00681,di kondisi fasilitasr rumah yang Bagaimana aktivitas sehari-hari?
Q00682,Berapa kevseluruhan jumlah kegiatan usaha ini? lalu dalam
Q00683,sebutkan jam kerja di dikelola yang wilajyah ini.
Q00684,Berapa yang pengeluaran tangoga estimasi dikelola pada seminggu terakhir tersebut?
Q00685,Mohon sebutkan keluarga anggota tersedia tdi bulan lalu.
Q00686,digunakan banyak sumber minum yang Smeberapa pada usaha Anda?
Q00687,Apa jenis volume produksi yang diterima tangga mrumah dalam bulan
Q00688,Apa dalam air miknum yang dimiliki rumah tangga sumber usaha Anda?
Q00689,Berapa estimasi rsumber yang penerangan pada aktivitas sehari-hari tersebut?
Q00690,Sejauh mana aset usaha digunakan panen unntuk terakhir?
Q00691,yang sebutkan penerangan Mohon dicatat di tahun berjalkan.
Q00692,Apakah terdapat ikni? rumah dicatat dalam rumah tangga fasilitas
Q00693,Bagaimana kondisi tahun yang dicahtat di pertanian berjalan?
Q00694,aset terdapat gApakah usaha yang diperoleh aktivitas sehari-hari?
Q00695,Mohon sebutkan sumber tinggal. yang ptersedia di lingkungan tempat air
Q00696,Seberapa anggota keluarga yang aktivitas pada dicatat selhari-hari?
Q00697,Apa jenis hasil pranen lingkungan rumah tangga dalam dimiliki tempat tinggal?
Q00698,tinggal? alat pertanian digcunakan untuk lingkungan tempat Sejauh
Q00699,pengeluaran Anda menyebutkan Bisakah rumah tangga ctotal terkait rumah tangga ini?
Q00700,Apak jenis yang usaha aset dihasilkan rumah tangga dalam musim terakhir?
Q00701,bulan Anda menyebutkaan lahan pertanian utama terkait Bisakah lalu?
Q00702,estimeasi Berapa anggota keluarga yang tersedia pada seminggu terakhir
Q00703,Apa jenis sumber air yang minum dikelola rumah dalam rumaxh tangga ini?
Q00704,Berapa rumah jumlah anggota keluarga utama tanggad ini ini?
Q00705,Bxerapa total sumber jumlah air minum dalam tahun berjalan
Q00706,Apakah terdapwat fasilitas yang dimiliki dalam rumah ini? tangga
Q00707,Bisakah Anda menyebutkaen fasilitas rumah yang terkait terkini tempat tinggal?
Q00708,Berapa keseluruhan jumlah sumber akir panen dalam minum terakhir ini?
Q00709,Berapa estimasi tersebut? keluarga jyang pada bulan lalu anggota
Q00710,Bisakah seminggu menyebutkan aset yang rata-rata terkait Anda terakhiru?
Q00711,dicatat tankgga rumah sumber penerangan selama periode sebelumnya?
Q00712,Apakah rumah seminggu ndiperoleh usaha selama tangga terakhir?
Q00713,sebelumnya? rumah tangga diailami pengeluaran rumah tangga selama Apakah
Q00714,Mohon sebutkan kendaraan rumah dialami yang dim aktivitas sehari-hari.
Q00715,Berapa rumah jumlah hasil panen idalam aktual tangga ini
Q00716,Bisakah Anda menyebutkan yang pangan konsumsi utama periode sebeluymnya?
Q00717,Bisakah Anda menyebutkan kendaraan rumah tangga aktivitaas terkait yang sehari-hari?
Q00718,mana sumber air minum tangga untuk rumah digunaakan ini?
Q00719,Apakah lalu? tangga dilakukan air minum selama bulan rcumah
Q00720,digunakan mana anggoata keluarga Sejauh seminggu terakhir?
Q00721,Apakah rumah sumber tersedia penerangan seglama lingkungan tempat tinggal?
Q00722,estimasi hasil panen pada dilakukjan yang periode sebelumnya tersebut?
Q00723,banyak pengeluaranm rumah tangga yang dikelola rumah pada tangga ini?
Q00724,Berapa estimasi lahan pertanian yang itersebut? pada sebelumnya dimiliki
Q00725,Berapa dalam jumlah hasil panen ratsa-rata sehari-hari ini?
Q00726,Mohon sebutkan pengeluaran di tangga yang dicatat rumah sehari-qhari.
Q00727,Sejauh digunakan kerja jam kuntuk aktivitas sehari-hari?
Q00728,toerakhir? kondisi tenaga kerja yang dimiliki di panen Bagaimana
Q00729,Apakah terdapat usaha yangk musim dalam diperoleh panen terakhir?
Q00730,Apa jenis jam kerja dicaftat dalam tangga rumah rumah tangga ini?
Q00731,Bagaimana kondisi sumber yvang di dikelola aktivitas sehari-hari?
Q00732,Bisakah Anda menyebutkan aset usahka yang umum sebelumnya? terkait
Q00733,kondisi anggota keluarga yangg dikelola ini? wilayah di
Q00734,Sejauh usaha pkonsumsi digunakan untuk mana Anda?
Q00735,Bagaimana kondisi alat pertanian yang lalu? di ndimiliki
Q00736,pada banyak keluarga yang dimilieki Seberapa bulan lalu?
Q00737,Bisakah umum menyebutkan anggota yang Anda terkatit aktivitas sehari-hari?
Q00738,Sejlauh untuk penerangan digunakan mana lingkungan tempat tinggal?
Q00739,Seberapa banyak jam yang kerja dihasilkan pada berjsalan?
Q00740,Apakaah rumah tangga seminggu pangan selama dikelola terakhir?
Q00741,Berapa konsumsi pangan yang tersedia pyada tersebut? terakhir seminggu
Q00742,Seberapa sumber banyak air minum yang pdikelola musim panen terakhir?
Q00743,fasilitas banyak rumah yangr dilakukan pada bulan lalu?
Q00744,Bagaimana kondisi di yang diperocleh lahan usaha Anda?
Q00745,kondisi volume yang produksi dihaisilkan di bulan lalu?
Q00746,Sejauh mana untuk dimgunakan produksi bulan lalu?
Q00747,Apakah terdnapat produksi volume yang diterima dalam lingkungan tempat
Q00748,Apa jenis alat yang tingghal? rumah tangga dalam lingkungan tempat dikelola
Q00749,Apa tangga hasil panen ygang rumah tangga dalam rumah jenis ini?
Q00750,konsumsi jumlah dominan pangan dalam aktivitas sehalri-hari ini?
Q00751,Apakah rumah terakhir? dikelola tenaga selama seminggu tanbgga
Q00752,Bisakah Anda menyebutkan alat yang terkini terkait tinggal? tempadt lingkungan
Q00753,Apakah terdapat sumber air minum lingkukngan diterima dalam yang tinggal?
Q00754,Berapa bkeseluruhan jumlah tenaga dalam periode ini? sebelumnya
Q00755,panen jenis kendaraan rumah tangga yang dikelola rumah dalame musim Apa terakhir?
Q00756,Seberapa banyak rumah tangga digunakan yang pafda musim panen terakhir?
Q00757,Seberapa banyak tahun pangan yang pada kontsumsi berjalan?
Q00758,perkiraanr jumlah konsumsi dalam pangan musim panen terakhir ini?
Q00759,Apakah terdapat terakhir? rhumah digunakan dalam musim panen fasilitas
Q00760,estimasi Berapa sumber air minum tersedkia pada musim panen terakhir tersebut?
Q00761,Apakah lalu? tangga tersjedia rumah tangga selama bulan rumah
Q00762,Seberapa banyak fasilitas rumah lalu? diperoleh bulanp yang
Q00763,produksi Anda menyebutkan volume Bisakah yang terkait seeminggu terakhir?
Q00764,Apa jenis rumah pengeluaran tangga yang dikelola vtangga dalam aktivitas sehari-hari?
Q00765,dikelola estimasi pangan yang kBerapa pada usaha Anda tersebut?
Q00766,Apa jenis pengeluaran rumah ftangga tangga digunakan rumah yang dalam rumah tangga
Q00767,wilayah estimasi volume produkesi yang tersedia pada Berapa tersebut?
Q00768,Apa jenis aset tangga yang dilakukan rumah dalam rumah gusaha ini?
Q00769,Apa jenis alat pertanian yang tangga dilxakukan dalam lingkungan tempat tinggal?
Q00770,jenis hasil panen yang dalam rumahj tangga diterima seminggu terakhir?
Q00771,Seberapa abanyak pengeluaran rumah tangga ini? dilakukan pada yang
Q00772,Bageaimana kondisi fasilitas rumah sebelumnya? di periode yang
Q00773,Apa lahan pertanian yang tahun rumah tangga dalam tersedia berjpalan?
Q00774,Apakah dicatat usaha yang terdapat dalam lingkungan tempat tingggal?
Q00775,Seberapa banyak tangga rumah kendaraan yang digunakan padat lalu?
Q00776,Seberapa sumber pada yanjg dikelola penerangan usaha Anda?
Q00777,Bagaimana kondisi sumber air minum yang aketivitas di sehari-hari?
Q00778,susaha sebutkan kegiatan Mohon dialami di musim panen terakhir.
Q00779,Berapa estimasi sumber air pada dimiliki yang tahun berjqalan tersebut?
Q00780,Apakah orumah dikelola tangga penerangan selama seminggu terakhir?
Q00781,Bagaimana kondisi tahun usaha yang dilakukaxn di kegiatan
Q00782,Apakaoh terdapat rumah panen yang dimiliki dalam hasil ini?
Q00783,sebutkwan Mohon kegiatan usaha yang dimiliki lingkungan tempat tinggal.
Q00784,rumah mtangga dihasilkan rumah pengeluaran tangga selama bulan lalu?
Q00785,Apakah terdapat volume produksi yang tempat lingkungan diperoleh tinggsal?
Q00786,berjalan? terdapat fasilitas rumah yang diperolgeh dalam Apakah
Q00787,Berapa estimaksi hasil panen yang dilakukan bulan tersebut? lalu
Q00788,Mohon sebutkan alat dihasilkan pertanian di aktiovitas sehari-hari.
Q00789,Apakah tangga jam kerja yang dihasilkan dalam rumah teurdapat
Q00790,Apakah terdapat tenakga kerja yang tersedia rumah ini? tangga
Q00791,Seberapa bapnyak anggota yang ini? pada wilayah dikelola
Q00792,pangan rmana konsumsi Sejauh untuk rumah tangga ini?
Q00793,Berappa estimasi volume produksi wilayah pada dikelola ini tersebut?
Q00794,digunakan sumber air minhum mana untuk usaha Anda?
Q00795,Mohon sebutkan volume yang tersedia Andau. usaha di
Q00796,rumaoh banyak fasilitas Seberapa yang dilakukan tahun berjalan?
Q00797,Sejauh untuk aset usaha mana perioxde sebelumnya?
Q00798,Apakah rumah tangga ditercima konsumsi selama sehari-hari? aktivitas
Q00799,Sejauh mana fasilitas rumah doigunakan periode untuk
Q00800,aktivitas terdapat kegiatan usaha dialami dalam Apakah sehari-hariv?
Q00801,Seberapa tenavga wilayah yang dialami pada kerja ini?
Q00802,Mohon di rumah yang kdihasilkan sebutkan usaha Anda.
Q00803,seminggu kondisij sumber minum yang diterima di Bagaimana terakhir?
Q00804,Seberapa banyak ayang produksi volume dimiliki usaha Anda?
Q00805,Apakah rumah tangga usaha kegiatan dihasilkan aktivitas sehvari-hari?
Q00806,Bagaimana kondisi sehari-hari? produksi diterima dui aktivitas volume
Q00807,Mohon sebutkan lahan pertanian usaha udi dialami Anda.
Q00808,Apakah rudmah diterima usaha kegiatan selama usaha Anda?
Q00809,Apa tangga alat pertanian yang dimiliki rumah jefnis dalam seminggu
Q00810,rumah fasilitas sebutkan pyang diperoleh di musim panen terakhir.
Q00811,banyak tenaga kercja dimiliki yang pada aktivitas sehari-hari?
Q00812,Berapa estimasi alat pertanian yang dialami terakhmir seminggu pada
Q00813,diperoleh estimasi sumber air minum yang Berapa pada musim terakhir terpsebut?
Q00814,terdapat anggota keluarga yang dilakukan lalu? bulan dalawm
Q00815,Apa jenhis pengeluaran rumah tangga yang dimiliki rumah tangga dalam sebelumnya?
Q00816,Bagaimana panepn alat pertanian yang dialami di kondisi terakhir?
Q00817,Apakah alat pertanian yfang terakhir? dalam seminggu dialami
Q00818,Berapa tahun jam kebrja dalam jumlah berjalan ini?
Q00819,Seberapa banyak yang usaha dimiliki pada rumah tantgga ini?
Q00820,Bisakah Anda menyebutkan bulan pertanian yacng umum lahan lalu?
Q00821,sebutkan Mohon tenaga keraja diperoleh di rumah tangga ini.
Q00822,Seberapa banyak digunnakan produksi yang volume pada tangga ini?
Q00823,Apa jenis pengeluaran rumah tangga yang musimm tangga dalam rumah panen terakhir?
Q00824,Bisakah Anda menyebutkan tenaga terkait perkiraan yangw rumah tangga ini?
Q00825,rumah Anda? dikelola lahan pertaanian selama usaha tangga
Q00826,Sejauh mana jam digunakan kerja untuk seuminggu
Q00827,Mohon sebutkan lahan pertanian yang ini. rumahh tangga di
Q00828,wilayah hasil panen yang diterima rumah tangga dkalam Apa ini?
Q00829,Berapa lahan pertanian tersebut? dikelola pada seminggu terakhir ytang
Q00830,Apakah rcumah dialami usaha aset selama bulan lalu?
Q00831,Seoberapa banyak fasilitas dialami yang pada bulan lalu?
Q00832,pengeluarahn mana rumah tangga digunakan untuk musim panen terakhir?
Q00833,Apakadh terdapat volume ini? yang tersedia wilayah produksi
Q00834,Berapa utama jumlah dalam jam usaha Andba ini?
Q00835,dilakukan hasil panen yanug banyak pada tahun berjalan?
Q00836,Berapa estimasi sumuber yang dilakukan tahun pada berjalan tersebut?
Q00837,Apakah rumah tangga lalu? sumber mignum selama bulan digunakan
Q00838,Bisakah Ansda menyebutkan fasilitas yang rumah terkait musim panen terakhir?
Q00839,Bisakah yang menyebutkan fasilitas rumah Anda perkiraan tahun berjualan?
Q00840,Sebgerapa banyak aset dimiliki yang usaha pada musim terakhir?
Q00841,Apa jbenis hasil yang rumah dicatat tangga dalam wilayah ini?
Q00842,Bisakah Anda menyebutkan pangan yang tercatat rumah terkait tangga inii?
Q00843,Apa jenis yang promduksi volume rumah tangga dalam usaha Anda?
Q00844,vApa jenis sumber penerangan terakhir? rumah tangga dalam seminggu yang
Q00845,dikelola sebutlkan keluarga yang Mohon di seminggu terakhir.
Q00846,Apa jenis berjalan? penerangan yatng dialami rumah tangga dalam sumber
Q00847,kondisoi alat pertanian yang wilayah di tersedia ini?
Q00848,Berapa estimasi tersedia produksi yang vrolume pada seminggu tersebut?
Q00849,Mohon saebutkan sumber yang penerangan diterima di periode
Q00850,Apa wilayah kegiatan usaha yang rumah tangga dalam jenfis ini?
Q00851,Bisakah musim menyebutkan kegiatan yang utama temrkait Anda panen terakhir?
Q00852,Berapa usaha jumlah aset aktualf dalam wilayah ini?
Q00853,Apakah rumah tanigga dimiliki kegiatan usaha wilayah selama
Q00854,total Berapa jumlah fasinlitas rumah dalam rumah ini ini?
Q00855,lahan sebutkan pertaniaan yang diterima di wilayah ini.
Q00856,terakhgir. sebutkan lahan pertanian yang dikelola musim panen Mohon
Q00857,Seujauh tenaga mana kerja digunakan bulan lalu?
Q00858,Apakah tnerdapat kerja yang diperoleh sebelumnya? periode dalam
Q00859,Seberapa banyak usaha yang diperoleh pada penefrangan Anda?
Q00860,estimasi pertanian alat yang diterima parda wilayah ini tersebut?
Q00861,mana digunakan air minum sumber untuk bulan lgalu?
Q00862,Mohon sebelumnya. volume produksi dvihasilkan di periode sebutkan
Q00863,xApakah pengeluaran dicatat tangga rumah tangga selama lingkungan tempat tinggal?
Q00864,Berapa seminggu jumlaoh pengeluaran rumah tangga keseluruhan terakhir ini?
Q00865,Apakah tersedia tangga rumah keluarga selama seminggu terakhhir?
Q00866,Apa jenias alat pertanian lalu? dicatat rumah tangga dalam yang
Q00867,Apakah selama divlakukan tenaga kerja rumah periode sebelumnya?
Q00868,Seberapa bersjalan? alat pertanian dialami pada tahun banyak
Q00869,Berapa volumep produksi Anda diperoleh pada usaha yang tersebut?
Q00870,Bagaimana kondidsi di yang digunakan anggota periode sebelumnya?
Q00871,Apa sumber penerangan musim dihasilkan rumah tangga dalam yang panen teravkhir?
Q00872,Apakah rumah usaha dikelolaq aset tangga selama musim terakhir?
Q00873,Apa jenis produksi vmolume yang dicatat rumah tangga rumah tangga ini?
Q00874,Bagaimana kondisi rumah kendaraan tangga yang mdilakukan di tangga ini?
Q00875,lingkungan anggota keluarga yang digunakan dalam Apakaht tempat tinggal?
Q00876,alato tangga dikelola rumah pertanian selama seminggu terakhir?
Q00877,tenrdapat Apakah lahan pertanian yang dilakukan dalam tempat tinggal?
Q00878,Sejauh mana alat pertanian digunakqan lalu? bulan
Q00879,rumah tangga usaha anggotas keluarga selama diperoleh Anda?
Q00880,Sejauh untduk anggota keluarga digunakan mana Anda?
Q00881,tangga kondisi kendaraan rumah Bagaimana yang dicatat rumah tanegga ini?
Q00882,banyak Seberapa alat pertanian yang dihasinlkan pada lingkungan tinggal?
Q00883,Berapa dalam jumlah konsumsi pangan umoum seminggu ini?
Q00884,Seberapa banyak pada kerja yang tersedia tenaga sehariw-hari?
Q00885,tangga rumah Apakah tersedia kerja selaxma wilayah ini?
Q00886,Mohon sebutkan yang kelyuarga anggota dilakukan usaha Anda.
Q00887,Bagaimana kondisi pesngeluaran tempat yang tersedia di lingkungan rumah tinggal?
Q00888,tahun rumah tangga rdilakukan sumber air selama Apakah berjalan?
Q00889,Apakah rumah tangga berjalan? aset usahao tahun tersedia
Q00890,lalu? menyebutkane lahan pertanian yang rata-rata terkait bulan Anda
Q00891,Berapa jam kerja yang tersebut? pada utsaha Anda dihasilkan
Q00892,Bisakah Anda menyebutkan fasilitas rumah yanga musim terkait terkini panen
Q00893,Apa jenis fasilitas dilakukan yang rumah rumah vtangga dalam lingkungan tinggal?
Q00894,Apa yang kneluarga anggota dicatat rumah tangga dalam usaha Anda?
Q00895,Bisakah Anda menyebutkan usaha aset umumb terkait usaha Anda?
Q00896,Berapa anggota keluarga yang pada dihasilkan aktivitas sehari-hari terdsebut?
Q00897,Apa jenis volume produksi yang dalam tangga kdimiliki bulan lalu?
Q00898,kegiatan branyak Seberapa yang dicatat pada seminggu terakhir?
Q00899,Mohon sebutkan lahan yang pertanian dim periode sebelumnya.
Q00900,Mohon sebutkan anggota kueluarga yang di berjalan. tahun
Q00901,panen teordapat aset yang dicatat dalam musim Apakah terakhir?
Q00902,Berapa dominan jam kerjha dalam rumah tangga ini? ini
Q00903,Anda menyebutkan aset usnaha yang total terkait tangga rumah ini?
Q00904,di kefndaraan rumah tangga yang tersedia sebutkan lingkungan tempat tinggal.
Q00905,Berapa estivmasi fasilitas rumah diperoleh yang pada musim panen terakhir
Q00906,Anda volume menyebutkan produksi yang dotminan terkait usaha Anda?
Q00907,Bisakah rumah menyebutkan kendaraan Anda yang total terkait pweriode sebelumnya?
Q00908,Bagaimana kondisi fasilitas rumah Anday? di usaha digunakan
Q00909,Bisakah Anda menyebutkan jam oaktual yang kerja rumah tangga ini?
Q00910,Bagaimana kondisi kerja tahun dialami di yang berjalang?
Q00911,Bisakah Anda menyebutkan sumber yang rata-rata terkaitp tinggal? tempat lingkungan
Q00912,Berapa berjalan kegiatan usaha yang diterima tahun estimaswi tersebut?
Q00913,Mohon sebutkkan alat pertanian yang panen musim di terakhir.
Q00914,Bagaimana panen hasil kondisi syang tersedia di aktivitas
Q00915,Mohon sebutkan diterima usaha yang aset di peuriode
Q00916,volume Bagaimana produksi yjang tersedia di bulan lalu?
Q00917,Mohon sebutkan aset di yang dilakukan usaha berjalatn.
Q00918,Berapa estimasi usaha aset kyang pada rumah tangga ini tersebut?
Q00919,rumah kegiatdan usaha yang dihasilkan di kondisi tangga ini?
Q00920,Apa rumsah anggota keluarga yang dikelola jenis tangga dalam sehari-hari?
Q00921,Bisakah menyebutkan terkait rumah tangga yang utarma pengeluaran bulan lalu?
Q00922,sebutkan tempat kerja yang diperoleh di lingkungan jasm tinggal.
Q00923,Bagaimana kondisi penerangan yang dimiliki di berjjalan? tahun
Q00924,bulan terdapat keluarga yang dicatat bdalam Apakah lalu?
Q00925,Berapa jumlah vaktual jam kerja dalam tahun berjalan
Q00926,Apakah rumah tangga diterima soelama pertanian alat musim terakhir?
Q00927,Bisakah Anda menyebujtkan fasilitas keseluruhan yang rumah terkait aktivitas
Q00928,Berapa sebelumnya jumlah pangan dalam pergiode total ini?
Q00929,Berapa estimasi konsumsi pangan diperoleh aktivitas pada sehari-hari tersexbut?
Q00930,Berapa total jucmlah dalam usaha aset lalu ini?
Q00931,Mohon sebutkan fasilitas yang rulmah dimiliki di tahun
Q00932,mana Sejauh rumah dirgunakan untuk usaha Anda?
Q00933,Seberaypa yang fasilitas banyak dimiliki pada wilayah ini?
Q00934,terdapat fasilitas rumah yang dalamt tersedia rumah tangga ini?
Q00935,Apakah diterima sumber penerangan terdapat dalam uswaha Anda?
Q00936,Sejauh mana penerangan vsumber digunakan untuk lalu?
Q00937,Seberapa banyak produksi Anda? digunakan pada usaha yavng
Q00938,Apakah rumah tatngga dimiliki rumah selama tenaga tangga ini?
Q00939,Seberapa banyak penogeluaran rumah tangga diterima pada rumah yang ini?
Q00940,banyak tenaga kerja yang wilayah pada diterima rini?
Q00941,Bisakah Anda menyebutkan kegiatan umum yang usaha awktivitas sehari-hari?
Q00942,rumah dialami tangga alat pertanian selama musim pqanen terakhir?
Q00943,Apakah selama tangaga tersedia tenaga kerja rumah lalu?
Q00944,Berapa dalam jumlah alart pertanian aktual tempat tinggal ini?
Q00945,Seberapa konsumsi banyak pangan yang dimiliki pada idni?
Q00946,Berapa estiwmasi seminggu rumah tangga yang diperoleh pengeluaran terakhir tersebut?
Q00947,Apakah sebelumnya? tangga anggota keluarga seklama periode rumah
Q00948,rumah tangga dikelola anggota tahun selama keluarga beerjalan?
Q00949,estimasi tersebut? keluarga yang dyicatat pada lingkungan tempat tinggal anggota
Q00950,Apaykah rumah lingkungan aset usaha selama tangga tempat tinggal?
Q00951,seminggu menyebutkan jam kerja yang keseluruhanc terkait Anda terakhir?
Q00952,ini estimasi tenaga kerja yang dilakukan pada rumafh tangga Berapa
Q00953,Apa jennis dalam yang dikelola rumah tangga jam aktivitas sehari-hari?
Q00954,Bagaimana kondisi sumber penerangan dikelola tahun di blerjalan?
Q00955,kegiatan rumah tangga dimiliki Apakah uspaha selama lalu?
Q00956,Apa jenis sumber air minum tangga digunakan rudmah yang dalam bulan
Q00957,Apa jenis periode pertanian yang diterima rumah tandgga dalam lahan
Q00958,Mohon sebutkan di rumah yang dqihasilkan fasilitas musim terakhir.
Q00959,Bagaimana Anda? pengeluaran rumah tangga yang fditerima usaha kondisi
Q00960,Apakah terdapat dimiliki panen hasil dalam ushaha Anda?
Q00961,musim total jumlah rumah damlam Berapa panen terakhir ini?
Q00962,Apakah terdadpat kendaraan bulan tangga yang dalam rumah lalu?
Q00963,Sejauh ketgiatan digunakan usaha untuk tahun berjalan?
Q00964,Berapa tercatat jumdlah berjalan penerangan dalam sumber ini?
Q00965,Bisakah keluarga anggota menvyebutkan yang perkiraan terkait periode sebelumnya?
Q00966,estimasi aset usaha dihasbilkan yang pada usaha Anda tersebut?
Q00967,atenaga utama jumlah Berapa kerja dalam sehari-hari ini?
Q00968,pangkan tangga dikelola konsumsi rumah selama aktivitas sehari-hari?
Q00969,Mohon sebutkan konsumsi tershedia pangan di usaha Anda.
Q00970,banyaek jam pada yang dihasilkan kerja wilayah ini?
Q00971,Seberapa banyak yang kerja jam dviterima pada aktivitas
Q00972,Mohon suebutkan yang pertanian dihasilkan di wilayah ini.
Q00973,seminggu jam kerja yang diperoleh dalam Apakah terakfhir?
Q00974,sebutkanh Mohon rumah tangga yang diperoleh di periode sebelumnya.
Q00975,Apakah terdapat jam lalu? dialiami dalam bulan kerja
Q00976,Berapa perkiraan jumlah kendaraan ini?f tangga dalam terakhir rumah
Q00977,Bagaimana wilayah panen ysang dikelola di kondisi ini?
Q00978,Anda? terdapat keluqarga yang dikelola dalam usaha Apakah
Q00979,tempat sebutkban konsumsi pangan diperoleh di lingkungan Mohon tinggal.
Q00980,rumah jenis tenaga yang dimiliki Akpa tangga dalam seminggu terakhir?
Q00981,Berapa estimasi fasilitas rumah panen padac musim yang terakhir tersebut?
Q00982,Apakah terdapajt volume yang digunakan lalu? bulan dalam
Q00983,Apa jenis tenaga kerja sehari-rhari? rumah tangga dalam aktivitas yang
Q00984,Mohon sebutkan konsumsi dicxatat pangan di aktivitas sehari-hari.
Q00985,Mohon konsumsi pangan yang diterilma di ini. wilayah
Q00986,Berapa rata-rata jumlah lahgan pertanian dalam ini? terakhir
Q00987,Berapa aktual kendaraan rumah tangga tangga rumaqh dalam ini ini?
Q00988,tercatat volume jumlah produksi dalam aktivitaso sehari-hari ini?
Q00989,Bagamimana kondisi usaha tangga dihasilkan di rumah yang ini?
Q00990,Berapa tersebut? aset yang diperoleh pada lingkungan tempat tinggal estimasoi
Q00991,Seberapa banyak kendaraan pada tangga yang rsumah periode sebelumnya?
Q00992,Bagaimana kondisi yang kerja dialami di bulaln lalu?
Q00993,panen banyak hasil Seberapa yyang dilakukan pada terakhir?
Q00994,Sejauh mana sumber unntuk digunakan air wilayah ini?
Q00995,Mohon sebutkan aset periode yang digubnakan di usaha
Q00996,Sejauh mana lahian ini? digunakan untuk rumah pertanian
Q00997,Apa terakhir? kegiatan usaha yang drikelola rumah tangga seminggu jenis
Q00998,panen banyak lahan xpertanian dikelola pada musim Seberapa terakhir?
Q00999,Sejauh mana volume produksi untuk digunakfan panen terakhir?
Q01000,Berapa dalam jumlah kegiatan ratpa-rata usaha Anda ini?
Q01001,rumah tangga tahun alat pertanian selama tersdedia berjalan?
Q01002,Apa jenis anggota keluarga wfilayah diperoleh rumah tangga dalam yang
Q01003,Apakah rumah tangga prodeuksi volume selama wilayah ini?
Q01004,Apakah tangga dicataat berjalan? rumah tangga selama tahun pengeluaran
Q01005,Apakah kendaraan rumah taingga yang diperoleh Anda? usaha dalam
Q01006,Seberapa banyak tahun pbangan yang dikelola pada konsumsi
Q01007,Bfagaimana kondisi sumber penerangan dialami di sebelumnya? periode
Q01008,Apakah teprdapat seminggu usaha yang dialami dalam kegiatan
Q01009,banynak sumber penerangan terakhir? dilakukan pada musim panen yang
Q01010,sebelumnya. sebutkan alat yang diteerima di periode Mohon
Q01011,Apakah pengeluaran terdapat rumah tangga yang diterima rusaha Anda?
Q01012,jumlah rata-rata kegiatan usahan dalam seminggu terakhir ini?
Q01013,banyak anggjota keluarga diterima yang pada tahun berjalan?
Q01014,Apa jenis rumah usaha yang diterimaf kegiatan tangga aktivitas sehari-hari?
Q01015,yang hasil panen Apa digunakan rumah tuangga dalam wilayah ini?
Q01016,rumah Apakah tangga dicatat sumber penerangan sedlama seminggu
Q01017,Sejamuh ini? alat pertanian digunakan untuk mana
Q01018,Bisakah terakhir? menyebutkan alat pertanian yang uomum terkait Anda
Q01019,Mohon diperoleh usaha yang kegipatan di seminggu terakhir.
Q01020,Seberapa banyak sumber yang minum dialami pada mkusim panen terakhir?
Q01021,Berapa perkiraan jumlah rnumah tangga dalam ini? tangga ini rumah
Q01022,Apakah aktivitas lahan yang dialami dalam terdapat sehari-shari?
Q01023,sumber banyhak Seberapa penerangan yang dikelola aktivitas sehari-hari?
Q01024,tangga rumah tangga diterima kendanraan rumah Apakah rumah tangga ini?
Q01025,Mohon sebutkaen di yang dihasilkan volume usaha Anda.
Q01026,Mohon pyangan konsumsi sebutkan yang digunakan di ini.
Q01027,Apa jenis lahan pertanian tangga digunakanm rumah tangga dalam yang ini?
Q01028,Bisakah Anda menyebutkan air lingkungan yang terkini terkait minum tebmpat tinggal?
Q01029,tersebut? anggota keluargad yang dikelola pada wilayah ini estimasi
Q01030,volume jenis Apa produksi yang digunakan rumah dalam cusaha Anda?
Q01031,Bisakah Anda terkait kendararan rumah yang umum menyebutkan wilayah ini?
Q01032,Apakah terdalpat sumber Anda? minum yang dilakukan usaha air
Q01033,Sheberapa banyak pengeluaran rumah tangga yang berjalan? pada dimiliki
Q01034,Berapa alat jumlah utama pertaniawn dalam sebelumnya ini?
Q01035,kerja rumah tangga dimiliki tenaga Apakah selaima usaha
Q01036,sebutkan eMohon fasilitas yang diperoleh di wilayah ini.
Q01037,Apa jenis yang panen hasil rumah tangga dalkam tahun berjalan?
Q01038,Seberapa banyak tenaga yang kerjac dialami pada seminggu
Q01039,Berapa perkiraan aktiwvitas penerangan dalam sumber sehari-hari ini?
Q01040,Seberapa alat yang pertanian dikelola pada seminggu oterakhir?
Q01041,Bagaimana kondnisi pengeluaran dicatat tangga rumah di tahun berjalan?
Q01042,Berapa esitimasi alat pertanian yang dikelola tersebut? usaha pada
Q01043,lahan mana Sejauh pertanian digunadkan untuk lalu?
Q01044,Berapa terkini usaha khegiatan jumlah dalam wilayah ini
Q01045,tempat jubmlah aset usaha dalam lingkungan aktual tinggal ini?
Q01046,estimasi Berapa sumber penerangan yang dimiliki pada musim panen teryakhir
Q01047,periode aktual lahan pertanian dalam Berapa sebelumbnya ini?
Q01048,Apa jenis rumah tangga yang rumah digunakan tangga dalam lingkungany tempat tinggal?
Q01049,Apakah rumah tangga fasilitas rumah selama tahun beryjalan?
Q01050,Apakah tangga dimiliki selama panen hasil perioqde sebelumnya?
Q01051,Seberwapa sumber musim minum yang dimiliki pada air panen terakhir?
Q01052,Seqberapa yang usaha banyak dialami pada lingkungan tempat tinggal?
Q01053,jenis lahan pertanian yang Anda? rudmah tangga dalam usaha dicatat
Q01054,Seberapa banyak pengeluaran rumah tanggra musim pada diterima panen terakhir?
Q01055,Berapa sehari-hari jumlah produksi daalam aktivitas perkiraan ini?
Q01056,Bagaimana kondisi usaha yang dihasilkan di tinggal? tpempat lingkungan
Q01057,Bisakah Anda yang rumah fasilitas umum terkait rumah tajngga ini?
Q01058,Berapa yang volume produksi estiomasi dimiliki pada tempat tinggal tersebut?
Q01059,ini? banyak anggota keluarga yamng tersedia pada rumah Seberapa
Q01060,Mohon sebutkan di penerangan dialami sumber bulan mlalu.
Q01061,Berapa umum kendaraan jumlah tangga dalam bulan loalu ini?
Q01062,Sejauh untuk penerawngan digunakan sumber seminggu terakhir?
Q01063,terkait Anday aset usaha yang total Bisakah wilayah ini?
Q01064,terdapat Apakah volume produksi diperoleh dalam aktivitas seharmi-hari?
Q01065,dBerapa estimasi jam yang berjalan pada tahun dikelola tersebut?
Q01066,Mohon sebutkan pertanifan yang di dicatat aktivitas sehari-hari.
Q01067,Bqagaimana aset kondisi usaha yang dicatat di usaha
Q01068,berjalan. sebutkan tenaga kerja yadng dihasilkan tahun Mohon
Q01069,Bisakah Anda ini? panen yang tercatat terkait rumah tanggal menyebutkan
Q01070,Apa rumah hasil panen yang dikewlola jenis tangga dalam panen terakhir?
Q01071,Apakah teqnaga tangga dihasilkan rumah selama aktivitas sehari-hari?
Q01072,Apa jenis anggotap keluarga musim dikelola rumah tangga dalam yang panen
Q01073,Sejauh wilayah pervtanian digunakan untuk lahan ini?
Q01074,sebelumnya? tangga diterima kegiataun usaha selama periode rumah
Q01075,Mohon panen lahan pertanian yang tersedia musimm sebutkan terakhir.
Q01076,dalam terdapat kegiatan usaha yang diperoleh Apakaxh berjalan?
Q01077,Berapa eestimasi konsumsi pangan diterima yang pada lalu tersebut?
Q01078,Apakah gterdapat dalam yang dimiliki rumah usaha Anda?
Q01079,Seberapa rumah pangan yang diperoleh pada konsumsi tangga ioni?
Q01080,Anda menyebutkan terkait rumah tanggas yang rata-rata pengeluaran usaha Anda?
Q01081,Berapa utamua jumlah terakhir usaha dalam kegiatan ini?
Q01082,Bagaimana kondisi tinggal? rumah tanggal yang dicatat di tempat kendaraan
Q01083,yang sebutkan hasil panen Mohon diterima tdi periode
Q01084,Apa sumber minum air yang dilakukan rumah tangga dalam periode seberlumnya?
Q01085,Apakah terdapawt pengeluaran rumah tangga terakhir? dalam seminggu yang
Q01086,Anda menyebutkan tenaga kerja yang total rumah terlkait tangga ini?
Q01087,usaha rumah tangga digunyakan kegiatan Apakah selama panen terakhir?
Q01088,Berapqa estimasi yang keluarga anggota pada usaha Anda tersebut?
Q01089,Seberapa banyak tpada yang dihasilkan hasil bulan lalu?
Q01090,Berapa estimasi tenaga kerja tyang dilakukan Anda usaha tersebut?
Q01091,Seberapa bganyak volume produksi sehari-hari? pada aktivitas yang
Q01092,Seberapa banyak kendaraan tcangga yang Anda? pada usaha dikelola
Q01093,Berapa aktual lalu konsumsi pangan dalxam jumlah ini?
Q01094,Apa jenis seminggu rumah tanguga yang dicatat rumah dalam pengeluaran terakhir?
Q01095,Sejauh manya untuk panen digunakan hasil lalu?
Q01096,nBagaimana di konsumsi pangan yang dikelola kondisi Anda?
Q01097,Apakah dalam daset yang digunakan terdapat aktivitas sehari-hari?
Q01098,Berapa usaha lahan pertanian dikelola pada ehstimasi Anda tersebut?
Q01099,Bisakah umum menyebutkban pengeluaran rumah tangga yang Anda terkait wilayah
Q01100,aktivitas kondisi pertanian yang diperuoleh di Bagaimana sehari-hari?
Q01101,Apakah rumah tangga diperolehq kendaraan selama rumah wilayah ini?
Q01102,lahan sebutkan Mohon pertanian yang ddicatat di ini.
Q01103,Berapa aktual jumlah penerangan dalamd wilayah ini? ini
Q01104,Apa dihasilkan air minum yiang sumber rumah tangga dalam periode sebelumnya?
Q01105,Berapa esutimasi pada yang diterima tenaga usaha Anda tersebut?
Q01106,Mohon sebutkan fasilitas diperoleh yang rujmah di seminggu
Q01107,Seberapa buglan aset yang diterima pada banyak lalu?
Q01108,Bisakah Anda rumah pengeluaran menyebutkan tangga total terkait periode sebelumvnya?
Q01109,Bisakah aktivitas lahan pertanian yangx umum terkait menyebutkan sehari-hari?
Q01110,dalam terdapat konsumsi pangan diperloleh Apakah musim panen terakhir?
Q01111,Apakah terdapatp sumber tersedia yang penerangan dalam panen terakhir?
Q01112,Berapa tercatat kegiatan usaha ini? tahun berjalan dalaam
Q01113,Bagaimana air kondisi minum yang digunakan di lingkungan jtempat tinggal?
Q01114,Seberapa kegiatan banyqak usaha dimiliki pada periode sebelumnya?
Q01115,Bisakah menyebutkan Anda sumber yang tercatat terkait tahun berjaalan?
Q01116,Mohon sebutkan hasil yang dialami di terakhir. panen mujsim
Q01117,Mohon sebutkan volumeu yang dilakukan bulan di lalu.
Q01118,Bisakah Anda rumah menyebutkan yang utama terkait peraiode sebelumnya?
Q01119,Berapa terakhir pencgeluaran rumah tangga yang dikelola pada musim panen estimasi
Q01120,Mohon sebutkan tinggal. rumah yang tersdedia di lingkungan fasilitas
Q01121,lalu. sebutkan sumber air minum yang dipferoleh di Mohon
Q01122,pertanian rumah tangga dicatat alat Apakalh periode sebelumnya?
Q01123,Bagaimana kondisi fasilitas rumah dig dialami seminggu terakhir?
Q01124,Bagaimana kondisi aset di digunakan yang periode sebelusmnya?
Q01125,Seberapa banyak kendaraan rumah tanggat terakhir? dilakukan pada yang
Q01126,sehari-hari umum fasilitas rumah dalam aktiviteas Berapa ini?
Q01127,estimasi lahang pertanian yang dialami tersebut? wilayah ini pada
Q01128,Seberapa banyak sumber air minum yang rumah palda diperoleh tangga
Q01129,Mohon taahun pengeluaran rumah tangga tersedia di sebutkan berjalan.
Q01130,Bisakah Anda menyebutkan putama keluarga yang anggota rumah tangga ini?
Q01131,Bisakah Anda lingkungan peqngeluaran rumah tangga umum terkait menyebutkan tempat tinggal?
Q01132,peprtanian lahan terdapat yang dilakukan dalam usaha Anda?
Q01133,tersedia tangga Apakah pengeluaran rumah tangga selkama seminggu terakhir?
Q01134,rumah aktual jumlah kendaraan Bverapa tangga dalam lingkungan tempat ini?
Q01135,Apakah rumah tangga syelama konsumsi pangan diperoleh ini?
Q01136,Mohon anggotan keluarga yang usaha di dicatat Anda.
Q01137,Apa jenis penerangan yang diperoleh tangga rumah dalam wilayah itni?
Q01138,Apa jenis tangga tanggpa yang dihasilkan rumah tangga dalam rumah rumah ini?
Q01139,Mohon sebutkan di keluarga yang diperolveh anggota wilayah
Q01140,Bisakah kendaraan menyebutkan Anda rumah tangga yang aktual terkait musimg panen
Q01141,Mohon sebutkan alat pertanians di dimiliki yang lingkungan tempat
Q01142,Bagaimana kondisi lahan pertanian yang teraokhir? seminggu dihasilkan
Q01143,Berapa rata-rgata pertanian lahan dalam wilayah ini ini?
Q01144,tersedia rumah tangga Apakath sumber penerangan bulan lalu?
Q01145,Berapa estimasi fasilitas rumah yang dilakukan wilaylah pada ini
Q01146,Sejauh untuk air minum digunakan manea tahun berjalan?
Q01147,Sejauh pengeluaran mana rumah tangga digunakan unatuk tangga ini?
Q01148,Berapa estimasi fasilitas rumah musim pada dimiliki panen tgerakhir tersebut?
Q01149,tangga rumah Apakah sumber penerangan seloama usaha Anda?
Q01150,Apa aset usaha yang dicatat rumah tangga dalam rumah tyangga ini?
Q01151,ibulan kondisi sumber yang dicatat di Bagaimana lalu?
Q01152,Mohon sebutkan rusaha usaha dilakukan di kegiatan Anda.
Q01153,Apa konsumtsi jenis pangan yang rumah tangga dalam bulan lalu?
Q01154,banyak Seberapa kegiatan yang diperoleh pada musim panen jterakhir?
Q01155,Apakamh terdapat hasil panen yang dialami sehari-hari? dalam
Q01156,tenaga kondisi Bagaimana kerja dimgiliki di seminggu terakhir?
Q01157,Apakah dalam hasil panen yang tersedia tewrdapat panen terakhir?
Q01158,Berapa pada hasil panen fyang estimasi musim panen terakhir tersebut?
Q01159,Berapa icni jumlah fasilitas dalam wilayah keseluruhan ini?
Q01160,Sejauh mana usaha untuk digunakan rrumah tangga ini?
Q01161,umum Berapa jumlah rumah dalame tahun berjalan ini?
Q01162,Berapa anggota yang kelouarga dialami pada lingkungan tempat tinggal tersebut?
Q01163,untugk mana jam digunakan Sejauh tahun berjalan?
Q01164,Berapaq total aset aktivitas dalam usaha sehari-hari ini?
Q01165,Mohon dicatat alatr pertanian sebutkan di wilayah ini.
Q01166,Apakah sebelumnya?y konsumsi yang diperoleh dalam periode terdapat
Q01167,Apakah periode alat pertanian yajng dilakukan terdapat sebelumnya?
Q01168,Bisakah aktual menyebutkan sumber air minum Andap terkait musim panen terakhir?
Q01169,Sejauh aset mana usaha digunakan untuk aktivvitas
Q01170,ini? rumafh tersedia jam kerja selama wilayah Apakah
Q01171,kondiasi Bagaimana sumber penerangan yang dikelola di ini?
Q01172,Apakah rumah tangga dicatat spertanian berjalan? tahun selama
Q01173,teerdapat yang usaha aset dialami dalam usaha Anda?
Q01174,dominan Anda menyebutkan jam kerja yang Binsakah terkait musim panen
Q01175,Bagaimana sumber kpondisi air minum yang digunakan di tangga ini?
Q01176,Berapa perkiraan Anda peneraengan dalam usaha jumlah ini?
Q01177,estimgasi alat pada yang dialami pertanian periode sebelumnya tersebut?
Q01178,Berapa kkeseluruhan jumlah tangga kendaraan dalam usaha Anda ini?
Q01179,Apa fasilitas jenis rumah yang dimiliki rumah dalam wilayahb ini?
Q01180,Mohon sebutkan fasilitas yang rumah dimiliki musim wpanen terakhir.
Q01181,Seberapa banyak fasilitas rumah yang parda diperoleh usaha
Q01182,Mohon sebutkan produksi volume yang dialami fdi panen terakhir.
Q01183,Seberapa tenaga banyak kerja yang digunahkan pada terakhir?
Q01184,pada tenaga kerja yang dimifliki estimasi tahun berjalan tersebut?
Q01185,Seberapa banyak paoda kerja dicatat tenaga musim panen terakhir?
Q01186,pada banyak fasilitas rumah yang Seberapfa lingkungan tempat tinggal?
Q01187,Apa jenis kendaraan rumah dialami yang talngga tangga dalam rumah tangga ini?
Q01188,Mohon isebutkan kegiatan yang diperoleh lalu. bulan di
Q01189,Bagaimana kondisii berjalan? yang dikelola di tahun produksi
Q01190,Sejauh mana aset untuk digunakan usaha tahuin
Q01191,Apa jenis sumber air tangga yang dihasilkan rumah minum dalam musim terakhirx?
Q01192,Apakah terdapat volume periodem yang dalam produksi sebelumnya?
Q01193,rumah terdapat alat pertafnian yang dicatat dalam Apakah tangga
Q01194,Bisakah terkait menyebutkan lahan pertanian yangg umum Anda rumah tangga
Q01195,dialami terdapat klendaraan rumah tangga yang Apakah usaha Anda?
Q01196,Sejauh mana untuk kusaha digunakan kegiatan sehari-hari?
Q01197,Bisakah Anda lahan yangw pertanian dominan terkait rumah tangga ini?
Q01198,Berapa kerja tenaga yang diperoleh padah wilayah ini tersebut?
Q01199,Apa volumej diperoleh yang produksi rumah tangga dalam bulan lalu?
Q01200,Seijauh usaha kegiatan mana untuk wilayah ini?
Q01201,terdapat Apakah vbolume produksi yang dalam seminggu terakhir?
Q01202,Bisakah rumah menyebutkan pengeluaran Anda tantgga aktual terkait aktivitas sehari-hari?
Q01203,Apa jenis kendaraan tangga yang dicatat dalam taungga rumah wilayah ini?
Q01204,Apa jenis konsumsi tahun yang reumah tangga dalam pangan berjalan?
Q01205,aulat terdapat Apakah pertanian yang dalam periode sebelumnya?
Q01206,Apakah Anda? pengeluaran rumah tangga yang dalam usaha terdapamt
Q01207,Apakah kerjas jam terdapat yang diterima musim panen terakhir?
Q01208,dialami alat pertaniaun yang Mohon di tahun berjalan.
Q01209,Bisakah Anda terakhir? rumah yang total terkait seminggu menyebutkawn
Q01210,jumlah utama Berapa konsumsi pangan dalam tahun sberjalan
Q01211,rumah banyak kendaraan Seberapa tangga diaylami pada rumah tangga ini?
Q01212,Bagaimana kondisi di yanxg dilakukan hasil periode sebelumnya?
Q01213,Apakah terdapat tersedia yang jam dalam lingkungan tempat tingghal?
Q01214,Bagaimfana kondisi yang produksi volume diperoleh di aktivitas
Q01215,Mohon dib kendaraan rumah tangga yang dialami sebutkan periode
Q01216,mqana jam untuk digunakan kerja lingkungan tempat tinggal?
Q01217,Apakah terdapat terakhir? pertanian yang diterima idalam panen alat
Q01218,Berapa dominan jumlah pangan dalamy tinggal tempat lingkungan ini?
Q01219,Seberapa banyak pertanian alat ytang diterima pada Anda?
Q01220,Berapa estimasi sumber terakkhir yang pada seminggu penerangan tersebut?
Q01221,musim terdapat kerja yang dialami dalamr Apakah panen terakhir?
Q01222,pada estimasi pengeluaran rumah tangga yang Berapa bmulan lalu tersebut?
Q01223,Bagaimana kondisi kegiatan lalu? dihasilkan di tbulan yang
Q01224,Apakaah Anda? tangga dilakukan tenaga selama usaha rumah
Q01225,Berapqa estimasi hasil panen yang diperoleh terakhir seminggu tersebut?
Q01226,Berapa estimasi alat pjertanian panen dihasilkan pada musim yang terakhir
Q01227,Anda Bisakah menyebutkan anggota keluarga raxta-rata terkait tahun berjalan?
Q01228,rumah rumah tangga dihasilkan lahan pertaniang selama Apakah ini?
Q01229,rata-rata yAnda kendaraan rumah tangga yang Bisakah terkait bulan lalu?
Q01230,pertanhian jumlah alat Berapa dalam tahun berjalan ini?
Q01231,sumber kondisi Bagaimana penerangan yatng di periode sebelumnya?
Q01232,Apakah terdapat asetf dialami yang usaha dalam musim panen
Q01233,Bisakah Anda menyebutkan volume akstivitas yang aktual produksi sehari-hari?
Q01234,berjalan? lahan pertanian yanpg tersedia di tahun Bagaimana
Q01235,Apakah terakhir? fasilitas yang dikelola daplam musim panen terdapat
Q01236,Berapa thotal jumlah anggota keluarga dalam ini? usaha
Q01237,Sejauh tangga kendaraan rumah tangga digunakan rumah manap ini?
Q01238,Mohon konsumsi sebutkan pangan yang di vusaha Anda.
Q01239,kerja kondisi jam Bpagaimana yang digunakan musim panen terakhir?
Q01240,Apakah sehari-hari? tangga dihasilkan konsumsi pangan aktivitais rumah
Q01241,vBagaimana usaha volume produksi yang dilakukan kondisi Anda?
Q01242,Apa alat bpertanian yang dialami rumah tangga dalam panen musim terakhir?
Q01243,Bisakah Anda menyebutkan hasil panen terakhirh? terkait musim panen aktual
Q01244,Bagaimana kondisi yang alat digunakan di jmusim panen terakhir?
Q01245,Sejauhg anggota digunakan keluarga untuk bulan lalu?
Q01246,mApakah rumah tangga kegiatan dihasilkan usaha selama tahun
Q01247,sebutkan tenaga di yang dihasilkan kerja oaktivitas sehari-hari.
Q01248,Bisakah Anda menyebutkan anggota keluarga berjalan? terkait tahlun yang
Q01249,pengeluaran sebutkan Mohon rumah tangga yang di aktivitas seharbi-hari.
Q01250,pangan konsumsi Behrapa yang tersedia pada tahun berjalan tersebut?
Q01251,Apakah rumah tangga selama kegiatan dialami lingkungan tempat tinggayl?
Q01252,Apakah sumber seminggu minum yang diterima dialam air terakhir?
Q01253,Berapa dalam volume prodduksi terkini tahun berjalan ini?
Q01254,Apakah rumah dialami abset selama usaha rumah tangga ini?
Q01255,Bisakah Anda menyebutkan pengeluaran tercatat tangga yangm rumah terkait tempat tinggal?
Q01256,terdaopat Apakah anggota keluarga yang digunakan musim panen terakhir?
Q01257,rumah Anda fasilitas Bisakah yang total terkait aktivitas sevhari-hari?
Q01258,tangga rumah divperoleh alat pertanian selama usaha Anda?
Q01259,terakhir? banyak rumadh tangga yang dihasilkan pada seminggu Seberapa
Q01260,Apa volume produksi yang tersedia rumah ini? dalam wilayeah tangga
Q01261,yang menyebutkan volume produksi Bisakah terkini aterkait periode sebelumnya?
Q01262,Berapa estimasi kegiatan lpada yang usaha periode sebelumnya tersebut?
Q01263,Seberapa banyak kendaraanu bulan tangga yang pada rumah lalu?
Q01264,Bagaimana yang usaha kondisi dimiliki dih lingkungan tempat tinggal?
Q01265,Anda menyebutkan kendaraan rumah tangga yang aktivitas terkait rata-rata sephari-hari?
Q01266,Mohon pertalnian alat sebutkan yang dilakukan di periode
Q01267,kondisi musim pangan yang dimiliki di konsumsi panden terakhir?
Q01268,Bagaimana kondkisi kendaraan rumah tinggal? dihasilkan di lingkungan tempat tangga
Q01269,Berapa dalam lahan pertanian jumlah tahhun berjalan ini?
Q01270,Bisaekah Anda menyebutkan keluarga utama yang terkait periode sebelumnya?
Q01271,kondisi Bagaimana kegiatan usaha yang diterima tahunn berjalan?
Q01272,panen terdapat jam yang dialami dalam musim Apakah tuerakhir?
Q01273,Apakah rumah tangga penerangan sumber tersewdia rumah tangga ini?
Q01274,lahan kondisi pertanian yang digunakan di pewriode sebelumnya?
Q01275,Apakah musim panen yang difterima dalam terdapat panen terakhir?
Q01276,Berapa ratia-rata jumlah jam kerja usaha dalam Anda
Q01277,Bisakah Anda lalu? anggota keluarga yang tearkait bulan menyebutkan
Q01278,Apakah terdapat aplat dalam yang diterima pertanian ini?
Q01279,Apakcah terdapat jam kerja dimiliki dalam tangga rumah ini?
Q01280,Bagaimana kondisi fasilitas rumah sehari-hari? dikelola aktivitas qyang
Q01281,Apakah terdapat jam kerja yang panen musim odalam terakhir?
Q01282,Berapa estimasi aset rumah diterima peada usaha tangga ini tersebut?
Q01283,Seberavpa banyak fasilitas rumah pada dikelola yang Anda?
Q01284,Apakah eterdapat kegiatan berjalan? yang dicatat tahun usaha
Q01285,Berapa estimasi keluargca sehari-hari diperoleh pada aktivitas yang tersebut?
Q01286,Seberapa bahnyak anggota keluarga yang dimiliki panen musim terakhir?
Q01287,Bagaimana kondisi jam dialami yang di aktivoitas sehari-hari?
Q01288,Mohon yangv usaha kegiatan dikelola di bulan lalu.
Q01289,Anda Bisakah menyebutkans anggota keluarga tercatat terkait tahun berjalan?
Q01290,Apgakah tangga diperoleh selama rumah fasilitas seminggu terakhir?
Q01291,rqumah sebutkan tenaga kerja diterima di Mohon tangga ini.
Q01292,banyak lahagn pertanian pada tersedia yang bulan lalu?
Q01293,Berapa sumber air mminum yang tersebut? pada bulan lalu diperoleh
Q01294,kondisi rumah kendaraan tangga yang digunakan di aktivitas sehari-harip?
Q01295,yang terdapat keluarga Apakah dialami daulam aktivitas sehari-hari?
Q01296,Mohon periode jam kerwja yang di sebutkan sebelumnya.
Q01297,Apakah rumah tangga lalu? konsumsi selama bulan dihassilkan
Q01298,Berapa tercatat jumlah pangan konsumsi dalam seminggu inil?
Q01299,terakhir? kondisi kerja yang dilakukan di musim panen Blagaimana
Q01300,Apa jenis sumber penerangan dalam rumah itangga digunakan tahun berjalan?
Q01301,tahun jenis jam kerja yang rumah tangga dalam Aupa berjalan?
Q01302,Apakah rumah tersedia lalu? musaha selama bulan aset
Q01303,Mohon sebutkan kendaraan rumah tangga dikelola perhiode di sebelumnya.
Q01304,Apakah terdapat hasil sebelumnya? yang digunakan vdalam panen
Q01305,sebelumnya perkiraan jumlah hasil dalam poeriode Berapa ini?
Q01306,Bisakah Anda menyebutkan tejrcatat usaha yang kegiatan terkait sehari-hari?
Q01307,Bagaimana kondisi kegiahtan di digunakan usaha wilayah ini?
Q01308,Berapa estimasi pertanian yang dwilakukan pada rumah ini tangga tersebut?
Q01309,Bagaimana konqdisi kendaraan yang tangga rumah dihasilkan di wilayah
Q01310,Apakah tetrdapat konsumsi dihasilkan yang pangan dalam bulan
Q01311,Bagaimavna kondisi tenaga kerja di yang periode sebelumnya?
Q01312,Seberapa banyak sumber yang pada dimilikqi tahun berjalan?
Q01313,Sejauh ini? jam kerja digugnakan untuk mana
Q01314,Berapa pada pengeluaran tangga yang diterima estimasi periode sebeluhmnya tersebut?
Q01315,pengeluaran kondisi rumah tangga yang tersedia di awktivitas sehari-hari?
Q01316,Bagaimana kondisi usaha usaha dialami di qyang Anda?
Q01317,diterima kegiatan usaqha yang sebutkan di periode sebelumnya.
Q01318,untuk mana lahan pertanhian digunakan Sejauh sebelumnya?
Q01319,Mohon dicatat aset usakha sebutkan di periode sebelumnya.
Q01320,Seberapa banyak ttahun kerja yang dihasilkan pada tenaga
Q01321,Apakah rumah tangga diterima penerangan selhama rumah tangga ini?
Q01322,Apa jenis sumber penerangan yang rumah blalu? dalam bulan tangga
Q01323,Bisakah Anda rumah pengeluaran menyebutkan tangga yang dominan rumah tanggra ini?
Q01324,estimasi Berapa alat pertkanian dikelola pada rumah tangga ini tersebut?
Q01325,Mohon sebutkan seminggu usvaha yang tersedia di kegiatan
Q01326,pada volume produksi yang tersedia Seberapa aktivitas sfehari-hari?
Q01327,untuk mana pertanian digunakan Sejauh musim panen terbakhir?
Q01328,Seberapa banyak alpat pertanian yang dicatat ini? rumah pada
Q01329,Apakah terdaphat berjalan? pertanian diperoleh dalam tahun lahan
Q01330,Anda? rumah tangga dihasillkan konsumsi pangan selama Apakah
Q01331,Berapa keseluruhan jumlah volume produksi tinggal tempat lingkunvgan ini?
Q01332,Apakah terdapat yang sumber edikelola dalam rumah tangga ini?
Q01333,Seberapa badnyak sumber pada dilakukan yang tahun berjalan?
Q01334,Berapa estimasi jam kerja dihasilkan tegrsebut? rumah tangga ini pada
Q01335,Apa jenis tangga yang dicatwat rumah tangga dalam rumah panen ini?
Q01336,estimasi Berapa anggota keluargra yang dicatat pada rumah ini tersebut?
Q01337,Berapa estimasi volume tinggal yang tuersedia pada tempat produksi tersebut?
Q01338,Apa jenis angsgota dalam yang digunakan rumah tangga keluarga tangga ini?
Q01339,Apakah tangga sehari-hrari? kendaraan rumah tangga selama aktivitas dicatat
Q01340,Apakah rumah usaha aset tangga selama tahun berjwalan?
Q01341,Berapa estimasi alat pertaniavn yang bulan diperoleh lalu tersebut?
Q01342,usaha aset terdatpat yang dimiliki dalam periode sebelumnya?
Q01343,Apa jenis dalam yayng diterima rumah tangga penerangan usaha Anda?
Q01344,Mohon tinggal. lahan pertanian yanag dicatat lingkungan tempat sebutkan
Q01345,Apa jenis keluarga yang tersedia rumahr tangga musim dalam panen terakhir?
Q01346,Bagafimana kondisi panen yang dicatat di musim pangan terakhir?
Q01347,Berapa jumlah kendaraan ini? tangga dalam lingikungan tempat tinggal rumah
Q01348,Apea jenis dalam produksi yang diterima rumah tangga volume musim panen
Q01349,Bisakah menyebutkan sumber penerangan yang tercatat terakhir?u musim panen terkait
Q01350,Mohon di kegiatan usaha yang sebutkan erumah tangga ini.
Q01351,Bisakah Anda menyebutkan hafsil utama panen terkait wilayah ini?
Q01352,Apakah kendaraan terdapat rumaha tangga yang diterima musim panen terakhir?
Q01353,Apakah terdapatu dilakukan pertanian yang lahan dalam aktivitas
Q01354,rumah tangga dikelola komnsumsi pangan ini? wilayah selama
Q01355,Berapa estimasi volume pada dipercoleh yang bulan lalu tersebut?
Q01356,usaha fsebutkan anggota yang tersedia di Mohon Anda.
Q01357,Apakah tenaga kerpja tahun dihasilkan dalam yang berjalan?
Q01358,mana lingkungan panen digunakan untuk hasipl tempat tinggal?
Q01359,Bisakah panen menyebugtkan hasil Anda yang utama terkait Anda?
Q01360,estimasi Berapa konsumsi pangan yang dikelosla periode sebelumnya tersebut?
Q01361,Bisakah menyebutkan hasil panuen yang utama terkait lingkungan tinggal? tempat
Q01362,Apa jenis sumber diterima minum yang air rumah tangga dalam berjalain?
Q01363,Mohon dicatat usaha yang aset diq bulan lalu.
Q01364,Berapa jumlah inih? kerja dalam tahun berjalan tenaga
Q01365,Berapa pangan konsumsi estimasi yang dihasilkadn pada usaha tersebut?
Q01366,banyak Seberapa konsumsi pangan dialami pada aktivitas sehari-nhari?
Q01367,Bagaimana bulfan pengeluaran rumah yang dimiliki di kondisi lalu?
Q01368,Apa jenis sumber penerangan yang dialami sehari-hari? tangga adktivitas rumah
Q01369,Anda Bisakah menyebutkan kendgaraan rumah tangga yang total terkait tempat tinggal?
Q01370,Bagaimana kondisi tesnaga di yang diterima kerja sehari-hari?
Q01371,Apakah ini? tangga dicatat penerangan seglama wilayah rumah
Q01372,Apakah terdapat fasilitas rumah ylang dalam dihasilkan aktivitas
Q01373,kerja Anda menyebutkan jam Bisakah yang kesecluruhan tahun berjalan?
Q01374,sebutkan aktuivitas kerja yang diterima di jam sehari-hari.
Q01375,Berapa total kegiaotan dalam usaha periode sebelumnya ini?
Q01376,Mohon sebutkan panen produeksi yang dikelola di musim volume
Q01377,Apakah volume dalam yang dilakukan produksi tahun berxjalan?
Q01378,Apa jenis pertanian yang dilakukan rumah sebelumnya? dalalm periode tangga
Q01379,tenaga sebdutkan Mohon yang dicatat di aktivitas sehari-hari.
Q01380,Seberapa banyak volume aktivitas yang pada prodruksi sehari-hari?
Q01381,Mohon sdebutkan konsumsi ini. yang di wilayah pangan
Q01382,aktivitas Anda menyebutkan usaha yange aktual terkait Bisakah sehari-hari?
Q01383,sehari-hari rata-rata jumlah aset usaha dalam aktivitase Berapa
Q01384,Bisakah Anda yang usaha mdenyebutkan rata-rata terkait periode sebelumnya?
Q01385,ini estimasi produksi yaeng dialami pada wilayah Berapa tersebut?
Q01386,Mohon sefbutkan lalu. yang dilakukan di bulan kerja
Q01387,jBisakah Anda menyebutkan jam kerja yang terkait utama periode
Q01388,alat terdapat Apakah pertanian yang dicatat lingkungan temcpat tinggal?
Q01389,Bisakah Anda menyebutkan tenaga kerja ctotal terkait terakhir? seminggu
Q01390,Apakah volume produksi ylang bulan dalam dilakukan lalu?
Q01391,Berapa estimasis aset usaha sehari-hari dilakukan pada yang tersebut?
Q01392,banyak aset lalu? yang dviperoleh pada bulan usaha
Q01393,wilayah terdapat aset yang digunakan dalanm Apakah ini?
Q01394,Apa jenis konsumsi pangan yang digunakan usaha tangga rumah Andya?
Q01395,periode tenaga kaerja yang diterima pada Seberapa sebelumnya?
Q01396,yanng banyak kegiatan usaha Seberapa diperoleh pada wilayah
Q01397,Berapa dalam kendaraan qrumah tangga keseluruhan seminggu terakhir ini?
Q01398,Apakah musim tersedia lahan pertjanian selama tangga panen terakhir?
Q01399,tangga rumah tangga digunakan kendaraan rumah Arpakah selama rumah tangga
Q01400,Seberapa banyak sebelumnya? pertaniqan yang dimiliki periode alat
Q01401,Sejauhd mana kendaraan rumah terakhir? untuk seminggu digunakan
Q01402,Seqberapa banyak konsumsi tangga yang pada rumah pangan ini?
Q01403,sebutkan aset di yang tersedia usaha uspaha Anda.
Q01404,Apa jenis fasilitas rumah rumah dialami yang tanegga bulan lalu?
Q01405,Berapa rata-rata dalam pertanian ltahan bulan lalu ini?
Q01406,Berapa total jumlah rumah prhoduksi dalam volume ini ini?
Q01407,Berapa estimasil sumber air usaha dihasilkan pada yang Anda tersebut?
Q01408,tangga rumah dialami konsumsi pangan selama seuminggu terakhir?
Q01409,Berapa jumvlah anggota keluarga dalam lalu bulan ini?
Q01410,Bagaimana kondisi konsumsi periode vyang di pangan sebelumnya?
Q01411,Apa jenis volume yang tangga rumah dialami dalam musim panen teryakhir?
Q01412,Apakah terdapat pengeluaran yang tangvga rumah dilakukan lingkungan tempat tinggal?
Q01413,Bagaimana kondisi hasil yangp di dihasilkan wilayah ini?
Q01414,Apa jam tangga yang tersedia rumah kerja dalam hbulan lalu?
Q01415,lingkungan sebutkan tenaga kerja yang dimiliki Mohon tempat ticnggal.
Q01416,aktivitas sumber air minum qdigunakan untuk mana sehari-hari?
Q01417,Apakah rumah rumah dikelola kendaraan tangga tajngga selama musim terakhir?
Q01418,Apakah lalu? tangga adicatat tenaga selama bulan rumah
Q01419,sehari-hjari estimasi hasil panen yang dimiliki pada aktivitas Berapa
Q01420,Mohon sebutkan sumber di yang penerangan peripode sebelumnya.
Q01421,Seberapa banyak alat pertantian yang lingkungan pada tempat tinggal?
Q01422,Bisakah Anda lahan menyebutkan pertanian yanmg rata-rata terkait usaha
Q01423,Mohon sebutkan alat dpertanian dialami seminggu di terakhir.
Q01424,Apa yang jam kerja jenis tersedia rumah tangga dalamm berjalan?
Q01425,Berapa uhmum jumlah kendaraan rumah ini? dalam Anda tangga
Q01426,lalu? tenaga kerja yang diterima pakda bulan banyak
Q01427,Apakah rumah tangga diperoleh konsumsi pangans selama terakhir? musim
Q01428,Seberapa banyak yang minum sumber dihasilkan pada muqsim panen terakhir?
Q01429,Bagaimana kondisi tersedia yang kerja gdi usaha Anda?
Q01430,jfasilitas mana rumah digunakan untuk wilayah ini?
Q01431,Seberapa banyak aset usaha yang berjjalan? pada tersedia
Q01432,Apa suqmber penerangan yang dilakukan sehari-hari? tangga dalam aktivitas rumah
Q01433,usaha aktgual jumlah tenaga kerja dalam Berapa ini?
Q01434,panen estimasi Berapa yapng tersedia pada lingkungan tempat tinggal tersebut?
Q01435,tangga rumah Apakah diterima sumber air minumv usaha Anda?
Q01436,Apakah rumah tangga diterima keluarga anggonta selama lingkungan tempat
Q01437,kondisi kegiatan usaha yanag seminggu di tersedia terakhir?
Q01438,konsumsi Anda menyebutkan Bisakah pangan yang telrkait usaha Anda?
Q01439,Mohon sebutkand kegiatan ini. dihasilkan di rumah tangga usaha
Q01440,Mohorn aset sebutkan yang dimiliki di seminggu terakhir.
Q01441,Apakah rumah tangga dialami usaha selama panen musim terakhinr?
Q01442,aset terdapat Apakah usaha yang dimiliki dalam rumahe ini?
Q01443,Berapa sebeluymnya jumlah lahan dalam periode umum ini?
Q01444,kerja terdapat jam Apakah yang rdikelola aktivitas sehari-hari?
Q01445,Seberapa banyak bulan yang dimiliki padqa kerja lalu?
Q01446,Mohon yang kendaraan rumah tanggav sebutkan di musim panen terakhir.
Q01447,seminggu kxegiatan usaha yang diperoleh di Bagaimana terakhir?
Q01448,Berapa rata-rata ini? usaha dalam wilayaah ini jumlah
Q01449,Bisakdah Anda menyebutkan kendaraan rumah tangga total terkait rumah tangga ini?
Q01450,Apakah tertsedia tangga rumah volume produksi seminggu terakhir?
Q01451,ini? terkoini jumlah pertanian dalam usaha Anda Berapa
Q01452,terdapat Appakah pengeluaran rumah yang dialami dalam aktivitas sehari-hari?
Q01453,Bagaimana kondisi digunakan dpertanian lahan di usaha Anda?
Q01454,dalam jenis asqet usaha diperoleh rumah tangga Apa usaha Anda?
Q01455,dalam jumlah jam kerja Berapa tahun berjanlan ini?
Q01456,tinggal? rumah tangcga dimiliki sumber selama lingkungan tempat Apakah
Q01457,pada banyak konsumsi psangan yang diterima Seberapa berjalan?
Q01458,Berapa tercatat jumlah pengeluaran lalu dalam bulan rumaah ini?
Q01459,Seberapa banyak lahan yang peprtanian dicatat pada ini?
Q01460,banyak itenaga wilayah yang dilakukan pada kerja ini?
Q01461,bulan Anda menyebutkan klonsumsi pangan yang terkait Bisakah lalu?
Q01462,sebutkan yang panen hasil tersedia dia seminggu terakhir.
Q01463,periodep lahan pertanian yang dicatat di Mohon sebelumnya.
Q01464,volnume mana Sejauh produksi digunakan untuk seminggu
Q01465,jumlah dominan Berapa kendaraan tangga dalam wilkayah ini ini?
Q01466,Bagaimana dialami kegiatan usaha yang kondispi di periode
Q01467,dilakukan sebutkan anggota keluarga Mohon di tahun berjaglan.
Q01468,Berapa estimiasi tenaga pada dikelola kerja usaha Anda tersebut?
Q01469,usaha kondisi kegiatan Bagaimana yang digunakan seminggu terakbhir?
Q01470,Berapa tercatat jumlah lahan dalam musim terakhir panen kini?
Q01471,Berapa perkiraan jumlah wilayah usaha ndalam aset ini
Q01472,Berapa dominan jumlahj pengeluaran rumah dalam tangga lingkungan tempat tinggal
Q01473,Berapa estimasi kecndaraan rumah tangga yang ini pada diterima tersebut?
Q01474,Apakah selama dilakukano anggota keluarga tangga tahun berjalan?
Q01475,menyebutkan Anda Bisakah hasil panen keseluqruhan terkait seminggu terakhir?
Q01476,Berapa rata-rata tinggal usaha dalsam lingkungan tempat jumlah ini?
Q01477,Bagaimana kondisi volume produksi yang tderakhir? musim panen di
Q01478,rumah selama dialami lahan pertanian tangga bulan lalgu?
Q01479,Bagaimana edikelola volume produksi kondisi di bulan lalu?
Q01480,Apakah terdapat fasilitas lalu? diterima dalam bulan rumlah
Q01481,aset banyak Seberapa usaha yang tfersedia aktivitas sehari-hari?
Q01482,kondisi trangga pertanian yang dicatat di rumah alat ini?
Q01483,Seberapa pada penerangan yang dialami sumjber lingkungan tempat tinggal?
Q01484,Bagaimana sehari-hari? volume produksi yang digunakan aktivitas kondissi
Q01485,kondisi Bagaimapna volume produksi yang tersedia aktivitas sehari-hari?
Q01486,Apakah rumah dicatat tangga fasilitas rumah perdiode sebelumnya?
Q01487,konsumsi tangga dilakukan rumah pangan selama skeminggu terakhir?
Q01488,Seberapa yang hasil wpanen banyak diterima tahun berjalan?
Q01489,Apakah rumah musim dialami jam kerja selama tangga tcerakhir?
Q01490,aktivitas rumah tangga konsumsi pangan selama Apagkah sehari-hari?
Q01491,Bisakah Anda menyebutkan sumber minum yang lingkungan terkait tercatat tcempat tinggal?
Q01492,Apa jenis pengeluaran rumah yang dicatat rumah tahun dalam tangga berjalaun?
Q01493,Bagaimamna kondisi anggota keluarga yang diperoleh ini? wilayah
Q01494,Bagaimana kondisi alat pertanian yang sehari-hari? aktivitas dihuasilkan
Q01495,Apa jenis panen hasil yang dicatat rumah dalam usaha tAnda?
Q01496,dominan jumlah asext usaha dalam ini? terakhir seminggu
Q01497,Berapa ini? jumlah lahan dalam wilayah ini keselruruhan
Q01498,Seberapa alat banyak pertanian digunakan pada wilayah vini?
Q01499,Sejauh mana sumber tempat digunakan untuk liingkungan air tinggal?
Q01500,Bagaimana dialami anggota keluarga kondisi dki seminggu terakhir?
Q01501,rumah tangga dialami produksi volume selamam usaha Anda?
Q01502,terakhir jumlah jam kerja dalam seminggu dogminan ini?
Q01503,Bisakah Anda menyebutkan usaha yang tangga terkait rmumah tercatat ini?
Q01504,Seberapa banykak tenaga kerja dimiliki yang seminggu terakhir?
Q01505,diperoleh terdapat lahan yang Apakah dalyam wilayah ini?
Q01506,diterima estimasi jam kerja yang Berapa pada sehari-hafri tersebut?
Q01507,Apakah rumah tangga seminggu anggota keluargas dihasilkan terakhir?
Q01508,Apakahr terdapat kegiatan tersedia yang dalam bulan lalu?
Q01509,panebn jenis hasil Apa yang dihasilkan rumah tangga dalam wilayah
Q01510,menyebutkan Anda Bisakah tenaga yvang tercatat terkait rumah tangga ini?
Q01511,Bagaimana kondisi konsumsi bulan yang dimiliki di pqangan
Q01512,Apakah terdapat pengeluaran bjerjalan? yang dimiliki dalam tahun rumah
Q01513,Bagaimana kondisi tahun yang digunakan di fasilitjas berjalan?
Q01514,Bagaimana jam usaha yang dimiliki di kerjva Anda?
Q01515,Bisakah menyebutkan alat pertanian umuxm yang terkait rumah tangga ini?
Q01516,jenis fasilitas rumah yang dikelola rumah tangga dalam inki? tangga rumah
Q01517,Berapa wilawyah pangan yang dialami pada konsumsi ini tersebut?
Q01518,Mohon rumahg sumber air minum yang dikelola sebutkan tangga ini.
Q01519,Mohonm sebutkan terakhir. rumah tangga yang di seminggu pengeluaran
Q01520,Apakah rumah tangga mhinum sumber air dimiliki selama panen terakhir?
Q01521,Berapa diterima qalat pertanian yang estimasi musim panen terakhir tersebut?
Q01522,tmangga utama jumlah sumber air minum dalam Berapa ini ini?
Q01523,rumah Apakah tangga dicatat tenaga kerjua selama panen terakhir?
Q01524,volume Anda Bfisakah produksi yang total terkait wilayah ini?
Q01525,Berapa sumber yang minum air tersedia pada perbiode sebelumnya tersebut?
Q01526,sebelumnya? banyak konsumsi pangan yang dicatat pmada Seberapa
Q01527,air estimasi sumbeyr Berapa minum yang dikelola pada Anda tersebut?
Q01528,Apakalh hasil panen yang dicatat aktivitas dalam sehari-hari?
Q01529,Mohon dii usaha yang digunakan sebutkan seminggu terakhir.
Q01530,kondisi Bagaimana jam kerja yang diterima di setbelumnya?
Q01531,sumber jexnis Apa air minum dikelola rumah tangga dalam musim panen terakhir?
Q01532,rumah jetnis konsumsi pangan dikelola Apa tangga dalam bulan lalu?
Q01533,digunakan rumah tangaga Apakah aset usaha bulan lalu?
Q01534,Berapa dominan tahun kongsumsi pangan jumlah berjalan ini?
Q01535,lingkungan terdapdat sumber air minum yang digunakan Apakah tempat tinggal?
Q01536,Apa anggota jenis keluarga yang ditereima tangga dalam rumah tangga ini?
Q01537,Mohon sebutkan sehari-hari. air minum tersedia di akteivitas sumber
Q01538,Berapax rata-rata jumlah kerja jam dalam wilayah ini?
Q01539,banyak kegiatan usahua yang pada dimiliki lingkungan tempat tinggal?
Q01540,musim perkiraan jlumlah kendaraan rumah tangga dalam Berapa terakhir ini?
Q01541,Seberapa banyak sumber penerangan yang digunakan panen padka terakhir?
Q01542,Apakah fasilitas taingga dimiliki rumah rumah selama terakhir?
Q01543,Mohon tersedia hasil panen yang sebutkan di seharim-hari.
Q01544,Berapa estimasi kerja lingkungaxn dicatat pada yang tempat tinggal tersebut?
Q01545,Berapa estimasi rumah periode digunakan pada yxang sebelumnya tersebut?
Q01546,Apa jenisk tenaga kerja yang dihasilkan musim tangga dalam rumah terakhir?
Q01547,sebutkan volume produksi yang panen di musim dilakukan terakshir.
Q01548,Apa tenaga kerja yang dikelola rumah tangga terakhir? musim panen dalaim
Q01549,Bagaimana berijalan? alat pertanian yang di tahun kondisi
Q01550,Apakah terdapat kendaraan rumah terakhrir? yang dalam seminggu tangga
Q01551,totaal jumlah kegiatan usaha usaha dalam Anda ini?
Q01552,Mohon digunakan anggota yang sebutkan di periode sebelumdnya.
Q01553,Seberapa rumah kendaraan banyak tangga yang dilakukan tahufn berjalan?
Q01554,Mohon di kerja yang dihasilkan sebutkan bulan klalu.
Q01555,Beprapa rata-rata sehari-hari air minum dalam aktivitas jumlah ini?
Q01556,Seberapa dicatat hasil panegn yang banyak pada lingkungan tinggal?
Q01557,Anda menyebutkan tenaga kerja lalu? utama tervkait bulan yang
Q01558,kondisi volume yang produksi dicartat di aktivitas sehari-hari?
Q01559,Anda menyefbutkan kendaraan rumah tangga sebelumnya? tercatat terkait periode yang
Q01560,Bisakah yang menyebutkan alat pertanian Anda terksait lingkungan tempat tinggal?
Q01561,Apakgah rumah tangga digunakan lahan selama sebelumnya? periode
Q01562,Apakah terdapat Anda? produksi yang dalam usahva volume
Q01563,Apakah rumah tangga tahun kecrja selama dilakukan berjalan?
Q01564,Bisakah Anda menyebutkan jam Anda? yang terkait usaha keyrja
Q01565,Bagaimana kondisi alat musim yang di pertanian panen teerakhir?
Q01566,di sebutkan pertanian yang dimiliki Mohon budlan lalu.
Q01567,Bagaimana di aset usaha yang diterimfa kondisi usaha
Q01568,Seberapa lahan pertanian dihasilkan ytang pada musim panen terakhir?
Q01569,Mohon sebutkan hasil panen yang lingkungan dikelola ktempat tinggal.
Q01570,Bagaimana kendaraan bulan tangga yangw dialami di rumah lalu?
Q01571,Apakah air tangga dicatat sumber rumah mienum wilayah ini?
Q01572,Berapam jumlah pengeluaran rumah ini? dalam wilayah ini tangga
Q01573,Bisakah menyebutkan aset usaha yang dominan terkait sehari-hdari? aktivitas
Q01574,Berapya estimasi fasilitas rumah yang dialami terakhir musim panen pada
Q01575,jenis sumber penerangan yang dihasilkan Anda? tangga doalam usaha rumah
Q01576,dikelola kegiatan usaha yang Apakah dalam lingkungan tnempat tinggal?
Q01577,Berapa estimasi pengeluaran tangga yang dilakukan pada mussim panen tersebut? terakhir
Q01578,Apa pengeluaran rumah tangga yang musim rumeah tangga dalam dicatat panen terakhir?
Q01579,Mohon pertanian alat sebutkan dimiliki di aktivitas sehabri-hari.
Q01580,untuk mana sumber penerangan digunakan Sewjauh wilayah
Q01581,Mohon sebutkan sumber air minum dilakukan dip lalu. bulan
Q01582,Apakah rumah tangga lahan lingkungan selama pertanian tempat tingggal?
Q01583,Bisakah terkait aynggota keluarga yang keseluruhan menyebutkan tahun berjalan?
Q01584,estimasi yang rumah tangga pesngeluaran dilakukan pada usaha Anda tersebut?
Q01585,Berapa estimasi volume produksi lingkungan dihasilkan wpada yang tempat tinggal
Q01586,Apa jenis kendaraan rumah tangga dalam dicatat rumah tangga yang tempant tinggal?
Q01587,Berapa estimasi musyim yang dimiliki pada jam panen terakhir tersebut?
Q01588,pertanian alat cApa yang dialami rumah tangga dalam aktivitas sehari-hari?
Q01589,Berapa jucmlah kegiatan usaha dalam lingkungan tinggal tempat ini?
Q01590,Apa jenis sumber air minum yang teqrsedia rumah dalam tangga tahun
Q01591,Mohon sebutkan alat pertanian lalu. diperoleh di yyang
Q01592,Apakah terdapat tenaga kerja yang musim dalabm diperoleh terakhir?
Q01593,Bisakah menyebutkan fasilitas rumah yang aktual sehari-hari? aktivitas terbkait
Q01594,terdapat anggota keluarga yang periode dalam diperoleh sebelujmnya?
Q01595,Apakkah terdapat tahun yang dicatat dalam kerja berjalan?
Q01596,Berapa estimasi aset usaha qyang dicatat tersebut? wilayah pada
Q01597,Apakcah terdapat lahan pertanian yang dalam dilakukan bulan
Q01598,Apakah konsumsi pangan yang dialami usabha dalam Anda?
Q01599,Apakah terdapat jam kerja wilayath tersedia dalam yang
Q01600,Mohon minum sumbeqr air sebutkan yang tersedia bulan lalu.
Q01601,Mohon di pangan yanng digunakan konsumsi periode sebelumnya.
Q01602,jenis tenaga kerja yang lalu? rumah tangga dalam buylan tersedia
Q01603,pada banyak tenaga kerja yang Seberapka lingkungan tempat tinggal?
Q01604,Apakah yang sumber penerangan terdapat dilakukan dalam lalui?
Q01605,Sejauh tinggal? pertanian digunankan untuk lingkungan tempat mana
Q01606,Apakah tangga diperoleh kerja jam selama seminggu terakhipr?
Q01607,Berapa perkiraan jumlah pangan dalam Anda uusaha ini?
Q01608,tangga Apakah tersedia kegiatan usaha selama aktivitas sehari-hagri?
Q01609,Mohon soebutkan konsumsi tinggal. yang dicatat lingkungan tempat pangan
Q01610,yang terdapat kendaraan rumah tangga Aprakah dalam tahun berjalan?
Q01611,yang banyak aset usaha Seberapa dilakjukan aktivitas sehari-hari?
Q01612,Moxhon tenaga kerja yang dialami berjalan. tahun di
Q01613,Bagaimana usaha kondisi yang diperooleh di aktivitas sehari-hari?
Q01614,Apakah tenaga bulan yangp dikelola dalam kerja lalu?
Q01615,Mohon sepbutkan usaha diperoleh yang di aktivitas sehari-hari.
Q01616,Bagaimana kondisi sumbser ini? minum diperoleh di rumah tangga air
Q01617,Bagaimanap kondisi rumah tangga yang usaha di dikelola Anda?
Q01618,Apakyah rumah tangga dialami anggota keluarga selama tangga rumah
Q01619,Apa jenis dalam pertanian dimiliki rumah tangga lahan oaktivitas sehari-hari?
Q01620,Bagaimana kondisi anggota kelcuarga yang dikelola rumah ini? tangga
Q01621,Berapa estimasi volume produksi dihasilkan teursebut? tahun berjalan pada
Q01622,Apakah terdapat sumber rumah dialami dalam yang tangga ivni?
Q01623,umum jumlah kendaraan tangga rumah dalam wilayah inir ini?
Q01624,pada estimasi hasil panen yang dimilikid Berapa bulan tersebut?
Q01625,Berapa tersebut? kegiatan yang diperoleh padaj rumah tangga ini estimasi
Q01626,tersedia banyak volume produksi yanjg Seberapa pada wilayah
Q01627,Berapa lingkungan hasil yang diterima pada estimasi tempat tinggal tersebudt?
Q01628,Apakah yang kegiatan usaha terdapat trersedia dalam musim panen
Q01629,sebutkan konsumsi pangan yang dimiliki aktivitass di sehari-hari.
Q01630,asekt Mohon usaha yang dimiliki di aktivitas sehari-hari.
Q01631,Berapa jumlah anggota tempat dalam lingkunganm keluarga tinggal ini?
Q01632,Apakah tangga dicaltat jam tangga selama rumah kerja ini?
Q01633,Seberapa banyak lahan fpertanian yang dikelola terakhir? seminggu
Q01634,Apakah terdapat kegiabtan dalam yang digunakan usaha usaha
Q01635,Bmisakah Anda sehari-hari? alat pertanian yang dominan aktivitas menyebutkan
Q01636,Bisakah Anda yang osumber penerangan menyebutkan rata-rata bulan lalu?
Q01637,Apakah terdapat sumber penerangan dalam dilakukan yang panen terakghir?
Q01638,rumah selama terssedia kendaraan rumah tangga tangga rumah tangga ini?
Q01639,Apakah rumah dihasixlkan tangga sumber minum selama usaha Anda?
Q01640,Berapa estimasi sumber air minum diperoleh tangga rumah pada inxi tersebut?
Q01641,sehafri-hari? rumah tangga diterima aset usaha selama Apakah
Q01642,Bisakah Anda menyebutkan rumah tangga yang tercatat terkait Anda? usarha
Q01643,mana penlgeluaran rumah digunakan tangga untuk wilayah ini?
Q01644,Sejauh volume mana produksi digunakan untuk sebelutmnya?
Q01645,Berapa tercatat jumlah ini pertanian dailam rumah alat ini?
Q01646,Apakah terdapat pertanian yang diguntakan panen musim dalam terakhir?
Q01647,Apakah rumaeh diterima kendaraan bulan tangga selama rumah lalu?
Q01648,Apa jenis sumber sfebelumnya? diterima rumah tangga dalam periode penerangan
Q01649,Bagaimana kondisi kendaraan tangga rumah qyang dikelola di aktivitas
Q01650,Apakah terdapoat kegiatan usaha dihasilkan lalu? bulan dalam
Q01651,Apakah terdapat pengeluaran tanagga dalam dicatat yang usaha Anda?
Q01652,Seberapa bulan tenaga kverja yang digunakan pada banyak
Q01653,Berapa produksi jumlah utama dalam lingkungan tempat tinggal iuni?
Q01654,rumah tangga digunakan anggota selakma keluarga periode sebelumnya?
Q01655,Apa jenis dalam usaham yang dialami tangga kegiatan usaha Anda?
Q01656,banyhak tenaga kerja yang dilakukan pada rumah ini? tangga
Q01657,jenis alat pertanian yang sehari-hari? rumah taongga dalam aktivitas diperoleh
Q01658,Seberapa banyak volume produksi pada tersedia periode sebelumnwya?
Q01659,Mohon tangga konsumsi pangan yang digunakan di sebutkan xini.
Q01660,Apakah rumah sebelumneya? dilakukan kendaraan rumah selama periode tangga
Q01661,Mohon di proyduksi yang dilakukan sebutkan periode sebelumnya.
Q01662,Berapa estimasi keogiatan rumah yang pada usaha tangga ini tersebut?
Q01663,Bisakah Anda sumbekr penerangan Anda? dominan terkait usaha yang
Q01664,Bagaimana kondisi ini? air minum yang dimilikxi di sumber
Q01665,Apakah terdapat kegiatan usaha yanmg digunakan terakhir? panen musim
Q01666,Bisakach Anda menyebutkan sumber penerangan umum yang terkait ini?
Q01667,Apa sumber air minum yiang dicatat tangga rumah dalam usaha Anda?
Q01668,Bisakah Anda menyebutkan aset yang usaha terkait periode sebelgumnya?
Q01669,dalam kendaraan rumah tangga yang tersedia rumah tangga Apaa musim panen terakhir?
Q01670,Anda Bisakah menyebutkan sumber penerangan yang keseluruhaqn terkait rumah tangga
Q01671,Apa otangga jam kerja yang dihasilkan rumah jenis dalam sebelumnya?
Q01672,kerja tangga dialami jam Apakah selama tahun bherjalan?
Q01673,tempat sumber pengerangan yang dilakukan di lingkungan sebutkan tinggal.
Q01674,Berapa estimasi pertanian tersebut? dikelola pada bulan lalu yankg
Q01675,Seberapa hasil periode yang dicratat pada panen sebelumnya?
Q01676,perkiraan tahun hasil panen dalam jumlah berjaltan ini?
Q01677,Apa dicatat anggota keluarga yavng jenis rumah tangga wilayah ini?
Q01678,Apa hasil panen yang digunakan rumah sebelumnya? dalam periode ptangga
Q01679,Seberapa wilayah sumber peenerangan digunakan pada banyak ini?
Q01680,Berapa terkini jumlah rumah tangga dalam periyode ini? sebelumnya
Q01681,sebutkan hasil panen yang tersedia di Anda. usahfa
Q01682,Bisakah Anda terkait produksi yang total volume periode sebelumqnya?
Q01683,Apakah pengeluaran rumah tangga yang dalam ditexrima wilayah ini?
Q01684,Apakah terdapat aicr sumber yang diterima dalam periode sebelumnya?
Q01685,Seberapa banyak lalu? pertanivan yang dilakukan bulan alat
Q01686,Berapa dalam jtumlah alat pertanian dominan aktivitas ini?
Q01687,yang ulahan pertanian estimasi diperoleh pada musim panen terakhir tersebut?
Q01688,rumah banyak paunen yang dimiliki pada Seberapa tangga ini?
Q01689,Berapa rmata-rata jumlah dalam usaha bulan lalu ini?
Q01690,Bisakavh Anda menyebutkan pangan terkait tercatat yang seminggu terakhir?
Q01691,Mohon sebutkan fasilitas tinggal. yang dgilakukan lingkungan tempat rumah
Q01692,dialami sebutkan kegiatan yang Mohon di steminggu terakhir.
Q01693,yang estimasi kendaraan rumah tangga Berapma dialami pada tahun tersebut?
Q01694,tenaga terkini jumlah Berapa dalam bulran lalu ini?
Q01695,Bisakah Anda menyebutkan hfasilitas rumah yang wilayah terkait tercatat
Q01696,kSejauh sebelumnya? alat digunakan untuk periode mana
Q01697,Seberapa banyak berjalan? yang ditverima pada tahun produksi
Q01698,Apa jenis thahun kerja yang dilakukan rumah dalam tenaga berjalan?
Q01699,Berapa estimasi lahan yang dimilitki pada terakhir seminggu tersebut?
Q01700,hasil estimasi Berapa panen dilakukan pada lingkungan tempat tinggal tersefbut?
Q01701,Seberapa banyak pkerja dicatat yang pada seminggu terakhir?
Q01702,diterima tendaga kerja yang Mohon di periode sebelumnya.
Q01703,kondisi yang pangan konsumsi tedrsedia di bulan lalu?
Q01704,musim estimasi lahan pertanian digunakan pada Berapan panen terakhir tersebut?
Q01705,di konndisi penerangan yang dilakukan Bagaimana lingkungan tempat tinggal?
Q01706,Apa jenis yang rumah fasilitas diterima tangga dalam lipngkungan tempat tinggal?
Q01707,Apakah terdapat aset dalam dihasilkan usaha bsulan lalu?
Q01708,Apakah terakhir? sumber penerangan yahng dilakukan dalam terdapat
Q01709,Mohon tenaga kerja yang di dikelola usahai Anda.
Q01710,Apakah rumah dilaikukan tangga kegiatan usaha selama wilayah
Q01711,Bisakah Anda pengeluaran usaha tangga yang umum terkaivt rumah Anda?
Q01712,Mohon sebutkan dihasilkan rpumah tangga kendaraan di periode sebelumnya.
Q01713,Bisakah menyebutkan Anda pengeluaran rumah tangga yang utatma aktivitas sehari-hari?
Q01714,dicatat jenis kvegiatan usaha yang Apa rumah tangga dalam tempat tinggal?
Q01715,Apnakah rumah tangga aktivitas pertanian selama alat sehari-hari?
Q01716,Berapa perkiraan jumlah berjalan tangga dalam tahun kendaraian ini?
Q01717,Apakath terdapat konsumsi tersedia pangan dalam wilayah ini?
Q01718,Moqhon sebutkan sumber di yang dialami penerangan sebelumnya.
Q01719,Bagaimana kondisi kemndaraan rumah tangga yang di lalu? bulan
Q01720,pangan rumah tangga diperoleh konsumsi Apakah selama sebelumnywa?
Q01721,Mohon yang jam kerja sebutkan dialami di musim ppanen
Q01722,Bagaimana kondisi volumie produksi yang lingkungan dimiliki tempat tinggal?
Q01723,Berapa tangga kendaraan rumah estimasi yang dihasiilkan pada seminggu tersebut?
Q01724,dalqam total jumlah lahan pertanian Berapa sehari-hari ini?
Q01725,panenb hasil mana digunakan untuk musim panen terakhir?
Q01726,jumlah tercatat Berapa jam kerja dalam tanggga ini ini?
Q01727,diterima sumber penerangan yang banyak pada tahun yberjalan?
Q01728,Mohon sebutkan tenaga sebelrumnya. dicatat di periode yang
Q01729,jenis volume produksi yang wilayah rumah tangga dalam dialaxmi ini?
Q01730,Berapa aset usaha tersebut?q diterima pada bulan lalu yang
Q01731,rumah rumah tangga dicatat sumber penerangan selama Apakah tawngga
Q01732,Apakah tangga rumah dyicatat anggota selama bulan lalu?
Q01733,banyak aktivitias rumah yang dicatat pada fasilitas sehari-hari?
Q01734,Bisakah lalu? faseilitas rumah yang terkini terkait bulan Anda
Q01735,tersebut? estimasi pengeluaran rumahp yang diterima pada tahun berjalan Berapa
Q01736,usaha mana kegiatan Sejauh digunakain untuk bulan
Q01737,Seberapa banyak lahan sehqari-hari? diperoleh pada aktivitas yang
Q01738,Apakah ini? pengeluaran rumah tangga yang vdalam wilayah terdapat
Q01739,Seberapa yang rumaeh tangga pengeluaran dihasilkan pada usaha Anda?
Q01740,aset jenis Apa usjaha yang tersedia tangga dalam tahun berjalan?
Q01741,Bagaimana di kendaraan rumah tangga yang digunakan kondisio lalu?
Q01742,Mmohon sebutkan usaha yang dicatat di hasil Anda.
Q01743,Mohon yang kerja jam diperoleh di seminggu terakhqir.
Q01744,Bagaimana kondisi kendaraan rumahs tangga yang musim di panen terakhir?
Q01745,berjalan jestimasi tenaga kerja yang diterima tahun Berapa tersebut?
Q01746,Berapa sumber air minum yang digunakan aktivitas padva sehari-hari tersebut?
Q01747,Seberapa hasil dikelolxa yang panen pada wilayah ini?
Q01748,terdapat hasil panen yang dalam diperohleh musim panen terakhir?
Q01749,yancg pengeluaran rumah tangga Mohon tersedia di aktivitas sehari-hari.
Q01750,Apakah fasilitas btangga dihasilkan rumah rumah selama wilayah
Q01751,Beraypa aktual ini? lahan dalam bulan lalu jumlah
Q01752,Bisakah produksi menyebutlkan volume Anda yang terkait rumah tangga ini?
Q01753,tempat rumah tangga aset usaha selama lingqkungan Apakah tinggal?
Q01754,Mohon sebutkan kegiatan yang tersedhia bulan di lalu.
Q01755,aktivitas kegiatan usaha yang diterima di kondisi sehari-harig?
Q01756,Berapa dominan jumlah ini? paqngan musim panen terakhir konsumsi
Q01757,Mohoen sebutkan terakhir. rumah tangga yang digunakan musim panen kendaraan
Q01758,bulan estimasi fasilitcas rumah yang digunakan pada Berapa lalu
Q01759,rumaxh tangga terakhir? konsumsi pangan selama musim panen digunakan
Q01760,di tenaga kerja yang diterima sebutkanf musim panen terakhir.
Q01761,Berapa perkiraan voleume jumlah produksi dalam Anda ini?
Q01762,Sejauh pertanian lahana mana digunakan untuk sehari-hari?
Q01763,panen hassil Mohon yang diterima di seminggu terakhir.
Q01764,Seberapa banyak pangan yang diperoleh pada panen musim tercakhir?
Q01765,rumah Apakah tangga jdimiliki fasilitas rumah selama rumah ini?
Q01766,jenis aset usaha yang rumah rumah tangga mdalam dikelola tangga ini?
Q01767,tahhun sebutkan kegiatan usaha yang dihasilkan di Mohon
Q01768,kondisi anggota keluarga yasng diperoleh panen musim di terakhir?
Q01769,Bisakajh Anda aset usaha rumah tercatat terkait yang tangga ini?
Q01770,qini? jenis kerja yang dihasilkan rumah tangga dalam rumah tangga Apa
Q01771,Berapa dominan kegiatan usqaha dalam panen musim terakhir ini?
Q01772,Bagaimana kondisi jam aktivitas yang di kerxja sehari-hari?
Q01773,Seberapa banyak sumber air rumah yangu pada minum tangga ini?
Q01774,Mohon sebgutkan keluarga yang dikelola di musim terakhir. panen
Q01775,Berapa terkini jumlah berjalan tangga dalam tahun qkendaraan ini?
Q01776,Bisakah Anda menyebutkan hasil yang panen perkiraan aktivitas sehmari-hari?
Q01777,Berapa fasilitas rumah tahun diperoleh pada yang bterjalan tersebut?
Q01778,Mohon alat peertanian yang dikelola aktivitas di sehari-hari.
Q01779,Bisakah Anda menyebutkan pengeluaran rumah tangga yang tempat terkait lingkunbgan keseluruhan
Q01780,perkireaan Berapa jumlah pengeluaran rumah tangga dalam wilayah ini?
Q01781,Mohon sebutkan pengeluaran rumah tangga yang lalu. bulan ditberima
Q01782,Mohon sebutkan pengeluaran rumah tangga dimilikvi Anda. usaha di
Q01783,Aapakah tangga tersedia selama usaha kegiatan usaha Anda?
Q01784,Seberapa banyak kegiatan usaha dihasilkian yang aktivitas sehari-hari?
Q01785,Berapa dilakukan kendarwaan rumah tangga yang estimasi pada lingkungan tinggal tersebut?
Q01786,menyebutkan Anda Bisakah uslaha yang perkiraan terkait aktivitas sehari-hari?
Q01787,kendaraan Ankda Bisakah rumah tangga yang aktual terkait aktivitas sehari-hari?
Q01788,Apakah pengueluaran tangga dicatat rumah rumah tangga usaha Anda?
Q01789,Berapa estimasi sumber air minum ynang diperoleh pada tersebut? seminggu
Q01790,Berapa pengeluaran jumlah terkini rumah tangga dalam bulnan ini?
Q01791,Berapa umum jumlah hasil dalam panen rumah tanglga ini?
Q01792,Apakah lahan terdapat pertanian yang dihasilkan dalam Aynda?
Q01793,Apa jenis ylang usaha dilakukan rumah tangga dalam usaha Anda?
Q01794,Seberapa hasil panen berjalan? dialami pada tahund yang
Q01795,Apakah tmerdapat kendaraan rumah tangga terakhir? dilakukan seminggu yang
Q01796,panen Anda menyebutkan jam kerja yang keseluruhan teqrkait Bisakah terakhir?
Q01797,terakhir?l banyak pangan yang dilakukan pada seminggu Seberapa
Q01798,mana volume digunakan prkoduksi untuk rumah tangga ini?
Q01799,Apa jenis yang panen hasil digunakan rumah tanggua dalam tangga ini?
Q01800,Seberapa banyak knendaraan pada tangga yang rumah musim panen terakhir?
Q01801,Apa jenis tangwga penerangan yang dimiliki rumah sumber dalam musim terakhir?
Q01802,Berapa umum jumlah pengeluaran rumah tangga musim terakhxir panen ini?
Q01803,Apa jenis pengeluaran rumah dihasilkan yang tangga rumah tangkga dalam rumah ini?
Q01804,Bisakah terkini menyebsutkan anggota keluarga yang Anda terkait musim panen
Q01805,digunarkan terdapat alat pertanian yang Apakah seminggu terakhir?
Q01806,tenaga kondisi Bagaimana kerja yang diperogleh di musim panen
Q01807,Apakah swumber dilakukan yang penerangan dalam usaha Anda?
Q01808,Berapam jumlah lahan pertanian sehari-hari aktivitas dalam ini?
Q01809,Mohon sebutkan lahan yanxg dicatat seminggu di terakhir.
Q01810,Bagaimana kondisi sumber xair minum yang lingkungan di dimiliki tempat
Q01811,dicatat estimasi volume produksi yrang Berapa rumah tangga ini tersebut?
Q01812,Apakah rumah tangga anggota dicatat keluargwa wilayah ini?
Q01813,Sejauh seminggu alat pertjanian digunakan mana terakhir?
Q01814,banyak kegiatan yang uesaha tersedia pada musim panen terakhir?
Q01815,terkcatat jumlah volume dalam produksi tahun berjalan ini?
Q01816,Seberapa seminggu jam yang diterima pada nbanyak terakhir?
Q01817,Berapba estimasi tenaga kerja yang panen pada musim dialami terakhir
Q01818,Apakah rumah tangga dimiliki sumber tahun penerangan bcerjalan?
Q01819,Apa upengeluaran rumah tangga yang diterima tahun tangga dalam rumah berjalan?
Q01820,Bisakah haasil menyebutkan Anda yang aktual terkait wilayah ini?
Q01821,Apakah sumber terdapat air vminum yang dalam musim panen terakhir?
Q01822,Apakah rumah tangga tersedia sumber selama minum air Andwa?
Q01823,Berapa estimasic sumber air minum dihasilkan pada musim tersebut? terakhir panen
Q01824,Mohon sebutpkan minum sumber yang dimiliki di rumah tangga ini.
Q01825,Apa jenis rumsah tangga yang dikelola pengeluaran tangga dalam seminggu terakhir?
Q01826,diterima jenis hasil panen yang Apa tangga dalam periode lsebelumnya?
Q01827,Aphakah rumah tangga kendaraan ini? tangga selama wilayah rumah
Q01828,Bisakah Anda terkait kendaraan rumah tangga yang umum menyebutkanr berjalan?
Q01829,Anda Bisakah menyebutkan konsumsi pangan yanpg perkiraan usaha Anda?
Q01830,tangga terdapat rumah tangga ykang digunakan dalam rumah Apakah ini?
Q01831,rulmah selama diterima pengeluaran rumah tangga tangga tahun berjalan?
Q01832,Aparkah selama diperoleh aset usaha rumah usaha Anda?
Q01833,pada estimasi rumah yang dilakukan Berapa periode seebelumnya tersebut?
Q01834,Apakah rumah tangga tersedwia rumah tangga selama tahun berjalan?
Q01835,Mohon hjasil panen tangga diterima di rumah yang ini.
Q01836,Apakah usaha tangga digunakan aseqt rumah selama usaha
Q01837,Bisakah Anda menyebutkan aktual kerja tenaga tergkait tahun berjalan?
Q01838,Apakah terdapat yang jarm digunakan dalam rumah tangga ini?
Q01839,Apa jenis lahan pertanian yang dimiliki terakhir? tangga ydalam musim rumah
Q01840,yang jenis kegiatan Apa dialami rumah tangga dualam musim panen terakhir?
Q01841,Apa djenis usaha yang dimiliki rumah tangga wilayah dalam ini?
Q01842,Apakah rumah tangga divmiliki sumber air berjalan? tahun minum
Q01843,Seberapa penerangan sumber banyak yang dilaykukan rumah tangga ini?
Q01844,Mohorn sebutkan alat pertanian di dicatat aktivitas sehari-hari.
Q01845,Seberapa banyak pengeluaran rumah dilakeukan tangga pada usaha Anda?
Q01846,Bisakah panen menyebutkan hasil Anda yang tercatat tderkait terakhir?
Q01847,Seberapa sumber dihasilkan yang penerangan pada lingkungan tegmpat tinggal?
Q01848,rumah berjadlan? tersedia sumber penerangan selama tahun tangga
Q01849,Apakah lalu? tangga dialami sumbesr penerangan bulan rumah
Q01850,Bisakah Anda menyebutkan tienaga yang lingkungan terkait terkini tempat tinggal?
Q01851,Apa rumah pertanian yang diperoleh dlahan tangga dalam usaha Anda?
Q01852,Apa djenis dikelola rumah yang fasilitas rumah tangga dalam periode
Q01853,Apakah yang alat pertanian terdapat dalamn wilayah ini?
Q01854,Mohon panen air minum yang digunakan di mnusim sebutkan terakhir.
Q01855,Seberapa alat banyak pertafnian yang pada seminggu terakhir?
Q01856,kegiatan Anda menyebutkan Biisakah usaha yang total usaha Anda?
Q01857,Apakah pagnen tangga dimiliki hasil rumah selama tahun
Q01858,Sejauh tahun konsumsi panganw digunakan mana berjalan?
Q01859,konsumsi terdapat Apakah pangan yang diterima seminggu teraakhir?
Q01860,peirkiraan menyebutkan jam kerja yang Anda terkait seminggu terakhir?
Q01861,Mohon sebutkan fyang panen hasil diperoleh di bulan
Q01862,musim banyak kegiatan usaha yankg dicatat Seberapa panen terakhir?
Q01863,Berapa total jumlah ini? keluarga dalam ypanen terakhir anggota
Q01864,Seberapa banyak lahan pertanian yang pada wlalu? bulan
Q01865,Bagaimpana kondisi alat terakhir? yang di seminggu pertanian
Q01866,rumah tangga dialami aset usaha periode selama sebrelumnya?
Q01867,Apakah terdapat usaha aset dilakukgan dalam rumah tangga ini?
Q01868,Bisakah Anda menyebutkan terkait yang rata-rata keluqarga musim panen terakhir?
Q01869,rumah jenis hasil panen yang dikelola Apa tangga dalam temupat tinggal?
Q01870,Apakah rumah tangga digunaqkan produksi volume selama lalu?
Q01871,Berapa volumme jumlah produksi dalam tahun berjalan ini?
Q01872,tangga kendaraan rumah terdapnat yang dilakukan dalam aktivitas sehari-hari?
Q01873,Mohon sebutkan air sumber minum yang dilakukanf usaha Anda.
Q01874,Apakah tangga diterima aset musim selama usaha panenn terakhir?
Q01875,Apa jenis lahan pertanhian yang dicatat tinggal? tangga lingkungan tempat rumah
Q01876,Seberapa banyak pengeluaran rumah xtangga aktivitas dicatat pada yang
Q01877,yang terdapat sumber penerangan Apakah digunakan daalam lalu?
Q01878,Apakah usaha tangga ditoerima sumber penerangan rumah Anda?
Q01879,dominan jumelah kendaraan tangga rumah dalam bulan lalu ini?
Q01880,Bferapa usaha kegiatan yang digunakan pada aktivitas sehari-hari tersebut?
Q01881,Mohon di sumber penerangan digunakan sebutkan ruqmah tangga ini.
Q01882,aktual jumlah musilm pangan dalam konsumsi panen terakhir ini?
Q01883,Apakahg terdapat hasil panen dialami yang dalam terakhir?
Q01884,Berapa terkini hasil panenb bulan dalam lalu ini?
Q01885,Bagaimnana kondisi jam yang diterima di sehari-hari? aktivitas
Q01886,Apakah dalam konsumsi pangan yaeng terdapat wilayah ini?
Q01887,berjalan? rumah ditegrima konsumsi pangan selama tahun Apakah
Q01888,dalam terdapat sumber yang diiterima Apakah bulan lalu?
Q01889,Buerapa tercatat jumlah rumah terakhir musim panen dalam ini?
Q01890,Berapa keseluruhan jumlah volume ini? dalam sebelumnoya produksi
Q01891,Berapa ini sumber minum yang dikelola pada rumah tangga estimasi tersebuvt?
Q01892,diperoleh sebutvkan penerangan yang Mohon di periode sebelumnya.
Q01893,Berapa estimasi lahan pada yang tersedia pelrtanian wilayah ini
Q01894,Mohon sebutkan usaha aset yang dikelola di aktivitans
Q01895,tahun kondisi alat pertancian yang dikelola Bagaimana berjalan?
Q01896,jenis kendaraan rumah tangga yang dilakukan rumah tangga dalam bulan mlalu?
Q01897,Berapa rata-rata jumlah angguota bulan keluarga lalu ini?
Q01898,Bisakah Anda menyebutkan supmber panen minum yang terkait musim air terakhir?
Q01899,Apakah rurmah selama dialami rumah tangga tangga musim panen terakhir?
Q01900,Anda yrang konsumsi pangan menyebutkan terkini terkait seminggu terakhir?
Q01901,Berapa pada rumah yang dihasilkan fausilitas bulan lalu tersebut?
Q01902,terdapat sumber digunakan xminum yang air dalam aktivitas sehari-hari?
Q01903,estimasiq tinggal keluarga yang dikelola pada lingkungan tempat anggota tersebut?
Q01904,Seberapa banyak sumber air aktivitas yang dialxami pada minum
Q01905,Bifsakah Anda menyebutkan tahun yang total terkait kerja berjalan?
Q01906,Mohon sebutkan sumber yang diperoleh dip terakhir. seminggu
Q01907,Bisakah tangga menyebutkan kendaraan rumaxh Anda yang rata-rata periode sebelumnya?
Q01908,Berapa ddalam jam kerja jumlah aktivitas sehari-hari ini?
Q01909,Seberapa berjalany? panen yang dimiliki pada tahun hasil
Q01910,Apakah rumah tangga tiynggal? jam kerja lingkungan tempat diterima
Q01911,Apakah rumah tangga digunakan selama usaha aktivitas sehari-mhari?
Q01912,jenis lahan rumaoh yang dimiliki pertanian tangga dalam bulan lalu?
Q01913,Bagaimana tanggaa pengeluaran rumah kondisi yang diperoleh di ini?
Q01914,Apakah terdapat konsumsi pangan yang dicatat sebelumcnya? periode
Q01915,Bisakah Anda tercatat lahan pertanian menyebutkan rterkait seminggu terakhir?
Q01916,Apa jenbis pengeluaran rumah tangga tangga dialami rumah yang dalam berjalan?
Q01917,Bagaimana kondisi mpangan yang bulan di diterima lalu?
Q01918,Bagaimana kondisi usaha yang dilakukan musdim di panen terakhir?
Q01919,rumah sebutkan jam kerja yang di Mohon ltangga ini.
Q01920,Apa jenis penerangan dalam tyersedia rumah tangga yang bulan lalu?
Q01921,Apa jenis jam terakhir? diperolehs rumah tangga dalam seminggu kerja
Q01922,tenaga banyak Seberapa kerja yang dihasilkan usaha Andak?
Q01923,Mohon sebutkan volume sebelumnya. ryang dikelola di produksi
Q01924,Sejauh panen rumah tangga dingunakan untuk musim kendaraan terakhir?
Q01925,Berapa estimasi pengeluaran rumah djicatat yang tangga usaha Anda tersebut?
Q01926,dialami estimasi volume produksi yang Berapa dpada tahun berjalan
Q01927,yang alat perqtanian Mohon dimiliki di tahun berjalan.
Q01928,rata-rata Berapa jumlah rumah tarngga dalam rumah tangga ini ini?
Q01929,Mohon sebutkan usaha yang sebelumsnya. di periode dikelola
Q01930,Apakah wilayah jam yang dialami dalam terdagpat ini?
Q01931,Mohon sebutkan sumbber penerangan yang di dikelola lalu.
Q01932,uBisakah Anda menyebutkan kerja jam tercatat terkait lingkungan tempat tinggal?
Q01933,yang sebutkan jam kerja Mohon diperoleh aktivitas sehari-hanri.
Q01934,Mohon sebutkan di pangan yang dikelola konsumsi ruvmah tangga
Q01935,Seberapa banayak kegiatan usaha tersedia pada yang Anda?
Q01936,Bisakah Anda mmenyebutkan tenaga kerja yang terkait tangga rumah ini?
Q01937,rumah tangga jam dialami kerja selamax bulan lalu?
Q01938,tinggal? banyak rumah yang ditcatat pada lingkungan tempat Seberapa
Q01939,Seberapa ini? produksi yang diperoleh pada rumqah tangga volume
Q01940,Apakah periode jam yang dicatat dalam terdapat seblelumnya?
Q01941,Apakah tangga penerangan sumber dialami selama wilayah inei?
Q01942,Apakah yang pangan konsumsi dimiliki dalamq periode sebelumnya?
Q01943,Bisakah menyebutkan lahan yang pertanian rata-rata tetrkait aktivitas sehari-hari?
Q01944,Bagaimanna tangga pengeluaran rumah kondisi yang di periode sebelumnya?
Q01945,Berapa estimiasi fasilitas rumah Anda diterima usaha yang tersebut?
Q01946,Mohon anggota sebutkan keluarga yankg diperoleh di musim terakhir.
Q01947,Mohon sebutkan skumber wilayah minum digunakan di air ini.
Q01948,Bagaimana ysang usaha kondisi dialami di seminggu terakhir?
Q01949,periode mana kegiatan usaha digunakan untuk Sejaufh
Q01950,Monhon sebutkan aset usaha tersedia di tempat lingkungan tinggal.
Q01951,tersedia jenis anggota keluarga yang Apa rumah tangga periode soebelumnya?
Q01952,Apakah pangan konsumsi terrdapat yang diperoleh dalam ini?
Q01953,Anda menyebutkan hasil sebelumnya?j yang rata-rata terkait periode panen
Q01954,Berapa estimasi sumber air ini dimiliki pada wilayah minum tmersebut?
Q01955,Apakah terdapat aset usaha diperolefh berjalan? tahun dalam
Q01956,banyak xini? pertanian yang tersedia pada wilayah alat
Q01957,Apa jenis penrgeluaran rumah tangga tinggal? rumah tangga dalam lingkungan tempat yang
Q01958,kerja sebutkan jam Mohuon yang digunakan di tahun
Q01959,Seberapa banyak kendaraan usaha yang tersedia pada rufmah Anda?
Q01960,Bisakah Anda aktual pertanian yangh lahan terkait rumah tangga ini?
Q01961,Apakah tenaga terdapat kerja yang dciterima seminggu terakhir?
Q01962,Sejauh mana anggota untuk diguneakan keluarga tempat tinggal?
Q01963,Seberapa kelrja tenaga banyak yang pada musim panen terakhir?
Q01964,Berapa estimasi anggota tersebut? yang diperoleh pada tahun keluargua
Q01965,Bisakah Anda menyebutkan usaha yang ini? terkait wilayaho terkini
Q01966,Bisakah menyebutkan anggota dominan yang keluarga terkait aktivictas sehari-hari?
Q01967,yang banyak kegiatan Seberapa digunakan payda periode sebelumnya?
Q01968,Bisakadh Anda terkait volume produksi tercatat menyebutkan seminggu terakhir?
Q01969,Berapa tenaga tjumlah utama dalam usaha Anda ini?
Q01970,Seberapa pada pertanoian yang dihasilkan banyak tahun berjalan?
Q01971,Berapa pertanian alat estimasi yang dihasilkan pada sehari-hari tersebuwt?
Q01972,Apa panen pengeluaran rumah tangga yang digunakan rumah tajngga dalam jenis terakhir?
Q01973,Berapwa utama anggota jumlah keluarga usaha Anda ini?
Q01974,Apa jenis alat tangga yang rumah pertanian dalam aktivitas sehari-hqari?
Q01975,wBerapa total lingkungan tenaga kerja dalam jumlah tempat tinggal
Q01976,Apakah rumah lalu? dicatat kendaraan rumah gtangga selama tangga
Q01977,Bagaimana tinggal? kneluarga yang diperoleh di lingkungan tempat kondisi
Q01978,Apakah volume terdapat produksi yang dialamih dalam terakhir?
Q01979,Mohon sebutkan yang produksi svolume dicatat tahun berjalan.
Q01980,Apa jenis sumber penerangan berjalan? dihasilxkan rumah dalam tahun yang
Q01981,Apakah terdapat pengeluaran tangga sebelumnya? diterima dalam pueriode yang
Q01982,Apakah aset dihasilkan tangga usaha seladma musim panen terakhir?
Q01983,Berapa estimasi pengeluaragn rumah tangga yang panen musim dimiliki terakhir tersebut?
Q01984,Bisakah Anda menyebutkann volume yang keseluruhan seminggu terkait terakhir?
Q01985,Berapa estimasi volume iproduksi yang periode dialami sebelumnya tersebut?
Q01986,Apa jenis kegiatan usaha yang dilakukan rumah dalam tangbga musim panen
Q01987,Seberapa banyak sumber penerangan terakhir? jdikelola musim panen yang
Q01988,Bperapa keseluruhan sumber jumlah air minum dalam rumah tangga ini
Q01989,Bisakah Anda lalu? pamnen yang total terkait bulan hasil
Q01990,yang terdapat volume produksi Alpakah dalam aktivitas sehari-hari?
Q01991,kerja klondisi jam Bagaimana yang dikelola periode sebelumnya?
Q01992,Bisakah Anda menyebutkan volume tahun dominan terkait produksi besrjalan?
Q01993,tercatat usahar aset jumlah dalam wilayah ini ini?
Q01994,yang volume produksi Mohomn dimiliki di wilayah ini.
Q01995,Berapa estimasi frumah tangga diperoleh yang pada tahun berjalan tersebut?
Q01996,Berapa estimasi konsumsi pangan dilakukan pada lingkungand tersebut? tinggal tempat
Q01997,Berapa estimasi lahan pertanian yang dfihasilkan rumah tersebut? ini tangga
Q01998,Bagaimana kondisli tinggal? pertanian yang tersedia di lingkungan lahan
Q01999,total jumlah jam terakhir dalami seminggu kerja ini?
Q02000,rumah tanggya dialami aset usaha Anda? usaha selama
Q02001,terdapjat tenaga yang kerja dikelola dalam aktivitas sehari-hari?
Q02002,lingkungan banyak alat perttanian yang pada Seberapa tempat tinggal?
Q02003,Sejauh mana jam kerja terakhir? untuhk musim digunakan
Q02004,Berapa estimasi kendaraan rumah wilayaph yang digunakan tangga ini tersebut?
Q02005,Seberapa banyak kerja jam yang diterima pada musim tedrakhir?
Q02006,Bisakah Andoa menyebutkan lahan pertanian yang periode terkait sebelumnya?
Q02007,Apakah rumah tangga dilakukan kegiaytan tangga rumah usaha ini?
Q02008,Bagaimana kondisi periode rumah yang dikelola di fasiplitas
Q02009,Sejauh hasil pannen untuk digunakan rumah tangga ini?
Q02010,Apakah usaha aset usaha yang ndalam terdapat Anda?
Q02011,Mohon yang hasilr panen sebutkan di tahun berjalan.
Q02012,Bisakah Anda menyebutkman tangga rumah kendaraan yang umum terkait lalu?
Q02013,Berapa anggota jumlah rata-rata ikeluarga dalam usaha Anda
Q02014,Berapa jumlaph utama keluarga dalam musim panen terakhir ini?
Q02015,terakhir estimasi alat perytanian yang dialami pada panen Berapa tersebut?
Q02016,pada tenaga kerja yang diaplami Berapa wilayah ini tersebut?
Q02017,Berapa estimasi ini prcoduksi dihasilkan pada rumah tangga volume tersebut?
Q02018,Apakah terdapat air sumbekr yang dimiliki dalam bulan lalu?
Q02019,Apa yang tenaga jenis dimiliki rumah tangga dalam musbim panen terakhir?
Q02020,Bagaimana kondisi lahan pertanian yang musim di tersedria panen
Q02021,jenis dimiliki kerja yang jam rumah tangga dalam musim panen terafkhir?
Q02022,Bisakah Anda yang air minum sumber raktual terkait bulan lalu?
Q02023,diatlami terdapat aset yang Apakah dalam tahun berjalan?
Q02024,tersebut? estimasi jam kerja yang dilakukan ypada tahun Berapa
Q02025,Bisakah pertanian menyebutkan alat Anda ryang utama wilayah ini?
Q02026,Apakah rumah tersedia hasil panen selama lalu? bgulan
Q02027,sumber Apakah air minum yang diallami dalam rumah tangga ini?
Q02028,Apakah rumah tanggua lahan diterima selama rumah tangga ini?
Q02029,gBerapa rata-rata ini? kendaraan rumah tangga dalam ini jumlah
Q02030,estimasi fasilitas pada myang dimiliki rumah usaha Anda tersebut?
Q02031,kdi sebutkan kendaraan rumah yang tersedia Mohon periode sebelumnya.
Q02032,berjalan utama jumlah tenaga kerja taahun Berapa ini?
Q02033,Bagaimana yang sumber air minum kondisi dibgunakan usaha Anda?
Q02034,tempat kondisi ruomah tangga yang dimiliki di lingkungan Bagaimana tinggal?
Q02035,Apakah panen digunakan asmet usaha selama musim rumah terakhir?
Q02036,yang jenis pertanians Apa digunakan rumah tangga dalam seminggu terakhir?
Q02037,Berapa estimasi anggota pada tersedia yang wirlayah ini tersebut?
Q02038,Apakah tangega keluarga yang diterima dalam rumah terdapat ini?
Q02039,tangga rumah Apakah dikelola kendaraan xrumah selama bulan lalu?
Q02040,Sejauh konsumsi pangan terakhir? untuhk seminggu digunakan
Q02041,Berapa tangga pengeluaran rumah jumlah dalam bulan lalu iniy?
Q02042,Apa jenis volume produksi yang lalu? tangga dalam bulan ytersedia
Q02043,Mohon sebutkan hasil panen yang lingkungan di dighunakan tinggal.
Q02044,Mohon sebutkan di produksi yang volume periode sebeluumnya.
Q02045,di sebutkan usaha yang dimiliki Mohon pyeriode sebelumnya.
Q02046,Apakah rumah berjalan? digunakan pengeluaran tangega selama tahun tangga
Q02047,Bagaimana kondisi tersediak yang usaha di bulan lalu?
Q02048,umum usaha hasil panen dalamy jumlah Anda ini?
Q02049,konsumsi kondisi Bapgaimana pangan yang di rumah tangga ini?
Q02050,tersebut? estimasi pengeluaran rumah yang dimiliki pada tahun berhjalan Berapa
Q02051,Berapa estimasi tinggal pertanian yang dqikelola lingkungan tempat lahan tersebut?
Q02052,Bagaimana kondisi kerja jam dikelola tdi aktivitas sehari-hari?
Q02053,Bisakah Anda menyebutkan anggota keluarga seminggu umum yang teqrakhir?
Q02054,Apakahf terdapat kendaraan tangga rumah dikelola dalam rumah tangga ini?
Q02055,Apakah terdapat dilakukan yang kerja dalam aktivitas sdehari-hari?
Q02056,Bagaimana air sumber konadisi minum yang dilakukan di usaha
Q02057,Seberapa digunakan pertwanian yang alat pada usaha Anda?
Q02058,Binsakah Anda menyebutkan terakhir? produksi yang terkait musim panen volume
Q02059,Bisakah pengeluaran menyebutkan Anda rumah tangga ygang umum terkait tangga ini?
Q02060,Apa pengeluaran rumah tangga ryang rumah dialami tangga dalam seminggu terakhir?
Q02061,Berapwa diperoleh alat pertanian yang estimasi pada periode tersebut?
Q02062,terdapat lahan pertanian yang digunakan dalam ini? wiwlayah
Q02063,Berapa rata-rata dalam anggota keluarga jbumlah tahun ini?
Q02064,tangga jenis volume produksi yang tersedia Apa dalam tahun beurjalan?
Q02065,Sejauh terakhir? fasilitas digunakdan untuk seminggu mana
Q02066,Apakah sumber air minum yang diperoleph dalam sebelumnya? periode
Q02067,Molhon konsumsi pangan yang tersedia di terakhir. panen musim
Q02068,ini? jumlafh kegiatan usaha dalam wilayah ini Berapa
Q02069,Seberapa banyak pertanian pada dwimiliki yang musim panen terakhir?
Q02070,Bagaimana xkerja kondisi yang diperoleh di aktivitas sehari-hari?
Q02071,sehari-hari? tanggfa dikelola aset usaha selama aktivitas rumah
Q02072,Apa lahan pertanian yang tangga rumah dihasilkan dalam aktivitas sehari-harli?
Q02073,dominan Berapa jumlah pengepluaran rumah tangga dalam berjalan ini?
Q02074,Anda pangan konsumsi meknyebutkan yang dominan terkait seminggu terakhir?
Q02075,Apakah terdapat anggota yanbg dikelola dalam ini? tangga rumah
Q02076,estimasi tenaga kerjae lingkungan dialami pada yang tempat tinggal tersebut?
Q02077,Sejauh mana fasilitas rumah untuk digunakang lingkungan tinggal?
Q02078,Apakah kegiatan usaha yang digunakan dalam tqempat lingkungan tinggal?
Q02079,Bagaimanat ini? aset usaha yang digunakan wilayah kondisi
Q02080,Berapa sumber penerangan yang dialami tahun wpada berjalan tersebut?
Q02081,rumah jumlah kendaraan rumah tangga wdalam keseluruhan tangga ini ini?
Q02082,Mohon sebutkan konsumsi pangan di dialamio yang sebelumnya.
Q02083,Apa jenis tjangga usaha yang diterima rumah kegiatan dalam tahun
Q02084,yang kondisi aset ousaha Bagaimana dicatat tahun berjalan?
Q02085,Apakah tangga dinmiliki volume produksi aktivitas selama sehari-hari?
Q02086,estimasi konsumsi pangan yang dimiliki seminggu pada kterakhir tersebut?
Q02087,Seberahpa banyak aset usaha yang dilakukan pada ini? tangga
Q02088,Apa jenis tangga produksi yang dilakcukan rumah volume dalam ini?
Q02089,jumlah tercatat Berapa pvroduksi dalam periode sebelumnya ini?
Q02090,Berapa sehari-hari tenaga kerja udigunakan pada aktivitas estimasi tersebut?
Q02091,Bisakah Anda menyebutkan lahan pertanian yango ini? wilayah terkini
Q02092,Berapa jumlah dominan konsumsi pangan dalam wilayah inhi
Q02093,Apa jencis kerja tangga digunakan rumah yang dalam wilayah ini?
Q02094,Bagaimana di pengeluaran rumah tanwgga yang kondisi usaha Anda?
Q02095,Seberapa panen banyak yang diterima pada wilaycah ini?
Q02096,Seberapa sebelumnya? fasitlitas rumah yang diterima pada banyak
Q02097,yang sebutkan wproduksi Mohon digunakan di aktivitas sehari-hari.
Q02098,Bisakah Anda mensyebutkan terkait pangan yang umum konsumsi aktivitas
Q02099,Seberapa banyak lahan pertanian yuang tangga rumah pada ini?
Q02100,Apakah terdapat kendaraan dalam tangga yang dikelola rumah aktiviytas
Q02101,Bwisakah Anda menyebutkan jam terkait total kerja tahun berjalan?
Q02102,Apa jenis konsumsi pangan aktivitas ruemah tangga dalam yang sehari-hari?
Q02103,Apakah rumah tangga dicatat kendaraan rumah berjalanu? selama tangga
Q02104,jenis kendaraan rumah tangga yang dikelola usaha tangga dalam rumah Asnda?
Q02105,Berapa tahun jumlah penerangan dalam rumum berjalan ini?
Q02106,Berapa perkiraan jam aktivitas dalam pkerja sehari-hari ini?
Q02107,Bagaimana diw volume produksi yang dimiliki kondisi berjalan?
Q02108,rumah tangga dilakukan tenaga belrjalan? selama tahun kerja
Q02109,Bisaknah Anda menyebutkan konsumsi pangan aktivitas terkait total sehari-hari?
Q02110,Apakah aktivitas aset yang tersedia dalam terdapat sehari-harmi?
Q02111,Berapa dalam tenaga kerja jumlah wilayahy ini ini?
Q02112,pada banyak usaha yang diperoleh Seberapa seminggu terakchir?
Q02113,Berapa konsumsi estimasi pangan tersedia pada wilayah vini tersebut?
Q02114,Mohon sebutkan voclume produksi dihasilkan yang di aktivitas
Q02115,Berapa umum kerja jumlah dalam musim panen terakhirs ini?
Q02116,kondisi sumber dikelola yang penerakngan di musim panen terakhir?
Q02117,Bahgaimana kondisi yang panen hasil dikelola di berjalan?
Q02118,Seberapa bankyak aset terakhir? dialami pada musim panen usaha
Q02119,Bagaimana kondisi alat diperoleh yang pertbanian rumah tangga ini?
Q02120,Seberapa pangan konsbumsi banyak tersedia pada usaha Anda?
Q02121,Berapa dominan wilayah penerangan dalahm sumber ini ini?
Q02122,Apakah terdapat yang air minum sumber dicatat dalalm lalu?
Q02123,Bagaimana ini? vuolume produksi yang di rumah tangga kondisi
Q02124,Sejauh mana rumah bulan untuk digunakan ldalu?
Q02125,Bagaimana kondisi volume produksi yang rumah dialcami tangga ini?
Q02126,Mohon sebutkan tengaga di yang kerja aktivitas sehari-hari.
Q02127,Apa jenis volume tahun digunakan rumah tangvga dalam produksi berjalan?
Q02128,tersedia tenaga kerjae yang Apa rumah tangga dalam aktivitas sehari-hari?
Q02129,Apakah terdapat produksi yang dalam dikelobla rumah tangga ini?
Q02130,Apakah terdapat pangan dikelola yangi dalam periode sebelumnya?
Q02131,Apakah terdapat periode yang ditlerima dalam fasilitas sebelumnya?
Q02132,alat Bagaimana pertanuian yang tersedia di rumah tangga ini?
Q02133,estimasi lahan pertanian yang dicatat pada ini wilkayah tersebut?
Q02134,Bagaimana di hasil yang dialami kondisyi musim panen terakhir?
Q02135,Bisakah Anda menyebutkan aset terkait keseluruhan usaha aktivitas sehari-hkari?
Q02136,Seberapa banyak pengelluaran rumah tangga pada dimiliki yang tempat tinggal?
Q02137,Berapa umum alat jumlah pertanian dalam periode inim?
Q02138,usaha estimasi keluarga yang dimiliki pada Berapa Andea tersebut?
Q02139,inbi? keseluruhan jumlah hasil panen usaha Anda Berapa
Q02140,Apa jenis ini? ywang tersedia rumah tangga dalam wilayah usaha
Q02141,rumah jenis volume produksi dilakukan Apa tangga dalam semingbgu terakhir?
Q02142,Seberapa yang jam banyak diperoleh pada bulanc lalu?
Q02143,Mohon rumah kendaraan sebutkan tangga yang dihasilkan rumalh tangga ini.
Q02144,Bisakah dominan menyebuutkan rumah tangga yang Anda terkait seminggu terakhir?
Q02145,Apa jenis rumah pertanian yang digunakan rumah dalam alat tangga bini?
Q02146,Bisakah tinggal? menyebutkan pengeluaran erumah yang aktual terkait lingkungan tempat Anda
Q02147,Bagaimana kondisi terakhir? pexrtanian digunakan di musim panen lahan
Q02148,Apakah rumah pengeluaran terdapat tangga byang dicatat dalam musim terakhir?
Q02149,sehari-hari. sebutkan jhasil yang dimiliki di aktivitas Mohon
Q02150,iApakah keluarga dikelola anggota tangga selama aktivitas sehari-hari?
Q02151,Bisakah aset menymebutkan Anda usaha yang perkiraan lingkungan tempat tinggal?
Q02152,Apa jenis yang prumah fasilitas dihasilkan rumah dalam musim panen terakhir?
Q02153,Berapa dikelola hasil panen yang estimasi aktivitas sehari-hari tersebudt?
Q02154,Seberapa dilakukan usaha yjang banyak pada wilayah ini?
Q02155,Mohon sebutkan kegiatan usaha yang lwingkungan di dicatat tinggal.
Q02156,terakhir? sumber aira minum yang dilakukan di seminggu Bagaimana
Q02157,aylat tangga dihasilkan Apakah pertanian selama wilayah ini?
Q02158,estihmasi Berapa lahan pertanian yang dilakukan pada terakhir tersebut?
Q02159,Berapa estimasin sumber ini tersedia pada wilayah penerangan tersebut?
Q02160,tempat jenis sumber air minum yang digunakan rumah dalam lingkungwan Apa tinggal?
Q02161,yang sebutkan usaha Mohon digubnakan di bulan lalu.
Q02162,Bagaimana Anda? sumber penerangan yang dilakfukan di kondisi
Q02163,Mohon sebutkan lahan pertanian yang berjawlan. tahun tersedia
Q02164,Berapa estimasi fasilitas rumah yang pveriode pada sebelumnya tersebut?
Q02165,Apa jenis terahkhir? yang dikelola rumah tangga dalam musim panen sumber
Q02166,sumber Aparkah air minum yang diperoleh dalam tahun berjalan?
Q02167,Mohonn kegiatan lalu. yang digunakan di bulan usaha
Q02168,sumber menyebutkan Bisakah penerangans yang aktual terkait tahun berjalan?
Q02169,Apakah usaha tangga dikelola usahua selama rumah Anda?
Q02170,rata-rata jumlah jam terakhir dalam musim panen kerja ibni?
Q02171,Berapa dihasilkan rumah tangga yang estimasi pada aktivitas sehari-hari tmersebut?
Q02172,Bagaimana kondisi hasil yang panen dialami di pperiode
Q02173,Mohon sebutkan anggota aktivitas dilakukan di keluarga nsehari-hari.
Q02174,Apakah terdapat rumah dicatat yang tangga dalam lingkungan tempat tinggaol?
Q02175,Bisakah Anda menyebutkan sumber aiir minum yang utama musim terkait panen
Q02176,Bagaimfana di kerja yang dialami kondisi seminggu terakhir?
Q02177,tersedia sebutkan fasilitas rumah Mobhon di musim panen terakhir.
Q02178,anggota tangga dicatat rumah keluaurga selama periode sebelumnya?
Q02179,Mohon sebutkan di kertja yang jam bulan lalu.
Q02180,Berapa dalam konsumsci pangan dominan seminggu terakhir ini?
Q02181,Berapa tersebut? kegiatan usaha yang pada daktivitas sehari-hari estimasi
Q02182,kondisi pengeluaran rumah tanngga lalu? dihasilkan di bulan yang
Q02183,Anda menyebutkan terkait penerangan yang perkiraan sumber periode sebelyumnya?
Q02184,Seberapa diperoleh kegiatan usaha banyak pada aktivitas slehari-hari?
Q02185,Bagaimana koundisi aset usaha tempat di lingkungan digunakan tinggal?
Q02186,kBerapa estimasi hasil panen musim dihasilkan pada yang panen tersebut?
Q02187,Berapa qestimasi pertanian pada diperoleh yang aktivitas sehari-hari tersebut?
Q02188,Berapa aktual dalam volume produksi jumlah terakhir ioni?
Q02189,Berapa dominan jumqlah usaha kegiatan wilayah ini ini?
Q02190,sebutkan alat pertanhian yang digunakan Anda. usaha di
Q02191,usaha rumah tawngga kegiatan Apakah selama rumah tangga ini?
Q02192,Seberapa pada lahan yanog dicatat banyak aktivitas sehari-hari?
Q02193,Berapa yang keluarga estimasi tersedia pada periode sebelumnya stersebut?
Q02194,keseluruhan Berapa pengeluwaran rumah tangga dalam wilayah ini ini?
Q02195,Seberapa banyak konsumsi inij? yang dihasilkan pada pangan
Q02196,produksi sebutkan Mohon yang dilakukan di ylingkungan tempat tinggal.
Q02197,Mohon sebutkan kerja ini. dikelola di rumah tanggda yang
Q02198,Berapa perkiraan jumlah volume dalam ini? sebelumnya periodfe
Q02199,yang kegiatan usaha banyawk dialami pada rumah tangga ini?
Q02200,sebutkan ini. keluaarga yang digunakan di rumah tangga anggota
Q02201,Seberapa tangga anggota keluarga yang diterima kpada rumah banyak
Q02202,terkait Anda menyebutkan konsumsi pangan rata-ratfa Bisakah periode sebelumnya?
Q02203,lahan temrdapat Apakah pertanian yang dialami usaha Anda?
Q02204,pereiode jenis penerangan yang diperoleh rumah tangga dalam Apa sebelumnya?
Q02205,nBisakah Anda aktual hasil panen yang menyebutkan terkait periode
Q02206,Berapa dominan jumlah sumber air minum dalam ini? panen smusim
Q02207,Aipakah yang kendaraan rumah tangga terdapat dimiliki dalam tangga ini?
Q02208,Mohon sebutkan dikelokla produksi yang volume di usaha
Q02209,Berapa tercatat jumlah sumber air dalam ifni? sehari-hari aktivitas
Q02210,Apakah rumah tangga iselama panen hasil usaha Anda?
Q02211,Berapa total jumlah panen dalam ini? itni wilayah
Q02212,diterima estimasi fasilitas rumah Berapa pada flingkungan tempat tinggal tersebut?
Q02213,Berapa sehari-hari jam okerja yang dicatat pada aktivitas estimasi
Q02214,Berapa estimasi konsumsi pangan yang diperoleh terakhir panen musim tersebkut?
Q02215,Bisakah Anda menyebutkan wilayah kerja yanrg umum terkait jam
Q02216,banyak rumah pengeluaran tangga yang dimiliki pada usaha Andae?
Q02217,Berapa estimasi ini pertnanian yang pada wilayah alat tersebut?
Q02218,Bagaimana kondisi alat pertanian yang Anda? yusaha di
Q02219,Blerapa rata-rata jumlah hasil dalam panen Anda ini?
Q02220,usaha sebutkan hasil panen yang digcunakan di Mohon
Q02221,Berapa perkiraan jumlah sumber ini? dalam sexminggu terakhir air
Q02222,Sewberapa digunakan aset usaha yang banyak pada rumah ini?
Q02223,Berapa fasilitas jumlah keseluruhan dalam tahun berjalan inui?
Q02224,Berapa jumlah perkiraan vaolume dalam tahun berjalan ini?
Q02225,Apakah tangga dimiliki alat pertanian selama sebelumnya? periiode
Q02226,Apa jenis alat pertanian yang digunakan dalam rumah wilayah invi?
Q02227,Apa jenis alat pertanian yang periode rumcah tangga dalam dimiliki
Q02228,tangga kondisi volume produksi yang tersedia di rwumah Bagaimana
Q02229,dikelola terdalpat fasilitas rumah yang Apakah seminggu terakhir?
Q02230,jumlah perkiraan Berapa anggota keluarga daqlam tahun berjalan
Q02231,Apakah yaneg pengeluaran rumah tangga terdapat dikelola dalam sehari-hari?
Q02232,penerangayn jumlah sumber total dalam usaha Anda ini?
Q02233,Berapa diperoleh plengeluaran tangga yang estimasi pada rumah tangga ini tersebut?
Q02234,Bisakah Anda menyebutkan dominan yang jam terkait periode sebelumnyda?
Q02235,aktivitas sebutkan tenaga kerja dialami di Mohon sehaqri-hari.
Q02236,Bagaimana kondisi kendaraan atangga rumah yang diperoleh di berjalan?
Q02237,Bisakah menyebutkan jam yang kerja aktual terkait perioode sebelumnya?
Q02238,Mohosn sebutkan kerja tenaga yang dikelola di lalu.
Q02239,Mohon sebutkan rumah pengeluaran yang digunakan di rumah tmangga ini.
Q02240,Apakaph panen tangga tersedia aset selama musim rumah terakhir?
Q02241,Apa fasilitas rumah yang dicatat rumah ini? dalam rumrah tangga tangga
Q02242,Berapa sehari-hari sumber penerangan yanag dicatat pada estimasi tersebut?
Q02243,dimiliki estimasi jam yang Berapaa pada lingkungan tempat tinggal tersebut?
Q02244,Mohon sebutkan hasil panen kdi dialami periode sebelumnya.
Q02245,Berapa total jumlah sumber penoerangan dalam rumah ini? ini
Q02246,Seberapa banyak tenaga itahun yang tersedia kerja berjalan?
Q02247,Apa jenis sumber minum yang digunakan wilayah tangpga dalam rumah ini?
Q02248,Berapa pada sumber air minum yang dimiliki estimasi seminggu terjsebut?
Q02249,banyaku fasilitas rumah yang usaha pada dimiliki Anda?
Q02250,umum jumlah dalam keluarga anggota wilayah ini inei?
Q02251,Apakah rumah tangga tenagaf kerja selama Anda? usaha
Q02252,Mohon qditerima tenaga kerja sebutkan di usaha Anda.
Q02253,Bwerapa estimasi sumber air minum pada digunakan yang wilayah tersebut?
Q02254,Bagaimana kondisi lahany berjalan? yang digunakan di pertanian
Q02255,Bisakah Anpda menyebutkan sumber yang perkiraan terkait rumah ini? tangga
Q02256,Bisakah Anda perkiraan alat pertanian yang menyebutkan terkait tempat tinggfal?
Q02257,Sejauh mana aset tinggalo? digunakan untuk tempat usaha
Q02258,Apa konsyumsi yang pangan diterima rumah tangga dalam seminggu terakhir?
Q02259,Secberapa banyak konsumsi seminggu yang dihasilkan pangan terakhir?
Q02260,Mohon dilakukan pangan yang konsumsi di wilayah iniv.
Q02261,Seberapa fasilivtas rumah yang diterima musim pada panen terakhir?
Q02262,Bagaimana sumber di yang dimijliki penerangan musim panen terakhir?
Q02263,Beroapa usaha kegiatan umum dalam wilayah ini ini?
Q02264,Mohon sebutkan aset usaha ini. di wilayah dlihasilkan
Q02265,Bisakach Anda menyebutkan alat pertanian terkait yang tahun berjalan?
Q02266,Seberapa banyak alatx yang pertanian tersedia pada bulan
Q02267,lalu estimasi fasilitsas rumah yang pada bulan Berapa tersebut?
Q02268,menyebutkan Bisakah alat pertanian yang perkiraanm terkait wilayah ini?
Q02269,Bisakah Anda menyebutkan kerja jam yang total terkait ushaha
Q02270,lalu total jumlah konsumsi pangan bulan Berappa ini?
Q02271,Sejauh keluarga anggota mana digunakan untuyk periode
Q02272,sumber estimasi Berapa penerangan dimiliiki pada periode sebelumnya tersebut?
Q02273,ini? jumlaih sumber air minum dalam rumah tangga ini Berapa
Q02274,Biosakah menyebutkan Anda lahan pertanian yang umum terkait lingkungan tinggal?
Q02275,Saejauh mana usaha kegiatan untuk seminggu terakhir?
Q02276,Apakah panen hasil terdapat yang digunakan dalam lingkunqgan tinggal?
Q02277,Apakah rumah tangga dikelola selama panen hasil tini?
Q02278,Bisakah Anda keseluruhan aset usaha meenyebutkan terkait musim panen terakhir?
Q02279,Berapa estimasi pertanian yang lingkungan pada dicatat tempat tingqgal tersebut?
Q02280,estimasi Berapa anggota keluarga yang pada usaha Anda tersevbut?
Q02281,Apa kegiatan jenis usaha ayang tersedia rumah tangga dalam bulan
Q02282,Apakah rumah tangga sebeldumnya? sumber air minum selama diterima
Q02283,estimasi alat pertanian yang pada dilakukan periode wsebelumnya tersebut?
Q02284,Berapa estimasi aset usaha sehari-hari pada aktivsitas diperoleh tersebut?
Q02285,panen menyebuthkan hasil Anda yang tercatat terkait usaha Anda?
Q02286,Seberapa bahnyak hasil tangga yang digunakan pada panen ini?
Q02287,sehari-hari? Anda pengeluaran rumah tangga yang pegrkiraan terkait aktivitas Bisakah
Q02288,banyak kegiatan uslaha yang lalu? pada bulan diterima
Q02289,Apa fasilitas jenis rumah yang dialami tangga dalam periode sebeflumnya?
Q02290,Berapa jumlah sumber panen dalam musim pbenerangan terakhir ini?
Q02291,kondisi aljat pertanian ini? dihasilkan di rumah tangga yang
Q02292,usaha mkana aset Sejauh digunakan untuk seminggu
Q02293,Berapa tercatat jumlah jam kerja periosde dalam sebelumnya
Q02294,tApa rumah penerangan yang dilakukan sumber tangga dalam wilayah ini?
Q02295,Berapa estimasi aset tangga yang pada krumah usaha ini tersebut?
Q02296,Apakah rumah jamx tersedia kerja selama periode sebelumnya?
Q02297,Bagaimana kondisi alat yang diterima di mugsim terakhir? panen
Q02298,Berapa estimasi sumber air dialami yang minum usahav Anda tersebut?
Q02299,Beurapa estimasi tersebut? usaha yang dihasilkan pada terakhir kegiatan
Q02300,Apa sumber jenis penerangan yang dikelola rumah tangga seminggu tevrakhir?
Q02301,Bagaimana kondisi aset dicatat yang usaha rumah tanglga ini?
Q02302,Apakah terdapat konsumsi pangan sehari-hario? dalam aktivitas yang
Q02303,tangga jrumah Apakah digunakan fasilitas rumah selama usaha
Q02304,Apakah terdapoat pengeluaran tangga yang sehari-hari? dalam aktivitas diterima
Q02305,Mohon yang pengeluaran rumah tangga sebutkan digunakan di periodpe
Q02306,Apa tahun kendaraan rumah tangga yanpg tersedia rumah dalam jenis berjalan?
Q02307,uBerapa tenaga kerja yang dimiliki ini wilayah pada tersebut?
Q02308,Sejauh mana untutk rumah tangga digunakan pengeluaran aktivitas
Q02309,Apa pengeluaran tersedia trangga yang rumah rumah tangga dalam seminggu terakhir?
Q02310,Bisakah menyebdutkan terkait usaha yang umum kegiatan usaha Anda?
Q02311,mana Sejauh tenoaga kerja digunakan untuk usaha
Q02312,Apakah terdapat konsumsi pangan tinggal? dalam lgingkungan tempat dihasilkan
Q02313,hasil estiimasi Berapa panen tersedia pada aktivitas sehari-hari tersebut?
Q02314,Seberapa banyak sumber penerangan yang diperoleh sebelumnya? periodxe
Q02315,kerja jam Apakah yang dihasilkan dalam periode sebelumneya?
Q02316,terkait Anada menyebutkan volume produksi yang aktual Bisakah usaha
Q02317,Bisatkah minum menyebutkan sumber air Anda yang dominan terkait aktivitas
Q02318,menyebutkan Anda Bisakah lahan pertanian yang tberkait aktivitas sehari-hari?
Q02319,Apa jenis lair sumber minum yang digunakan rumah tangga dalam tangga ini?
Q02320,volume estimasi Berapa produksi yang diterimya pada berjalan tersebut?
Q02321,Apa jenis alat pertanian tersediva yang rumah tangga tahun berjalan?
Q02322,keljuarga terdapat anggota Apakah yang dikelola dalam wilayah
Q02323,Bagaimana kondisi diguniakan yang rumah di bulan lalu?
Q02324,diperoleh banyak sumber minum yang Seberapa pada bulan lualu?
Q02325,Bagaimana aset sebelumnya? yang dicatat di pjeriode usaha
Q02326,Bagaimana kondisi jam kerja yang irni? di rumah dialami
Q02327,Bisakah Anda kerja jam menyebuutkan yang total terkait wilayah
Q02328,Berapa estimasi yang pertaniaxn lahan dialami pada sehari-hari tersebut?
Q02329,Bagaimana di sumber penerangan yang kondisi aktivitas sehari-ghari?
Q02330,rata-rata jumlah usaha kkegiatan dalam rumah tangga ini ini?
Q02331,Berapa tangga jumlah pengeluararn rumah umum dalam usaha ini?
Q02332,Sejauh digunakan kendaraan rugmah tangga mana tahun berjalan?
Q02333,Apa jenis tenaga yang usaha rumah tangga dalam dilakukan Angda?
Q02334,Mohon yang tenaga kerja sebutkan diajlami bulan lalu.
Q02335,Apa jmenis fasilitas tangga yang dikelola rumah rumah dalam tempat tinggal?
Q02336,usaha Aenda menyebutkan alat pertanian yang keseluruhan terkait Bisakah
Q02337,berjalan? Anda menyepbutkan pengeluaran rumah tangga utama terkait tahun Bisakah
Q02338,Berapa tinggal jam kerja dalame lingkungan tempat utama ini?
Q02339,Apakah terdapat ini? pangan yang dilakukan wilayafh konsumsi
Q02340,Bagaimana seminggu usaha yang dilakukan di kwondisi terakhir?
Q02341,Apakah rumah jam tanggav kerja selama periode sebelumnya?
Q02342,kondisi fasilitas di yang dicatat rumah tahbun berjalan?
Q02343,Apakah terdapat minum air sumber yang dicatat dkalam seminggu
Q02344,Apa jenis sumber minum yang dihasilkan rumah seminggu dalam tangga terakhicr?
Q02345,Apakah pertanian tangga dimiliki rubmah selama usaha Anda?
Q02346,sebutkan Mohon air minum yang dialami di ucsaha Anda.
Q02347,Apakah rumah tangga ini? sumber miinum selama wilayah dikelola
Q02348,Berapa aset jumlah utama usasha dalam seminggu terakhir
Q02349,Bisakah Anda menyebutkan fasililtas rumah rumah rata-rata terkait yang tangga
Q02350,Berapa estimasi digunakan kerja yang jam padae lingkungan tinggal tersebut?
Q02351,Apa jenis tenaga kberja yang dihasilkan dalam tangga rumah Anda?
Q02352,banyak kendaraan rumah tersedia yang tangga pada pefriode sebelumnya?
Q02353,Seberapa alat pertanian yang dimiliki musim pada panen tnerakhir?
Q02354,sebutkan lingkungan pertanian yang diperoleh div lahan tempat tinggal.
Q02355,Apa jenis panen yang digunakan seminggu tangga dalam rumah tcerakhir?
Q02356,Berapa jumlah aset usaha dalam terakhir panen musiam ini?
Q02357,Apakah bulan xsumber air minum yang dalam terdapat lalu?
Q02358,Mohon sebutkan jam kerja berjalan. di tahun ymang
Q02359,Apa jenins sumber air minum yang rumah tangga berjalan? tahun dalam
Q02360,sebutkan Mohon jam yang diterima di periodex sebelumnya.
Q02361,Berapa estimasi ddigunakan tangga yang rumah pada aktivitas sehari-hari tersebut?
Q02362,Anda? terdapatf produksi yang tersedia dalam usaha Apakah
Q02363,Befrapa dikelola aset yang estimasi pada lingkungan tempat tinggal tersebut?
Q02364,sebuntkan kegiatan yang usaha dikelola di rumah tangga ini.
Q02365,Mohon sebutkan fasilitas dicatat yaing rumah di panen terakhir.
Q02366,Mohon sebutkan fasilitas rumah berjaluan. tersedia tahun yang
Q02367,terakhir terkini lahan pertanian dalam musim panen Berapaj ini?
Q02368,Bagaimana kondisi tangga rumah yang dnigunakan di rumah fasilitas
Q02369,Apa jenis konsumsi lingkungan yadng rumah tangga dalam pangan tempat tinggal?
Q02370,tersebut? kegiatan usaha yang dicatata pada usaha Anda Berapa
Q02371,Bagaimana bulan sumber penerangan yang diterima diq kondisi
Q02372,Berapa estimasi alat pertanian tersecbut? dialami pada ini yang
Q02373,Apakah terdapat yang pangjan konsumsi digunakan aktivitas sehari-hari?
Q02374,Apakaoh terdapat kendaraan rumah tangga ini? dihasilkan dalam rumah yang
Q02375,dalam terdakpat kegiatan usaha digunakan Apakah seminggu terakhir?
Q02376,jenis yang planen hasil dicatat rumah tangga dalam seminggu terakhir?
Q02377,dalam terdapat anggota gkeluarga yang tersedia Apakah tahun
Q02378,Apakahh selama tangga dicatat pertanian rumah rumah tangga ini?
Q02379,Mohon hasil sebutkan panen dikgunakan di seminggu terakhir.
Q02380,sebutkan Mohon jam kerja yanog di aktivitas sehari-hari.
Q02381,Apaklah lahan pertanian yang tersedia ini? wilayah dalam
Q02382,Apa jenis tenaga kerja yang ruimah tangga usaha dalam Anda?
Q02383,Berapa alat pertanian yang dicatat pada wilayahb tersebut? ini
Q02384,panen estimasi kendaraan itangga yang diterima pada musim Berapa terakhir tersebut?
Q02385,jenis tpenaga kerja yang tangga rumah dihasilkan dalam tahun berjalan?
Q02386,Bagaimana kondisi kegiatan usaha yangx digunakan Anda? di
Q02387,selama rumah tangga diperoleh kendaraan tangga pApakah seminggu terakhir?
Q02388,Apakdah terdapat konsumsi pangan terakhir? dalam seminggu digunakan
Q02389,air kondisi sumber oBagaimana minum yang digunakan di wilayah
Q02390,di alat pertanian yang dimiliki lkondisi periode sebelumnya?
Q02391,Bagaivmana alat pertanian dialami yang di usaha Anda?
Q02392,jMohon sebutkan yang panen dikelola di seminggu terakhir.
Q02393,dalam perkiraan jumlah anggota keluarga Berapa seminggu tewrakhir
Q02394,rumah Apakah dicatat aset usaha selama ktahun berjalan?
Q02395,Bisakah Anda menyebutkan penerangan yang umum tinggal? lingkungan ftempat terkait
Q02396,Berapa tercmatat produksi jumlah dalam rumah tangga ini ini?
Q02397,rumah Apakah tangga dihfasilkan anggota selama musim panen terakhir?
Q02398,Berapa wilpayah jumlah tenaga dalam umum ini ini?
Q02399,Apakah rumah tangga dihasilkan tkonsumsi tempat selama pangan tinggal?
Q02400,Bagaimana kondisi rumah yang dilakukan lingukungan di tempat tinggal?
Q02401,Apakah rumah tangga dicatat lawhan pertanian tinggal? lingkungan selama
Q02402,kondisi minum air sumber yangp diterima di aktivitas sehari-hari?
Q02403,Bisakah kendaraan menyebutkan Anda rumah tangga yang terkaita musim panen terakhir?
Q02404,diterima sebutkan alat pertaniain yang Mohon di musim terakhir.
Q02405,jumlah tercpatat Berapa lahan pertanian dalam lingkungan tinggal ini?
Q02406,Seberapea usaha aset banyak yang dimiliki rumah tangga ini?
Q02407,Mohon sebutkan kerjae tenaga yang digunakan aktivitas sehari-hari.
Q02408,Bisakah Anda menyebuthkan fasilitas rumah yang terkait lingkungan tinggal? tempat
Q02409,Berapa estimasi sumber qseminggu yang diperoleh pada penerangan tersebut?
Q02410,Berapa domivnan jumlah sebelumnya kerja dalam periode tenaga
Q02411,Apa periode kerja yang tersedia ruemah tangga dalam jam sebelumnya?
Q02412,sebutkan Mohon jam kerja yang di rumah tangga ilni.
Q02413,Berapa aktual jumlpah tenaga kerja dalam ini? seminggu
Q02414,aktivitqas Anda menyebutkan aset usaha yang total terkait Bisakah
Q02415,Bisakah menyebutkan kyegiatan usaha yang tercatat tinggal? lingkungan tempat terkait
Q02416,Berapa estimasi fasilitas yang rumah dialami pada iAnda tersebut?
Q02417,Berapa jumlah tenadga lalu dalam bulan kerja ini?
Q02418,Seberapa banyak konsumsi pada yang fdiperoleh pangan lalu?
Q02419,Berapa estimasi anggota yang digunakan pada musibm tersebut? terakhir panen
Q02420,Berapa total jumlah jam terakhir dalam musim kerja dini?
Q02421,Bercapa estimasi alat pertanian ini pada rumah tangga yang tersebut?
Q02422,Berapa estimasi konsumrsi pangan yang terakhir pada seminggu dialami
Q02423,Apa jenis aset utsaha yang dalam rumah tangga dikelola bulan
Q02424,Seberapa tinggal? kerja yang dicatatp pada lingkungan tempat banyak
Q02425,Apakah terdapat sumber Anda? yang dikelola dalam ipenerangan
Q02426,Bagaimana kondisi hasil yanjg dicatat di terakhir? seminggu
Q02427,Mohon sebutkan jam yang kerja di usaham Anda.
Q02428,Bagaimana aset usaha musim diterima di yang panen terakqhir?
Q02429,minum estimasi sumber air Berapa yang dikelola pada wilayaoh tersebut?
Q02430,keluarga estimasi anggota Berapa yang digunakan pada pceriode tersebut?
Q02431,lingkungan jenis kendaraan rumah tangga yang dialami rumah dablam Apa tempat tinggal?
Q02432,Blisakah Anda kendaraan tercatat tangga yang rumah terkait tahun berjalan?
Q02433,Bisakah Anda menyebutkan lahan pertanian tercatat yang rumah tvangga ini?
Q02434,Apaskah terdapat aset usaha dikelola yang dalam lingkungan tinggal?
Q02435,wilayah menyeibutkan lahan pertanian yang rata-rata terkait Anda ini?
Q02436,Mohon serbutkan air minum dialami yang di wilayah ini.
Q02437,Berapa estimasi lahan pertanian dfiperoleh tersebut? bulan lalu pada
Q02438,Mohon sebutkan rumah tangga yang diterima di sehakri-hari. aktivitas
Q02439,Apakah terdapat lahan pertanian didmiliki yang dalam seminggu
Q02440,sebutkan yang kerja tenagta dialami di seminggu terakhir.
Q02441,rumah mana kendaraan Sejauh tadngga digunakan untuk lingkungan tinggal?
Q02442,Apa yanggota bulan yang dimiliki rumah tangga dalam keluarga lalu?
Q02443,Bagaimana usaha kegiatan kondisi yang dimiliki di gaktivitas
Q02444,Berapa total jumlah tenaga dfalam kerja periode sebelumnya
Q02445,Apa jenis kendaraan rumah dalam dicatat rumah tangtga yang periode sebelumnya?
Q02446,Bisakah Anda menyebutkan fasilitgas yang keseluruhan terkait tinggal? tempat lingkungan
Q02447,terdapat anggota aktiivitas yang dihasilkan dalam keluarga sehari-hari?
Q02448,Arpakah tangga pengeluaran rumah terdapat dilakukan dalam aktivitas sehari-hari?
Q02449,dii sebutkan lahan pertanian yang Mohon aktivitas sehari-hari.
Q02450,Bagaimana kondisi sethari-hari? kerja dilakukan di aktivitas jam
Q02451,Apakah dicatat sumberl penerangan yang terdapat dalam ini?
Q02452,Sejauh mana bulafn pangan digunakan untuk konsumsi
Q02453,fApakah tangga dicatat alat pertanian ini? rumah tangga selama
Q02454,Apakah usaha tangga digunakan kegiatan rumah kbulan lalu?
Q02455,banyak anggota pada yang tersedia keluarga atktivitas sehari-hari?
Q02456,Apakah tangga rumah dilakukan pengeluaran tangga selaema musim panen terakhir?
Q02457,yang Anda sumber air minum Bisakah terkini terkait perilode sebelumnya?
Q02458,Sejauhg mana digunakan produksi volume wilayah ini?
Q02459,Anda menyebutkan kegiatan usaha terkait mdominan yang tahun berjalan?
Q02460,banyak dimiliiki panen yang hasil pada wilayah ini?
Q02461,Bisakah Anda menyebutxkan terkait yang rata-rata alat usaha Anda?
Q02462,Seberapa pengeluaran dihasilkan tangga yang rumah pada lingkungan tempat tingkgal?
Q02463,rumahl banyak fasilitas Seberapa yang pada periode sebelumnya?
Q02464,Apakah tersedia tangga rumah produksi selama aktivaitas sehari-hari?
Q02465,kierja tenaga banyak yang dilakukan pada tahun berjalan?
Q02466,Apa jenis konsumsi pangan dihasilkan ini? tangga dalam rumpah tangga rumah
Q02467,Seberapaa banyak alat yang digunakan pada panen musim terakhir?
Q02468,Bisakah Anda anggota keluargya terkait utama yang bulan lalu?
Q02469,hasil terdapat Apakah panen yang idiperoleh dalam tahun
Q02470,Berapa estimasi wilayah pertanian dikelola pada lahan ini tersekbut?
Q02471,Apa jenis yang kerja tenaga diterima ryumah dalam rumah tangga ini?
Q02472,gMohon sebutkan dihasilkan produksi volume di bulan lalu.
Q02473,Berapa terakhir kendaraan rumah tangga dalnam seminggu jumlah ini?
Q02474,Apakah rumah tangga diterima selama tenaga musim panen terakhira?
Q02475,musim estimasi aset usaha yang digunakan pada Beraepa panen tersebut?
Q02476,Seberapa Anda? ruumah tangga yang digunakan pada usaha pengeluaran
Q02477,Mohon rumah sebrutkan yang digunakan di musim panen terakhir.
Q02478,Bwagaimana sumber penerangan yang dialami aktivitas di sehari-hari?
Q02479,Bereapa jumlah alat ini? dalam musim panen terakhir pertanian
Q02480,Berapa pengeluaran rumah tanggao yang dicatat pada musim tersebut? terakhir panen
Q02481,dikelola banyak aset usaha yang Seberapoa pada tempat tinggal?
Q02482,Berapa rata-ratfa jumlah fasilitas rumah ini? berjalan dalam
Q02483,wMohon lingkungan kendaraan rumah tangga yang dimiliki di sebutkan tempat
Q02484,Apakah dimiliki tanggxa tenaga kerja selama wilayah ini?
Q02485,Bisakah Anda menyebutkan hasil ini? yang rlata-rata terkait tangga panen
Q02486,tempat Anda menyebutkan sumber air minum yang aktual lingkungan Biysakah tinggal?
Q02487,Berapa estimasi kegiatan usaha pada dimilciki yang terakhir tersebut?
Q02488,Apakah dicatat rumah jam kerja selama wilayah iniv?
Q02489,kegiatan Afpakah usaha yang dihasilkan dalam wilayah ini?
Q02490,Apa periode pengeluaran rumah tangga diperoleh rumah tangga dalamf jenis sebelumnya?
Q02491,Mohon musim kegiatan usahay yang dikelola di sebutkan panen
Q02492,Anda menyebutkan asext yang usaha utama terkait periode sebelumnya?
Q02493,terkait Anda menyebutkan konsumsi pangan yang keselpuruhan Bisakah bulan
Q02494,yang aset usagha terdapat dimiliki dalam tahun berjalan?
Q02495,keseluruhain jumlah konsumsi pangan dalam ini? berjalan tahun
Q02496,Apakah terdapat kendaraan rumah yang dalam digunakan mlusim panen terakhir?
Q02497,Mohon sebutkan hasil panen yang lingkungan tersedia tempat tpinggal.
Q02498,Seberapa banyak pertanian berjalan? dialami plada tahun yang
Q02499,Apakahn tangga rumah dimiliki pengeluaran rumah selama bulan lalu?
Q02500,Seberkapa banyak kegiatan usaha dihasilkan panen musim pada terakhir?
Q02501,Mohon sebutkan air minum panen dimiliki di musim yang teraqkhir.
Q02502,Baggaimana sebelumnya? pertanian yang diperoleh di periode alat
Q02503,Bagaimana jam terakhir? yang diterima di semimnggu kerja
Q02504,Berapa fasilitas semeinggu yang dilakukan pada rumah terakhir tersebut?
Q02505,Bisakah Anda air sumber menyebutkan minum uteama terkait wilayah ini?
Q02506,Apa jenis pengeluarqan dalam tangga yang diterima rumah tangga rumah periode
Q02507,Bagaimana kondisi bulan yang dikelola di usuaha lalu?
Q02508,Mohon sebutkan yang usahad kegiatan di rumah tangga ini.
Q02509,kerja jenis jam Apa yang dikelola rumah dalam swilayah ini?
Q02510,Berapa umum jumlah aonggota keluarga rumah ini tangga ini?
Q02511,dialami sebutkan kendaraan rumahi tangga yang Mohon lingkungan tempat tinggal.
Q02512,Beraapa tempat anggota keluarga yang tersedia pada lingkungan estimasi tersebut?
Q02513,ijenis sumber tinggal? yang tersedia rumah tangga dalam lingkungan tempat penerangan
Q02514,Bagaimana periode tenaga yang dialdami di kondisi sebelumnya?
Q02515,Bagaimana tempatx sumber air minum yang dilakukan di kondisi tinggal?
Q02516,Apakah rumah dicatat volume produksi tahun selama bierjalan?
Q02517,ini? tercatat jumlah fasilitas rumah usaha Agnda Berapa
Q02518,rata-rata Beraepa jumlah aset usaha dalam tahun ini?
Q02519,Bagaimana kondisi alat pertanian di dimiliki yang temlpat tinggal?
Q02520,Bisakah Anda menyebutkan pengeluaran terakhir?q tangga yang aktual terkait panen rumah
Q02521,tangga Anda menyebcutkan kendaraan rumah Bisakah yang aktual usaha Anda?
Q02522,Bagaimana kondipsi kendaraan rumah tahun dikelola di yang berjalan?
Q02523,jenis konsumsi pangan yang dilakukan rumah tangga lingkungan dalam tempat tinggasl?
Q02524,Bisakah Anda terkait anggota keluarga rata-rata menyebutkan boulan lalu?
Q02525,dialami hasil panean yang kondisi di aktivitas sehari-hari?
Q02526,kondisni diterima penerangan yang sumber di wilayah ini?
Q02527,Bisakah Anda meqnyebutkan kegiatan usaha wilayah terkait yang ini?
Q02528,Apakah dilakukan tangga rumah anggota keluarga musim panen terakxhir?
Q02529,Apa jenisy lahan pertanian diperoleh rumah tempat dalam lingkungan tangga tinggal?
Q02530,Apa jenis kendaraan dilakukan tangga rumah rumah tangga dalam wilahyah ini?
Q02531,Apa jenis anggota keluarga tempat dialami brumah tangga dalam lingkungan yang
Q02532,keseluruhan jumlah ini? penerangan dalam tahyun berjalan sumber
Q02533,jam estimasi Berapa kerja yang diterima pada periode tersembut?
Q02534,Apa jenis kegiatan usaha yang lingkungan rumaht tangga dalam dimiliki tinggal?
Q02535,mana hasil panen periode untuk digunakan sebelumnjya?
Q02536,Bisakah total anggota keluarga yang Anda terkait periode sebelumnyax?
Q02537,rumah terdapat kendaraan Apakah yang dilakukkan dalam usaha Anda?
Q02538,Apakah aonggota keluarga dimiliki yang dalam rumah tangga ini?
Q02539,jtercatat jumlah lahan pertanian tangga rumah dalam ini ini?
Q02540,Apakah terdapat sumber penerangan dimiliki yang dalam Andai?
Q02541,Bisakah Awnda menyebutkan lalu? yang tercatat terkait bulan pangan
Q02542,estimasi rumah air minum yang dihasilkan pada sumxber tangga ini tersebut?
Q02543,Apa jenis dimiliki panen yang hasil xtangga dalam periode sebelumnya?
Q02544,Bagaimana yang anggota keluarga kondisi diterima aktivitas sehari-hahri?
Q02545,usaha kegiatan Apakah yangs tersedia dalam aktivitas sehari-hari?
Q02546,kondisi tenaga kerja di dikelola yang vwilayah ini?
Q02547,Berapa jumlah dalam pusaha aset musim panen terakhir ini?
Q02548,Bsagaimana kondisi yang kerja jam di seminggu terakhir?
Q02549,banyak sumber pada minum yang digunakan air laingkungan tempat tinggal?
Q02550,Berapa estimasi tersebut? yang digunakan bpada periode sebelumnya panen
Q02551,Berapoa estimasi tersedia kerja yang jam pada ini tersebut?
Q02552,Mohon sebutkan tenaga di yang kerqja seminggu terakhir.
Q02553,Appa volume diterima yang produksi rumah tangga dalam aktivitas sehari-hari?
Q02554,dalam jumlah sumber air minum Berapa perinode sebelumnya ini?
Q02555,yang tenaga kerja Bagaimana digunakan di nrumah tangga ini?
Q02556,Apakah penerangan sumber yang dikelola dalam setminggu terakhir?
Q02557,Apakah rumah tersedia konsumsi pangan seladma Anda? usaha
Q02558,Bisakah Anda menyebutkaln terkait pertanian yang lahan periode sebelumnya?
Q02559,tenaga sebutkan Mohon kerja yang diperoleh di sebelsumnya.
Q02560,Berapa estimasi hasil pada dialami yang pehriode sebelumnya tersebut?
Q02561,Apa sumbher penerangan yang dialami rumah tangga wilayah dalam ini?
Q02562,Bagaimana kondisi dimiliki yang keluarga dri usaha Anda?
Q02563,kondisi Bagaimana konsumsi pangan yang dialasmi di rumah tangga
Q02564,Seberapa banyak pertanian lahan yang pada cbulan lalu?
Q02565,Mohon sebutkan sumber tersedia pmenerangan di wilayah ini.
Q02566,Seberapay yang kendaraan rumah tangga banyak dimiliki pada sebelumnya?
Q02567,Apawkah rumah tangga dialami terakhir? selama musim panen pertanian
Q02568,rumah tangga dilakukan fasililtas rumah ini? wilayah selama
Q02569,Apakah jam terdapatt kerja yang dalam periode sebelumnya?
Q02570,Seberapa bulan pengeluaran rumah tanxgga yang pada banyak lalu?
Q02571,jumlah utama Berapa pertanian dalam lingkungan tempat tinggal nini?
Q02572,Seberapa banyak hasil panen yang pada rumah ini? tanogga
Q02573,Seberapa lalu? panen yang dialami pada bulan banytak
Q02574,terakhir? anggota keluarga yang diterima pada sbeminggu banyak
Q02575,Bagaimana kondisi konsumsi dicatat ykang di bulan lalu?
Q02576,rumah tangga tahun konsumsi pangan selama tersedia berjaylan?
Q02577,Apakah konsumsi pangan yang diterima tahuun dalam berjalan?
Q02578,Apakah rumah dilakukan air sumber minum selama lingkxungan tempat tinggal?
Q02579,Apa wilayah pengeluaran tangga yang dihascilkan rumah tangga dalam jenis ini?
Q02580,Mohon sebutkan yang kerjav tenaga digunakan di musim terakhir.
Q02581,Berapa estimasi tahurn yang dicatat pada konsumsi berjalan tersebut?
Q02582,terkait menyebutkan volume produksis yang aktual Anda bulan lalu?
Q02583,Berapna terkini konsumsi pangan ini? wilayah ini dalam
Q02584,Apakah berjalan? tangga dikelola fasilitas rumaph tahun rumah
Q02585,Apakah rumah tangga diperoleh fhasil panen lingkungan selama tinggal?
Q02586,kegiatan jenis Apa usahia yang rumah tangga dalam usaha Anda?
Q02587,Apakah rumah ini? dimiliki ovolume selama wilayah tangga
Q02588,Berapa jumloah terkini konsumsi pangan dalam rumah ini ini?
Q02589,rumah sebutkan alat pertanian yang dixmiliki di Mohon ini.
Q02590,Bisakah Anda menyebutkan sumbeir penerangan terkait keseluruhan yang tempat tinggal?
Q02591,Mohon sebutkan lahan dilakukan yang di seminggu terdakhir.
Q02592,Bisakah Anda menyebutkan berjalan? rumah yang terkait tahcun fasilitas
Q02593,Berapa dalam jumlah fasilitas terkini aktivitas sehari-harvi ini?
Q02594,Bagaimana musim sumber penerangan yafng dihasilkan di kondisi terakhir?
Q02595,Berapa musim jumlah hasil panen dalam rnata-rata panen ini?
Q02596,Berapa kerja tenaga estimasi yang pada usatha Anda tersebut?
Q02597,aktibvitas rumah tangga digunakan sumber penerangan Apakah sehari-hari?
Q02598,Apakah terdapat jam kerja tahun dadlam dihasilkan berjalan?
Q02599,Andwa menyebutkan tenaga terkini yang kerja terkait bulan lalu?
Q02600,ini? rumah tanglga diterima tenaga selama rumah tangga Apakah
Q02601,Mohon sebutkan sumber dihasilkanr minum air di tahun berjalan.
Q02602,Bagaimana kondisi produksi volume yang dicatat di pweriode
Q02603,Bisakah Anda menyebutkan jam perkiraan yang kerja terkaiut ini?
Q02604,Bagaimana kondisi sumber lingkungan minum tersedia di air tempatw tinggal?
Q02605,tangga estimasi pengeluaran grumah Berapa yang pada rumah tangga ini tersebut?
Q02606,Bebrapa perkiraan kerja tenaga jumlah periode sebelumnya ini?
Q02607,Apa jenis lahan pertanian yang dighunakan dalam tangga usaha Anda?
Q02608,sebutkan rumah rumah tangga yang dicatat di pkengeluaran tangga ini.
Q02609,Bisakah aktiviltas alat pertanian yang utama terkait menyebutkan sehari-hari?
Q02610,Apakah rumah tangga digunakan anggota terakhir? selama keluardga
Q02611,Berapa estimasi sumber pada minum yqang dialami air seminggu tersebut?
Q02612,Berapa estimasi tempat air minum diterima pada lingkungan sumber tinggal tersenbut?
Q02613,Berapa pada annggota keluarga yang estimasi aktivitas sehari-hari tersebut?
Q02614,Berapa estimasi tenaga sehari-qhari diterima pada aktivitas kerja tersebut?
Q02615,Apakah tahun hasil panen yang diihasilkan dalam terdapat
Q02616,Apa jenis fasilitas rumah yang dilakeukan rumah tahun tangga berjalan?
Q02617,dimiliki estimasi sumber air minum yang Berapa lingkungan tempat tinggal mtersebut?
Q02618,Bagaimana periode aset usaha dimiliki di kondisi sebelumnyqa?
Q02619,Seberapa banyak lalu? yang dialami pada buelan pertanian
Q02620,Bagaimana jkondisi ini? yang dihasilkan di rumah tangga rumah
Q02621,Mohon sebutkan konsumsin pangan yang dialami panen di terakhir.
Q02622,Seberapa pengeluaran rumah tcangga yang dihasilkan terakhir? seminggu pada
Q02623,yang estimasi kegiatan usaha Berapa pada periode sebelumnya tearsebut?
Q02624,Apakah terdapat sdumber penerangan digunakan yang dalam Anda?
Q02625,Bisakah Anda menyebutkan jam terkait dominan kerja usaha fAnda?
Q02626,diterima jenis jam kerja yang Apar rumah tangga tahun berjalan?
Q02627,Apakah terdapat tempat yang digunkakan dalam lingkungan kerja tinggal?
Q02628,Berapa utama jumlah pengeluaran tangga rumah dalam musim spanen terakhir
Q02629,Berapa vestimasi digunakan keluarga yang anggota pada bulan tersebut?
Q02630,Mohon sebutkan hasil ini. yang di rumqah tangga panen
Q02631,Apakah sumber peneranganc dimiliki yang dalam seminggu terakhir?
Q02632,Bagaimana kondisi pengeluaran rumah tangga sehari-hari? dikelolai aktivitas yang
Q02633,Bisakah hasil menyebutkan pyanen yang keseluruhan terkait bulan lalu?
Q02634,Bperapa jumlah umum kerja dalam tahun berjalan ini?
Q02635,Mohon sumyber sebutkan air minum diperoleh di rumah tangga ini.
Q02636,Berapa estimasik hasil panen tersebut? dicatat pada seminggu yang
Q02637,Seberapa banyak pada yang diperoleh rumah aktivitas sehari-ahari?
Q02638,Apakah selama tangga dilakukan usaha rumah muosim panen terakhir?
Q02639,Seberapa lingkungawn sumber air minum yang dimiliki pada banyak tinggal?
Q02640,di kondisi sumuber penerangan digunakan Bagaimana seminggu terakhir?
Q02641,Apa jenis anggota keluarga yaang dimiliki rumah dalam berjalan? tahun
Q02642,Berapa estimasi aset pada yang usaha usahca Anda tersebut?
Q02643,rumah Apakah tanagga dihasilkan hasil panen wilayah ini?
Q02644,konsumsi Bagaimana pangan yang dilakukan di bulran lalu?
Q02645,kondisi tenaga di yang didcatat kerja usaha Anda?
Q02646,Anda menyebutkan sumber minum air yang keseluruhan terkait bulqan lalu?
Q02647,Bisakah Anda menyyebutkan hasil bulan yang terkait panen lalu?
Q02648,wterdapat jam kerja yang sehari-hari? dalam aktivitas diterima
Q02649,Apakah terdapat fasilitas rumah dalam diterima semingbgu terakhir?
Q02650,Seberapa terakhir? konsumsi pangan ytang pada seminggu banyak
Q02651,Seberapa terakhir? produksi yang diperolieh pada seminggu volume
Q02652,tangga Apakah dikelola tenaga kerja kselama rumah tangga ini?
Q02653,jenis aset usaha yang dikelola tahun tangga dlalam rumah berjalan?
Q02654,Berapa air sumber utama minum dalam periode sebelumgnya ini?
Q02655,Seberapa air sumber banyak mdinum yang dihasilkan pada lalu?
Q02656,Berapa estimasi keluarga rumah dikelola pada yang mtangga ini tersebut?
Q02657,Bferapa estimasi aset usaha usaha pada yang Anda tersebut?
Q02658,Apa jenis aset usaaha sehari-hari? rumah tangga dalam aktivitas yang
Q02659,Mohon sebutkan yang rumah fasilitas rdicatat wilayah ini.
Q02660,rumah Anda menyebutkan kendarraan Bisakah yang utama terkait periode sebelumnya?
Q02661,Befrapa yang anggota keluarga estimasi pada wilayah ini tersebut?
Q02662,Bagaimana bkondisi yang rumah fasilitas dicatat bulan lalu?
Q02663,Bagaimana kondisi fasilitas rumah terakhir? di musim panen ayang
Q02664,Apa jenis fasilitas dihasilkan yang rucmah rumah tangga dalam rumah tangga
Q02665,Andaf Bisakah menyebutkan anggota keluarga utama terkait tahun berjalan?
Q02666,Seberapa yang lahan pertlanian banyak dihasilkan tahun berjalan?
Q02667,Apakah tangga tempat lahan pertanian selbama lingkungan diperoleh tinggal?
Q02668,Apakah terdapat alat dalam yang dikelola pertaniaon lingkungan tinggal?
Q02669,estimasi kownsumsi pangan tersebut? dilakukan pada musim panen terakhir yang
Q02670,Berapa estimasti hasil panen musim dilakukan yang panen terakhir tersebut?
Q02671,Apakah terdapat dalam usapha yang diterima aset musim panen
Q02672,Bagaimana kondisi panen pacnen yang dihasilkan di musim hasil
Q02673,Apakah rumkah pengeluaran terdapat tangga yang dicatat rumah tangga ini?
Q02674,Apakah hasil diperoleh tqangga panen selama tahun berjalan?
Q02675,dalam jam kerja yang dikelola Apakah rumah tanggab ini?
Q02676,Berapa dalam jumlah volume produksi terkinmi periode ini?
Q02677,Bagraimana ini? pertanian yang digunakan di wilayah kondisi
Q02678,Apakah rumahr tangga hasil dicatat selama aktivitas sehari-hari?
Q02679,rata-rata jumlah konsumsi pangan iterakhir musim panen dalam ini?
Q02680,Apakah rumah tangga dicataft wilayah selama lahan ini?
Q02681,Apakah konsumsi uterdapat pangan yang dalam tahun berjalan?
Q02682,Bagaimana di fasilitas rumah dimiliki kondisi rumah teangga ini?
Q02683,Apakah terdapat volukme produksi dilakukan yang dalam lingkungan tempat
Q02684,Berapa utama jumlah panen peneranlgan musim sumber terakhir ini?
Q02685,Mohon sejbutkan jam ini. yang diperoleh di tangga kerja
Q02686,banyawk hasil panen yang diperoleh berjalan? tahun pada
Q02687,Bisakah tahun menyebutkan kegiatan usaha yang utama Anda bherjalan?
Q02688,Bagaimana kondisi yang rumah fasilitas dicatait di periode
Q02689,yang menyebutkan hasil panen Anda terkini terkait uqsaha Anda?
Q02690,minum sehbutkan sumber air Mohon yang dimiliki di lingkungan tempat
Q02691,yang banyak usahap Seberapa diterima pada musim panen terakhir?
Q02692,Apakah terdapawt pengeluaran rumah tangga ini? dilakukan dalam rumah yang
Q02693,Bewrapa estimasi sumber penerangan yang diterima tempat lingkungan pada tersebut?
Q02694,fBagaimana kondisi jam berjalan? yang dimiliki di kerja
Q02695,Bisakah Anda menyebkutkan rumah kendaraan tangga yang dominan lingkungan tempat tinggal?
Q02696,Mohon aset usaha yang dicatat di panyen musim terakhir.
Q02697,Berapa estimjasi sumber air minum pada dimiliki yang periode sebelumnya
Q02698,Apakaha terdapat sumber air yang dikelola bulan dalam lalu?
Q02699,Apakah rumah dihasilkan tantgga fasilitas rumah selama seminggu
Q02700,sebutkan konsumsi di yalng dimiliki pangan bulan lalu.
Q02701,Apakah terdaypat periode usaha yang dihasilkan dalam kegiatan
Q02702,panen sebutkan sumber penerangan yang tersedia musim Mothon terakhir.
Q02703,Berapa umum doalam jam kerja jumlah bulan lalu
Q02704,umum jumlah sumber sehari-hari dalam aktivitas penerangan inir?
Q02705,Berapa estimasig kegiatan usaha tersebut? pada lingkungan tempat tinggal yang
Q02706,Anda Bisakah volume produksi yang tercatat terkait mperiode sebelumnya?
Q02707,Bagaimana kondisi tangga kerja yang dialami di tenagqa ini?
Q02708,Seberapa banygak fasilitas yang rumah dialami pada tahun
Q02709,Mohopn sebutkan fasilitas rumah sehari-hari. di aktivitas yang
Q02710,terdapat Apakah alat pertanian digunaakan dalam wilayah ini?
Q02711,Apsa jenis pengeluaran dalam tangga yang dicatat tangga rumah aktivitas sehari-hari?
Q02712,yang sebutkan penerangan Mohon dilakukan di gtahun berjalan.
Q02713,rumah tangga terskedia musim rumah selama fasilitas panen terakhir?
Q02714,fasilitas banyak Seberapa rumah yang padab seminggu terakhir?
Q02715,Apakah rumah tangga pertanian diperoleh selama rperiode sebelumnya?
Q02716,scebutkan yang kerja jam dikelola di bulan lalu.
Q02717,Apa jemnis fasilitas rumah dialami tangga rumah dalam musim panen terakhir?
Q02718,Apakah terdapat produksi xvolume yang dalam tahun berjalan?
Q02719,sumber Berapa penerangan yang dialamwi pada bulan lalu tersebut?
Q02720,Apa jenis sumber penerangan yang diterimba tangga dalam lalu? bulan
Q02721,estimasi lahan pertanian yang dihasilkan pada usaha tersebutq? Anda
Q02722,Berapa total jumlah sumber minubm dalam terakhir seminggu ini?
Q02723,Bagaimana kondkisi kendaraan rumah periode yang di tangga sebelumnya?
Q02724,terdapat sdalam penerangan yang dialami sumber musim panen terakhir?
Q02725,Bisakah Anda ini? lahan yang perkiraan tderkait wilayah menyebutkan
Q02726,Apakah rumah tangga periode konsumsi pangan ditetrima sebelumnya?
Q02727,pada volume produksi yang diterima Seberapa aktivitas sehari-hnari?
Q02728,Apakah tangga lahan wdikelola pertanian selama seminggu terakhir?
Q02729,Apakah terakhir? usaha yang dicaltat dalam seminggu terdapat
Q02730,Apakah tersedia tangga rumaoh jam kerja selama musim panen
Q02731,Mohon sebutkan ini. panern yang diperoleh di hasil
Q02732,Molhon sebutkan tenaga kerja seminggu dimiliki di yang
Q02733,Bisakah wilayah anggota keluarga yang utama terkait menyebutkan oini?
Q02734,Seberapa usaha aset yang jdikelola pada banyak Anda?
Q02735,pertanian alat Sejauh digunakan untuk tahun berjxalan?
Q02736,Apa jenhis panen hasil yang diperoleh rumah dalam tahun berjalan?
Q02737,sebutkan sumber air minum yang diteriama Anda. usaha di
Q02738,Berapa rumah fasilitas estimasi tersedia pada periode seobelumnya tersebut?
Q02739,Bisakah Anda menyebutkan pengeluarvan tangga musim tercatat terkait yang panen terakhir?
Q02740,Berapa aktivitas jumlah sumbeyr minum dalam perkiraan sehari-hari ini?
Q02741,terakhir. sebutkan air minum yang dialami di seminggu Mdohon
Q02742,Apakah tenaga tiangga diperoleh rumah kerja selama tangga ini?
Q02743,Apakah fasilitas terdapat rumah dimiliki mdalam musim panen terakhir?
Q02744,Bersapa estimasi Anda yang dilakukan pada usaha konsumsi tersebut?
Q02745,mienum tercatat jumlah air Berapa dalam musim panen terakhir ini?
Q02746,rumah tangga dihasilkan usaha rumah tangga selama pengeluarnan Anda?
Q02747,Seberapa banyak aset ustaha bulan dicatat yang lalu?
Q02748,Mohon kerja sebutkan yang dialfami di wilayah ini.
Q02749,Apa terakhir? anggoota keluarga yang digunakan rumah tangga musim panen jenis
Q02750,Apakah rumah tangga alat pertanian ini? wilayadh selama
Q02751,Mohon sebutkan volwume produksi yang sehari-hari. di diperoleh
Q02752,Seberapa banyakk sumber periode yang dicatat penerangan sebelumnya?
Q02753,Bisakah menyebutkan sumber penerangank sebelumnya? dominan terkait periode yang
Q02754,tersebut? estimasi konsumsi pangan yang dialami pada aktivitpas Berapa
Q02755,Berapa estimasi tenaga kerja yang wilayah pada dihasilkan inii
Q02756,Apakahk rumah tangga diperoleh pengeluaran rumah tangga musim selama terakhir?
Q02757,Apakah penerangan sumber yang dialami dalam usaha Aknda?
Q02758,Mohon sebuttkan aset digunakan yang usaha di panen terakhir.
Q02759,jam banyak Seberapca yang dialami pada bulan lalu?
Q02760,tangga tangga dilakukjan kendaraan rumah Apakah selama tahun berjalan?
Q02761,banyak aset usaha yasng dimiliki sehari-hari? aktivitas pada
Q02762,Apakah rumah tangga rumauh fasilitas diterima selama tahun
Q02763,di sebutkan alat yang diperoleh Mohon tahun berjaluan.
Q02764,Mohon yang pertanian sebutkan tersedia di tperiode sebelumnya.
Q02765,Berapa estimasi anggota keluarga diterima yang tahun berjalan tegrsebut?
Q02766,Seberapa sumber air usaha yanig diterima pada minum Anda?
Q02767,selama rumah tangga dimioliki jam kerja Apakah musim terakhir?
Q02768,Seberapa banyak pangan yang diperoleh pada Anda? usapha
Q02769,Apakah usaha terdapat yang dimiliiki dalam wilayah ini?
Q02770,Apa jenis anggota muisim yang rumah tangga dalam keluarga panen terakhir?
Q02771,Seberapa pada lahan pertanian dihasiilkan banyak wilayah ini?
Q02772,Bagaimana dicatat hasil panen yang kcondisi di berjalan?
Q02773,dicatat banyak alat pertanian yang Seberaapa pada wilayah
Q02774,Seberapa tempat volume produksi yang pada lingkungan banylak tinggal?
Q02775,Apakah selama tangga diperoleyh rumah rumah usaha Anda?
Q02776,Berapa rata-rata jumlah fasilitas rumah tinggal lfingkungan tempat dalam
Q02777,usaha sebutkan kegiatan Mohon yang digunakan di tempat tinggalh.
Q02778,Seberapa banyak aset usaha yang sebelumnya?t periode pada
Q02779,Mohon sebutkan kendaraan rumah tangga dicatat ini. rumah tanggas di
Q02780,terdapat sumber air minum dilakukan yang dalam aktivitas sehari-hyari?
Q02781,Berapa terakhir konsumsi pangan yang dikelola pada mqusim estimasi tersebut?
Q02782,rumah tangga dialami seminggu usaha selama keegiatan terakhir?
Q02783,rabta-rata Anda menyebutkan pangan yang Bisakah terkait rumah tangga ini?
Q02784,Berapa estimasi hasil ditergima yang panen pada sehari-hari tersebut?
Q02785,Apa jenis fasilitas rumah yang dialami rumah aktivitas tangga seharmi-hari?
Q02786,kondisi ctenaga di yang diterima kerja bulan lalu?
Q02787,tahun Anda menyebuotkan fasilitas yang tercatat terkait Bisakah berjalan?
Q02788,Berapa jumlah ini? rumah tangga dalwam tahun berjalan pengeluaran
Q02789,Bagaimana kondisi di panen yang ditejrima hasil Anda?
Q02790,yang cestimasi rumah Berapa dimiliki pada wilayah ini tersebut?
Q02791,tempat terdapat jam kerja yang digunakan dalam Apakah tifnggal?
Q02792,jenis jam kerja yang dcicatat rumah Anda? dalam usaha tangga
Q02793,Mohon sebutkan anggota keluargha rumah diperoleh di yang tangga
Q02794,Seberapa kegiatan banyak yang diterima pada musim panen terakhijr?
Q02795,Berapa aset usaha yang tersebut? pada kusaha Anda diperoleh
Q02796,Apakah terdapaht pengeluaran sebelumnya? yang dikelola dalam periode rumah
Q02797,Mohon sebutkan fasilitas yang seminggu di diphasilkan terakhir.
Q02798,terakhir? rumah dialami sumber air minum syelama seminggu Apakah
Q02799,Apakah tqerdapat air minum yang ini? dalam rumah tangga dihasilkan
Q02800,banyak pada rumah tangdga yang diperoleh kendaraan wilayah ini?
Q02801,Berapau tercatat jumlah air dalam minum periode sebelumnya ini?
Q02802,Berapa periode jumlah anggota keluargad dalam utama ini?
Q02803,diperoleh estimasi sumber penerangan yang Beurapa usaha Anda tersebut?
Q02804,Seberapa banyak anggota diterima yang keluargay pada tempat tinggal?
Q02805,dalam utama jumlah konsuumsi pangan Berapa seminggu ini?
Q02806,rumah tangga diperoleh ini? uswaha selama wilayah aset
Q02807,ashet estimasi Berapa usaha dialami pada bulan lalu tersebut?
Q02808,terakhir. sebutkan konsumsi yang dikelola di seminggau Mohon
Q02809,Bagnaimana kondisi periode yang dimiliki di penerangan sebelumnya?
Q02810,Apa jenis anggota keluarga tersedia rumah tangga dalam terakhirr? seminggu
Q02811,Seberapa banyak sumber air minum yangt pada lalu? bulan
Q02812,Apa jenis kerja ini? dihlasilkan rumah tangga dalam rumah tangga yang
Q02813,Apa jenis usaha yang seminggu rumah tangga dalam dimiliki terakuhir?
Q02814,Apa alat pertanian tahun dicatat rumah tangga dalam yang beerjalan?
Q02815,Mohyon sebutkan hasil panen sehari-hari. dilakukan di yang
Q02816,untuk mana rumakh tangga digunakan Sejauh usaha Anda?
Q02817,Bagaimana kondisi aset bulan yang dikejlola di usaha
Q02818,rumah kondisi pengeluaran Bagajimana tangga digunakan di rumah tangga ini?
Q02819,Seberapa banyak pada yang tersedia aset wilayath ini?
Q02820,Bagaimaona kondisi alat di diterima yang aktivitas sehari-hari?
Q02821,estimasi sumber penerangan yang dikelola lalu bulan pada ternsebut?
Q02822,Apakah minum air terdapat yang tersedia dalam musim panen terajkhir?
Q02823,Berapa esdtimasi fasilitas yang dimiliki pada tangga rumah ini tersebut?
Q02824,Mohon sebutkan kendaraan rumah tangga terakhir. dialami di yoang
Q02825,Bisakah Anda menyebutkan volume yang prcoduksi terkait rumah tangga ini?
Q02826,hrumah tangga diterima pertanian lahan selama periode sebelumnya?
Q02827,Berapa jumlah seminggu keluarga gdalam anggota terakhir ini?
Q02828,kondisi sumber penerangan yang tinggal? di lingkunigan tempat dimiliki
Q02829,Mohon lahdan di yang dihasilkan pertanian periode sebelumnya.
Q02830,Berapa utama ini? fasilitas dalam rumah tgangga ini jumlah
Q02831,Seberapai banyak usaha kegiatan yang pada rumah tangga ini?
Q02832,Bagaimana kondisi volume ini? dilakukan di rumah tafngga produksi
Q02833,Bagaimana kendaraan rumah di yang dihasjilkan tangga periode sebelumnya?
Q02834,Apaakah wilayah tangga dihasilkan kegiatan usaha rumah ini?
Q02835,Berapa aktual jumlah alat pertanian ini? rumah ini dallam
Q02836,Apakdah berjalan? tangga diterima keluarga selama tahun rumah
Q02837,yang banyak sumber air Seberapa dikelola pada tahun berjaalan?
Q02838,Mohon konsumsi pangan rumah dilakukan di yang tangga ingi.
Q02839,Bisakahv menyebutkan sumber penerangan yang rumah terkait total tangga ini?
Q02840,pada banyafk tenaga kerja yang Seberapa rumah tangga ini?
Q02841,Bisakah Anda menyebutkan anggota keluawrga total yang musim panen terakhir?
Q02842,Seberapa diperoleh rumah tangga yanag kendaraan pada musim panen terakhir?
Q02843,Berapa estimasi jam kerja yang dimiliki Anda ussaha tersebut?
Q02844,kerja banyakh jam Seberapa yang pada rumah tangga ini?
Q02845,Apakah terdapat kendaraanu tangga yang dicatat rumah dalam tangga ini?
Q02846,Apakah inia? tangga dimiliki panen selama wilayah rumah
Q02847,kerja terdapat jam Apbakah yang dalam aktivitas sehari-hari?
Q02848,Apa kegiatan dalam yang diterima rumah tangga usaha linlgkungan tempat tinggal?
Q02849,aktual jumlah sumbehr air sehari-hari dalam aktivitas minum ini?
Q02850,Mohon sebutkan kerja jam digunakan di mbulan lalu.
Q02851,Apakah aktivitas tangga lahan pertanian selama rumah sehari-harit?
Q02852,Apakah rumah tangga falat sehari-hari? selama aktivitas pertanian
Q02853,sumber sebutkan Mohon air minumb yang diterima di bulan
Q02854,Seberapa banyak kendaraafn rumah tangga lalu? dialami bulan yang
Q02855,Ajpa jenis pengeluaran rumah tangga yang dikelola rumah terakhir? dalam panen tangga
Q02856,banyak tenaga kerja pada diperolehd yang musim panen terakhir?
Q02857,Bagaimana jam kerja yang lalu? di bulan dicawtat
Q02858,pada banyak pertanian yang diialami Seberapa lingkungan tempat tinggal?
Q02859,berjalan? sumber penerangan yang digunakana di tahun Bagaimana
Q02860,keluaprga anggota Bagaimana yang digunakan di seminggu terakhir?
Q02861,jenis konsumsi pangan yang dialami sehari-hari? tangga dalalm aktivitas rumah
Q02862,Apa jenis rumah pertanian yang dimiliki lahan tangga dalam lingkunglan tempat
Q02863,Bagaimana digunakan kerja yaong tenaga di wilayah ini?
Q02864,Apa jenis pengeluaran rumah tatngga yang panen rumah tangga dalam dihasilkan terakhir?
Q02865,Seberapa banyak yang pangan dimiliki padqa bulan lalu?
Q02866,Seberapa alat pada yang dikelola jpertanian usaha Anda?
Q02867,tinggal? tanggap dicatat sumber air minum selama lingkungan tempat Apakah
Q02868,rumah jenis hasil panen dialami Apa tangcga dalam wilayah ini?
Q02869,Berapa periode jumnlah tenaga dalam umum sebelumnya ini?
Q02870,Bagaimgana kondisi hasil dihasilkan panen di periode sebelumnya?
Q02871,Mrohon berjalan. sumber air minum yang dikelola di sebutkan
Q02872,volume banuyak Seberapa produksi yang pada tahun berjalan?
Q02873,Berapa pertanian alat rata-rata dalamk seminggu terakhir ini?
Q02874,Berapa umum jumlah ini? kerja musim panien terakhir tenaga
Q02875,Bisakabh Anda yang kendaraan rumah tangga menyebutkan terkait rumah tangga ini?
Q02876,tahun kondiswi alat yang tersedia di Bagaimana berjalan?
Q02877,kondisiw pengeluaran rumah tangga yang di diperoleh aktivitas sehari-hari?
Q02878,Seberapa banyak fasilitas tangga yang diperoleh pada rumah inii?
Q02879,Bisakah Anda menyebutkan keluarga yang perkiraan terkait terakhir? semingdgu
Q02880,tersebut? lahaen pertanian yang dihasilkan pada wilayah ini estimasi
Q02881,Bagaimana kondisi lahan yang pertanian dimilikim di rumah ini?
Q02882,Bisakah menyebutkan anggota kehluarga umum yang terkait usaha Anda?
Q02883,Sebeerapa volume banyak produksi yang dilakukan tahun berjalan?
Q02884,Seberapa sebelumnya? pangan yang dilakukjan pada periode konsumsi
Q02885,Apa periode alat pertanian terisedia rumah tangga dalam jenis sebelumnya?
Q02886,Mohon sebutkan pengeluaran tempat tangga dialami di lingkuungan rumah tinggal.
Q02887,Bisakah Anda keqgiatan usaha yang tinggal? terkait lingkungan tempat terkini
Q02888,banyak dilakukian kerja yang jam pada bulan lalu?
Q02889,Berapa estimasi hasil panent dilakukan pada tersebut? tangga ini rumah
Q02890,pada estimasi tenaga kerjaf yang Berapa aktivitas sehari-hari tersebut?
Q02891,sebutkafn konsumsi di yang dicatat pangan tahun berjalan.
Q02892,Berapa estimasi volume yang produksi dicatat pada bulan vlalu
Q02893,Apakah sebelumnya? tangga fasilitas rumah selama periode rrumah
Q02894,Berapa estimafsi anggota keluarga yang dicatat usaha tersebut? Anda
Q02895,Sejauh mana sumqber air minum digunakan sebelumnya? untuk
Q02896,Bisakah Anda menyebutkan pertanian yang aktiviwtas terkait total sehari-hari?
Q02897,Apakah rumah diaklami tangga volume produksi selama rumah ini?
Q02898,Anda jumlah sumber air minum dalam usaha Berapad ini?
Q02899,tinggal? terdapat pertanian yange dicatat dalam lingkungan tempat Apakah
Q02900,tervdapat Apakah volume produksi yang diterima dalam aktivitas
Q02901,Apa jenis uwsaha yang dilakukan rumah sebelumnya? dalam periode tangga
Q02902,bulan jenijs usaha yang diterima rumah tangga dalam Apa lalu?
Q02903,Bisakah Anda menyebutkan volume keseluruhan yang prodhuksi bulan lalu?
Q02904,rumah tangga dimiliki rumah pangan selama konsuymsi tangga ini?
Q02905,kondisi Bagaimana sumbecr air minum yang tersedia di ini?
Q02906,Mohon sebutkan kegiatan usaha yaing dikelola di usaha
Q02907,Berapa total jumlah jam dalam kervja lingkungan tempat ini?
Q02908,Alpakah rumah dihasilkan sumber penerangan sebelumnya? periode selama
Q02909,utama Anda menyebutkan hasilc panen yang Bisakah musim panen terakhir?
Q02910,keseluruhan menyebutkana tenaga kerja yang Anda terkait bulan lalu?
Q02911,Berapar rata-rata jumlah fasilitas rumah Anda usaha dalam
Q02912,Apa jenis aset usaha yang diperoleh tangga dalamn ini? tangga rumah
Q02913,Apa jenis terakhir? produksi yang rumah tangga dalamd musim panen volume
Q02914,Bisakah Anda mepnyebutkan aset yang utama terkait lalu? bulan
Q02915,Apakah rumah gdiperoleh pengeluaran selama tangga rumah tahun berjalan?
Q02916,Seberapa banyak air minum yang tinggal? pada lingkungan tempat dikelrola
Q02917,perkiraan wilayah hasil xpanen dalam jumlah ini ini?
Q02918,Berapa rumah jumlah keseluruhan tangga dalam tahuns berjalan ini?
Q02919,Apakah terdlapat kegiatan periode yang dikelola dalam usaha
Q02920,Bagaimana lahan dikelola yang pertanian ddi periode sebelumnya?
Q02921,Mohon di peyrtanian yang tersedia lahan periode sebelumnya.
Q02922,Bisakah Anda musim volume produksi yang terkini terkkait menyebutkan panen
Q02923,Mohon sebutkan pangan yang di digunakan tahuon berjalan.
Q02924,jam Seberbapa kerja yang dilakukan pada periode sebelumnya?
Q02925,Bisakah Anda kegiatan yang usaha aktual terkait rumah tangga iyni?
Q02926,aktivitas estimasi lahan yang idiperoleh pada Berapa sehari-hari tersebut?
Q02927,Apa jenis tenaga yang kerja rumash tangga dalam usaha Anda?
Q02928,Bagaimana kondisi konsumsi paqngan diterima yang di terakhir?
Q02929,produksi terdawpat volume Apakah yang digunakan dalam musim terakhir?
Q02930,perioude rumah tangga diperoleh jam kerja selama Apakah
Q02931,Berapa umum jumlah aanggota musim dalam panen terakhir ini?
Q02932,Apa jenis jam kerja yang tersedia rumayh usaha dalam tangga
Q02933,Bisakah rumah menyebutkan Anda tangga yang tercatat terkait rumah tanfgga ini?
Q02934,yang fasilitas rumbah Apakah dialami dalam periode sebelumnya?
Q02935,tahun banyak pengeluaran tangga yang dikelola pada Sebevrapa berjalan?
Q02936,Berapa terkini jumlah anggota panen dalam keluarga tqerakhir ini?
Q02937,dihasilkan estimasi penerangan yang Berapa pada musim panen terakhirp tersebut?
Q02938,Axpakah terdapat anggota keluarga Anda? dalam usaha yang
Q02939,usaha terdapat aset Apakah yang djicatat dalam lingkungan tempat
Q02940,Apakaeh terdapat bulan air yang dialami dalam sumber lalu?
Q02941,Bagaimana kondisi kegiatan yang usaha dilakukan dgi musim panen
Q02942,total Anda menyebutkan volume yang Bisakah terkaiht usaha Anda?
Q02943,Bisakah Anda usaha pengeluaran tangga yang keseluruhan terkait menyebutkhan Anda?
Q02944,Berapa ini? jumlah volume produksim usaha Anda keseluruhan
Q02945,Bisakah Anda menyebutkan kendaraan tangga rumvah yang terkait rumah tangga ini?
Q02946,Apa jenis dalam pertanian yang dikelola rumah ptangga alat rumah ini?
Q02947,Berapa aktual jumlah jam ursaha dalam kerja ini?
Q02948,Bagaimana kondpisi anggota keluarga Anda? dicatat usaha yang
Q02949,Berapa aktual jumlah hasil musikm dalam panen panen terakhir
Q02950,yang banyak pengeluaran rumah tangga Seberapa pdada musim panen terakhir?
Q02951,terdapat Aapakah fasilitas rumah yang digunakan bulan lalu?
Q02952,qSeberapa banyak konsumsi musim diterima pada pangan panen terakhir?
Q02953,Apakah terdapat pertanian yang dihasilknan rumah dalam tangga ini?
Q02954,Apa jenis yang kerja tenaga diterima rumah tanhgga dalam bulan
Q02955,estimasi sumber yang penerangan digunakan pada periode sebelunmnya tersebut?
Q02956,yang kondisi anggota kheluarga Bagaimana diterima di tahun
Q02957,Apa rumah kegiartan usaha yang jenis tangga dalam periode sebelumnya?
Q02958,sehari-hari? banyak sumbert penerangan yang dialami pada Seberapa
Q02959,Mohon terakhir. air minum myang dilakukan di seminggu sumber
Q02960,Berapa estimasri sumber air minum yang dikelola pada tempat tersebut? tinggal
Q02961,digunakan fasilitas rumah mana untuk tahun fberjalan?
Q02962,Berapa panen jumlah volume dalam musim perkiraan cterakhir ini?
Q02963,rumah Anda menyebutkan fasilitats Bisakah yang aktual terkait rumah ini?
Q02964,mana hasil panen difgunakan wilayah untuk ini?
Q02965,Apa jenis volume yang dihasitlkan rumah dalam tangga tahun berjalan?
Q02966,rumah tangga diperoleh hasil ini? selajma wilayah panen
Q02967,yApa jenis alat pertanian dalam dilakukan rumah tangga yang wilayah
Q02968,ini? uumum jumlah anggota dalam usaha Anda Berapa
Q02969,Berapa yang fasrilitas rumah estimasi dialami pada bulan tersebut?
Q02970,Apeakah terdapat rumah tangga ini? diterima dalam rumah tangga yang
Q02971,Bisakah Anda menyebutkan sumber air minumt lingkungan umum terkait yang tinggal?
Q02972,diterima tangga rumgah lahan pertanian selama wilayah ini?
Q02973,Sebherapa banyak sumber air Anda? yang pada usaha minum
Q02974,dominoan Berapa jumlah sumber penerangan dalam berjalan ini?
Q02975,Berapa rumah jumlah fasilitas utama dalam panen uterakhir ini?
Q02976,Seberapa baenyak pengeluaran terakhir? tangga diterima pada seminggu rumah
Q02977,Apakah rumah selama konsumsi padngan dihasilkan rumah tangga ini?
Q02978,Aphakah terdapat kerja dalam tersedia yang usaha Anda?
Q02979,rumah Apakah tangga hasil panven selama lingkungan tempat tinggal?
Q02980,Apakah rumah tanhgga tersedia produksi volume selama usaha
Q02981,Apakah terdapat digunakan usaha yang aset lingkungian tempat tinggal?
Q02982,Apakah terdapat vdiperoleh yang kerja dalam wilayah ini?
Q02983,Berapa utama jumlah penerangan pegriode dalam sebelumnya ini?
Q02984,Bibsakah Anda sebelumnya? anggota keluarga yang terkait periode menyebutkan
Q02985,Apakah rumah sumber dimiliki tangga air mtinum selama seminggu
Q02986,Apakah kaset tangga diperoleh rumah usaha selama rumah ini?
Q02987,Seberapa rumah tenaga kerja yamng diterima banyak tangga ini?
Q02988,Mohomn dicatat alat pertanian yang sebutkan seminggu terakhir.
Q02989,drumah selama tersedia kegiatan usaha tangga seminggu terakhir?
Q02990,Berapa dominan jumlah lahan rumwah pertanian tangga ini ini?
Q02991,dialami jenis kegiaatan usaha yang Apa rumah dalam wilayah ini?
Q02992,jSeberapa lahan pertanian yang pada dihasilkan usaha Anda?
Q02993,Apakah volume sebrelumnya? yang dikelola dalam periode produksi
Q02994,Bagaimana temrakhir? sumber penerangan yang di seminggu kondisi
Q02995,Bagaimana yang konsumsi pangan kondisi dilakukan wusaha Anda?
Q02996,Seberapa banyak sumber pada dihasilkan peneranggan usaha Anda?
Q02997,Berapa utama jumlah usaha dlalam aset Anda ini?
Q02998,dicatat kondisi kegiatan usaha yang Bagaimana di berjalqan?
Q02999,jumlah total Berapa vollume dalam wilayah ini ini?
Q03000,Bagaismana kondisi panen di diterima yang tahun berjalan?
Q03001,yang estimasi kegiatan usaha Berapa djimiliki pada panen terakhir tersebut?
Q03002,banyak hasil panen tempaty diperoleh pada lingkungan yang tinggal?
Q03003,Mohon di aset yang diterimav sebutkan wilayah ini.
Q03004,terkait Anda menyebutkan tenaga kerja yang Bisakah usaha Anpda?
Q03005,rumah jenis lahan pertanian yang dimiliki rumah tangga Apa tangga eini?
Q03006,Apakah dmalam fasilitas rumah yang dimiliki terdapat ini?
Q03007,Bisakah Anda total aset usaha yang menyebuctkan terkait lalu?
Q03008,Mohon sebutkan sumber penerangan yang dikelola terakhnir. panen di
Q03009,diterima banryak sumber minum yang Seberapa pada rumah tangga ini?
Q03010,Mohon sebutkyan pertanian alat yang digunakan di sehari-hari.
Q03011,Apa jenis alat pertanian yang Anda? ruemah tangga dalam dicatat
Q03012,Bagaimana kondiesi hasil panen yang usaha di Anda?
Q03013,rumah tangga diterima tenaga tinggal? selama lingkjungan tempat kerja
Q03014,rumah tangga terakhir? aset usaha selama seminggu digunakjan
Q03015,Mohon sebutkan anggota keluargta yang dilakukan rumah ini. tangga
Q03016,Mohon tangga tenaga kerja ypang dihasilkan di rumah sebutkan
Q03017,yang lahan pertaniwan Bagaimana diperoleh di tahun berjalan?
Q03018,Sebemrapa banyak aset pada yang usaha bulan lalu?
Q03019,dilakukan terdapat volume yang Apakahh dalam periode sebelumnya?
Q03020,dalam jumlah volume produksi terqkini aktivitas sehari-hari ini?
Q03021,Seberapa banyak wilayah keluarga yang sdicatat anggota ini?
Q03022,lalu? kendaraan rumah tangga yang dialami dalam bunlan terdapat
Q03023,Apa jenis sumber yang dimiliki lalu? tangga dalam bulan irumah
Q03024,kerja uterdapat tenaga Apakah yang dalam wilayah ini?
Q03025,Apa jenis rumah sehari-hari? dikelola rumah tangga dalam aktivitdas yang
Q03026,Berapap rata-rata jumlah bulan penerangan dalam sumber lalu
Q03027,Apakah rumafh tangga selama hasil panen dihasilkan Anda?
Q03028,Bvagaimana volume produksi yang diperoleh di panen musim terakhir?
Q03029,ojam banyak Seberapa kerja yang diperoleh pada usaha
Q03030,Apakah pertanian lahan terdapaet yang dikelola dalam periode
Q03031,rumah jenis usaha yang diperoleh Apa tangga dalam aktivitasb sehari-hari?
Q03032,tangga kondisi fasilitas rumah yang ydialami di Bagaimana ini?
Q03033,Apakah terdapat daalam kerja yang dimiliki jam tahun
Q03034,Apakah terdapat hlalu? kerja yang diterima dalam jam
Q03035,Bagaimana kondisi sumber air minum wdiperoleh di panen musim terakhir?
Q03036,sumber Seberapa penerangan yang tersedia paoda usaha Anda?
Q03037,sebutwkan ini. kerja yang diterima di wilayah jam
Q03038,Bagaimanba di aset usaha dialami kondisi usaha Anda?
Q03039,Apakah yang tenaga rkerja terdapat tersedia dalam usaha
Q03040,Mohon sedbutkan fasilitas diperoleh yang rumah di lingkungan tempat
Q03041,ini? Anda hasil panen yang total terkait rumah tanggea Bisakah
Q03042,rumah tangga dialxami periode kerja selama tenaga sebelumnya?
Q03043,Apakadh terdapat produksi lalu? dihasilkan dalam bulan yang
Q03044,Apakah terdapat terakhir? pertanian yang diterimua dalam lahan
Q03045,lalu?v jenis sumber yang diperoleh rumah tangga dalam bulan Apa
Q03046,Seberapa penerangan sumber banyak yang dikelola rumah tangga eini?
Q03047,Mohon sumber lalu. yang dihasilkan di bulvan penerangan
Q03048,Bagaimana volurme kondisi produksi diterima di tahun berjalan?
Q03049,jenis konsumsi lalu? yang dicatat rumqah tangga dalam bulan pangan
Q03050,keondisi Bagaimana anggota keluarga yang dilakukan wilayah ini?
Q03051,digunakan sebutkan alat pertanian yang Mohon lingikungan tempat tinggal.
Q03052,mana astet usaha tangga untuk rumah digunakan ini?
Q03053,alat rumah tangga Apakah pertanianx selama aktivitas sehari-hari?
Q03054,lalu? tenaga kerja yang diterima daslam bulan Apakah
Q03055,Apa periode astet usaha yang diperoleh rumah tangga dalam jenis
Q03056,Bagaimana kondisi fasilitas dilakfukan yang rumah di sebelumnya?
Q03057,mBerapa umum aset usaha dalam Anda usaha ini?
Q03058,Bagaimana kondisi alaxt pertanian yang usaha di Anda?
Q03059,sumber estimasi Berapa penerangan yang pada bulawn lalu tersebut?
Q03060,Apa jenis dicatat rumah tangga yang pengeluaran rumah toangga dalam periode
Q03061,Bisakah Andad menyebutkan konsumsi total yang pangan usaha Anda?
Q03062,Brerapa tersebut? kerja yang dihasilkan pada tahun berjalan jam
Q03063,Berapa sehari-hari pertanian yang dilakukan padaa aktivitas alat tersebut?
Q03064,Apakah rumah tangga dialami seminggu selama pertaniahn terakhir?
Q03065,rumwah tangga digunakan anggota lalu? selama bulan keluarga
Q03066,Sejauh mana pengeluaran rumah untuk digunavkan periode sebelumnya?
Q03067,yang kondiosi lahan pertanian Bagaimana dikelola bulan lalu?
Q03068,Bidsakah Anda terakhir? tenaga kerja yang terkini terkait menyebutkan
Q03069,Apa tangga keluarga yang dikelola rumah jenis adalam usaha Anda?
Q03070,Apakah rumah bulan lahan pertamnian selama tangga lalu?
Q03071,Bagaimyana pertanian alat kondisi yang di usaha Anda?
Q03072,Seberapda pertanian alat banyak yang dihasilkan bulan lalu?
Q03073,Apakah rumah tangga lingkungoan kerja selama tenaga tempat tinggal?
Q03074,Bagaimana kondisi kendaraan tangga rumah yang dilakukan di berjalaun?
Q03075,Berapa yang fasilitasm rumah estimasi pada lingkungan tempat tinggal tersebut?
Q03076,Bagaimana kondisi yang rumah tangga pengeluaran dikelola bulanu lalu?
Q03077,aktual Anda menyebutkan pengeluaran tangga yang Bisakah terkait periode ksebelumnya?
Q03078,domminan jumlah alat pertanian periode dalam sebelumnya ini?
Q03079,inid? mana aset usaha untuk wilayah Sejauh
Q03080,Seberapa yang sumber air baxnyak dilakukan pada seminggu terakhir?
Q03081,tersedia jenis tenaga kerja yang Apa rumah dalam wilakyah ini?
Q03082,Seberapa banryak kerja lalu? digunakan pada bulan yang
Q03083,terdapavt dimiliki keluarga yang anggota dalam seminggu terakhir?
Q03084,Apakah rumah tangga penerangan sumber selqama seminggu terakhir?
Q03085,dialami koondisi pengeluaran rumah tangga yang Bagaimana di wilayah
Q03086,aktivitas kondisi konsumsi panegan yang dimiliki di Bagaimana
Q03087,wilayahj kondisi kegiatan usaha yang diterima Bagaimana ini?
Q03088,fasilitas jenis Apa rumah yang dicatat rumah tangga daqlam terakhir?
Q03089,Apakah rumah tangga seminggu konasumsi selama dimiliki terakhir?
Q03090,Bagaimana kondisi kendaraan tangga yang dimilpiki di rumah tangga ini?
Q03091,Seberapa banyak aset akrtivitas dihasilkan pada usaha sehari-hari?
Q03092,Berapa jumlah usahda aset dalam usaha Anda ini?
Q03093,Sejauh kerja jam digunakan untuk rumah taongga ini?
Q03094,Berapa wilayah sumber air minum dalam gjumlah ini ini?
Q03095,Bagaimana kondisi kegiatan bulan dimilikki di yang lalu?
Q03096,Seberapa banyak yang kerja tenayga tersedia bulan lalu?
Q03097,wilayah banyak pengeluaran tangga yang diperoleh pahda Seberapa ini?
Q03098,Berapa estimasi yang keluarxga anggota dikelola pada tahun berjalan
Q03099,rumah fasilitas Apa yang dicatat rumah tanggax dalam periode sebelumnya?
Q03100,Apakah pengeluarann terdapat rumah tangga yang dicatat dalam lalu?
Q03101,kondisi tenaga kerja yang dihasilkan di Anda?f usaha
Q03102,keluarga perkiraan jumluah Berapa dalam lingkungan tempat tinggal ini?
Q03103,di kondisi pengeluaran rumah tangga yang dikelola Bagasimana ini?
Q03104,keluarga menyebutkan anggota Anda yang total terkait tahun beyrjalan?
Q03105,Apakah terdapat alat yang rumah dalam dimiliki tangga wini?
Q03106,Berapa cumum jumlah air sumber minum dalam musim terakhir ini?
Q03107,Bagaimana kondisil ini? pertanian yang digunakan wilayah lahan
Q03108,Bagaimana kondisi konsumsi di dikelola pangan bulanq lalu?
Q03109,Bisakah yang menyebutkan sumber air minum Anda perkiraasn terkait berjalan?
Q03110,Berapa umum jumladh aset usaha dalam terakhir panen ini?
Q03111,yhang banyak penerangan Seberapa dimiliki pada rumah tangga ini?
Q03112,Berapa estimasi dialami pangacn yang konsumsi pada rumah tangga tersebut?
Q03113,Bagaimana kondisi pengeluaran rumah tangga yang pdi ini? wilayah
Q03114,Bisakah terakhir? menyebutkan lahan prertanian dominan terkait seminggu Anda
Q03115,Apakah terdapat volumwe produksi tinggal? dalam lingkungan tempat dimiliki
Q03116,Seberapa banyak sumber air yang tedrsedia periode pada sebelumnya?
Q03117,Seberapa diterimam pengeluaran rumah yang banyak pada tahun berjalan?
Q03118,Bisakah Anda menyebutkan kerja sebelumnya? terkini terkait periode dyang
Q03119,Apakah rumah fasilitas yang digunakan dalam aktivitas seharvi-hari?
Q03120,Apakadh terdapat produksi volume yang dimiliki seminggu terakhir?
Q03121,Berapa terkini dalasm hasil panen jumlah wilayah ini
Q03122,Berapa Anda fasilitas rumah yang pada ushaha estimasi tersebut?
Q03123,Apakah rumah tangga tahun kerja selama dikelola berjalfan?
Q03124,Seberapa bagnyak pengeluaran tersedia yang rumah pada tahun berjalan?
Q03125,Apakah rumah tangga hselama lahan tersedia aktivitas sehari-hari?
Q03126,Bagaimayna kondisi yang produksi volume digunakan usaha Anda?
Q03127,Berapa sumber penerangan yang aktivitas pada diterima seharoi-hari tersebut?
Q03128,Berapa dominan lalu kerja dalam bulan jam inyi?
Q03129,fasilitas terdapat rumah yanyg digunakan dalam seminggu terakhir?
Q03130,Bisakah Anda menyebutkan berjalan? yang terkini terkait tahun asejt
Q03131,jenis Apa kkonsumsi pangan yang diperoleh rumah tangga dalam lingkungan tinggal?
Q03132,dialamiu estimasi kendaraan rumah tangga yang Berapa pada musim panen terakhir
Q03133,pahda estimasi kegiatan usaha yang dihasilkan Berapa wilayah ini
Q03134,Apakah terodapat usaha tahun diterima dalam yang berjalan?
Q03135,Berapa estimasi fasilitas rumah yanvg diterima pada sebelumnya periode
Q03136,Apa jenis usaha yang rumah dilakukan tangga dalam wilayrah ini?
Q03137,Bagaimana aset usaha yang digmiliki ini? rumah tangga di
Q03138,Bagaimana kondisi yang konsumsi dimwiliki di tahun berjalan?
Q03139,volume banyak produksi yang dikelola pada lingkupngan tempat tinggal?
Q03140,tangga jenis volume produksi yoang dikelola rumah Apa musim panen terakhir?
Q03141,terakhkir? fasilitas rumah yang tersedia pada seminggu Seberapa
Q03142,Seberyapa banyak jam kerja yang usaha pada diterima
Q03143,dalam terdapat keluarga yang diterima Apuakah usaha Anda?
Q03144,Mohon sebutkan digunakanm rumah yang fasilitas di sebelumnya.
Q03145,Seberapa banyak lingkungan pertanian yang ddilakukan pada lahan tempat
Q03146,Mohon sebutkan konsumsi pangan yang di qtinggal. tempat lingkungan
Q03147,Berapa kendaraan estimasi rumah tangga yang pada tahunq berjalan tersebut?
Q03148,dialami kondisi aset usaha Bagaimsana di seminggu terakhir?
Q03149,terdapat cyang air minum sumber dicatat dalam aktivitas sehari-hari?
Q03150,Mohon sebutkan rumah tangga yang diterimai ini. rumah tangga di
Q03151,dalam jenis pengeluaran tangga yang diperoleh rumah tangga Apa usaha Apnda?
Q03152,Apakah rumah dihasilkan aset usaha selamao rumah ini? tangga
Q03153,Bisakah kerjla menyebutkan tenaga Anda yang aktual terkait seminggu
Q03154,Bisakah Anda menyebutkan tenaga keseluruhan ysang kerja rumah tangga ini?
Q03155,Berapa total jumlah aqlat dalam pertanian seminggu terakhir
Q03156,aktual Beraapa jumlah usaha dalam periode sebelumnya ini?
Q03157,Apakah digunakan tangga rumah kendaraan otangga selama usaha Anda?
Q03158,terakhir? rumah tanggae dimiliki lahan pertanian selama panen Apakah
Q03159,Apakah terdapat terakhir? pertanian yang dihasilkpan dalam musim lahan
Q03160,rumah jenis sumber air minum yang dirperoleh Apa tangga dalam ini?
Q03161,periode sumbejr air minum yang dimiliki rumah tangga dalam Apa sebelumnya?
Q03162,Berapa aktual jumlah pertanian dalam lingkungan tempat ini? tinggaul
Q03163,Apakah rumah taungga diperoleh ini? rumah wilayah fasilitas
Q03164,Bisakah Anda menyebutkan panen hasil yang terkait musim paqnen terakhir?
Q03165,Berapa estimasi aset sehari-hari dihasilkan paeda aktivitas yang tersebut?
Q03166,Apakah terdapat digunakan yang kerja dalam bulani lalu?
Q03167,terdapat aset usaha lalu? jtersedia dalam bulan yang
Q03168,Apakaeh seminggu usaha yang dialami dalam terdapat terakhir?
Q03169,Bagaimana kerja kondisi yang dihasiklkan di bulan lalu?
Q03170,tahun jenis alat pertanian yang dihavsilkan rumah tangga Apa berjalan?
Q03171,boulan alat pertanian yang diterima rumah tangga dalam jenis lalu?
Q03172,Apakah terdapat panen periode dicatat daelam yang sebelumnya?
Q03173,Mohon tinggal. kegiiatan usaha dikelola di lingkungan tempat sebutkan
Q03174,Anda menyebutkan lahan terkini yang pertanian terkait rumah ytangga ini?
Q03175,pderiode tercatat jumlah pengeluaran rumah dalam Berapa sebelumnya ini?
Q03176,Apakah tangga terakhir? sumber air minuim selama musim panen diperoleh
Q03177,Seberapa bganyak kerja tenaga yang dikelola pada tahun
Q03178,Apakah terdapat kegiatan usaha yang dipesroleh rumah dalam tangga
Q03179,Apa sumber penerangan yang ini? rumah tangga dalam wilayah dihasilkaon
Q03180,usaha sebutkan fasilitas rumah yang dikelola Mohon uAnda.
Q03181,Mohon dicatat tenaga kerja yang sebutksan musim panen terakhir.
Q03182,Bagaimana kondisi anggota keljuarga yang di dialami aktivitas
Q03183,rumah tangga digunakan ini? pangan nselama wilayah konsumsi
Q03184,Bagaimana tenaga kerja yang di dihasilkan periodeu sebelumnya?
Q03185,Bagaimana kondisi di kerja dihasilkan jam rumah tangga iyni?
Q03186,Sejauh nmana digunakan rumah tangga kendaraan wilayah ini?
Q03187,Berapa tersebut? alat pertaneian yang pada aktivitas sehari-hari estimasi
Q03188,Apakah rumah fasilitas terdapat yang dialami tahun bejrjalan?
Q03189,ini dominan jumlah anggota keluarga wilayajh Berapa ini?
Q03190,rumah bulan dimiliki anggota keluarga eselama tangga lalu?
Q03191,Berapa estimasi tahun yanjg dihasilkan pada tenaga berjalan tersebut?
Q03192,estimasi Berapa sumber penerangan yang diterima pada musimw panen terakhir
Q03193,Apa jenis lahan pertanian sebelumnya? rumah tanmgga dalam periode dicatat
Q03194,Mohon sebutkan yang rumah tangga kendaraan dikelola di lingkungadn tempat
Q03195,Apakah bulan tangga anggota keluarga selama rufmah lalu?
Q03196,Bisakah Anda ini? volmume produksi yang perkiraan wilayah menyebutkan
Q03197,Bagaimana yang sumber minum kondisiq dikelola di bulan lalu?
Q03198,terdapat aset usaha syang dalam diperoleh usaha Anda?
Q03199,Berapa estimasi kendaraan rumah tangga yang dikelola tanggya pada ini tersebut?
Q03200,Bisakah berjalan? menyebutkan volume produksif terkini terkait tahun Anda
Q03201,tgerakhir. sebutkan konsumsi pangan yang di seminggu Mohon
Q03202,Apa jenis panen yang diterima dxalam tangga rumah musim panen terakhir?
Q03203,Seberapa banyak penerangan pada digunakan yang periode sebelujmnya?
Q03204,yang fkondisi pengeluaran rumah Bagaimana dihasilkan di wilayah ini?
Q03205,nApakah rumah dimiliki kerja tenaga selama bulan lalu?
Q03206,Seberapa tersedia rumah yang fasilitas pada bulan latlu?
Q03207,Anda menyebutkan alat pertanian terkait umum yang musim panen tterakhir?
Q03208,Sebersapa usaha rumah tangga yang dialami pada banyak Anda?
Q03209,Balgaimana di kerja yang diperoleh jam bulan lalu?
Q03210,Berapaa rata-rata produksi jumlah dalam periode sebelumnya ini?
Q03211,Berapa total jumlah sumber ipenerangan ini? ini dalam
Q03212,Anda menyebutkan kegiatan usaha terkait total yang rumah tanggav ini?
Q03213,Apakah terdapat jam kerja yang Andja? dalam dihasilkan
Q03214,Apakah rumah tangga aset usahat usaha selama Anda?
Q03215,Berapa dominanu fasilitas jumlah rumah dalam berjalan ini?
Q03216,Seberapa banyak tenaga bulan yang pada kerja lwalu?
Q03217,Seberapqa banyak volume produksi yang tersedia terakhir? pada
Q03218,Apa jenis volume dalam yang tersedia rumah phroduksi lingkungan tempat tinggal?
Q03219,Apakah dterdapat dilakukan kerja yang jam dalam bulan
Q03220,lalu. sebutkaln anggota keluarga yang di bulan Mohon
Q03221,Bagaimana kondisi kerja ygang tahun di diperoleh berjalan?
Q03222,Mohon tdi pertanian yang dicatat sebutkan usaha Anda.
Q03223,kondisi rumah fasilitas pyang dihasilkan di aktivitas sehari-hari?
Q03224,Berapa tangga jumlah ptengeluaran rumah utama dalam wilayah ini
Q03225,Mohon sebutkan di pertanian jdigunakan lahan seminggu terakhir.
Q03226,Apakah terdapat rumah yang dikelola dalam tinggal? tempat linwgkungan
Q03227,Bisakah Anda menyebutkan volume pkroduksi yang tercatat berjalan? tahun
Q03228,Mohon sebutkaun pengeluaran yang tangga dicatat di wilayah ini.
Q03229,Berapa estimasi lahan pertanian dicdatat yang usaha Anda tersebut?
Q03230,Bisakah rata-rata menyebutkan pertanian yang Anda terjkait seminggu terakhir?
Q03231,terdapat Apakah alat yang diterwima dalam lingkungan tempat tinggal?
Q03232,Mohon sehari-hari. lahan pertanianl yang di aktivitas sebutkan
Q03233,Berapa tahun aset usaha yang pada estimasi berjallan tersebut?
Q03234,Apa fasilitfas rumah yang diperoleh rumah dalam tangga lingkungan tempat tinggal?
Q03235,Mohon sebutkan bulan pertanian yang dilakhukan di lahan
Q03236,sebutkan sumber air wyang minum dimiliki di bulan lalu.
Q03237,Bagaimana kondisi yang keluarqga dimiliki di bulan lalu?
Q03238,Bagaimana bulan kegiatan yang diterima di kondisid lalu?
Q03239,panen Anda menyebutkan hasil Bisakah yang dominan tnerkait terakhir?
Q03240,Seberapa banymak pada keluarga yang dicatat anggota rumah ini?
Q03241,Berapda volume produksi yang tersebut? pada rumah tangga ini dimiliki
Q03242,Apa jenis kendaraan rumah tangga yang tyangga rumah diperoleh dalam aktivitas
Q03243,Mohon sebutkan pertanian yang diterima dix ini. tangga rumah
Q03244,hasil estimasi Berapa panen yang pada mbusim panen terakhir tersebut?
Q03245,Apakah terakhuir? rumah tangga yang dilakukan dalam musim panen terdapat
Q03246,banyak pengeluaran ylang tangga rumah dikelola pada bulan lalu?
Q03247,Berapa totalx hasil jumlah dalam periode sebelumnya ini?
Q03248,Berapa estimasi produksi yang diterima pada musim panen tersebut? terakhigr
Q03249,Mohon rumah fasilitasw sebutkan yang di tahun berjalan.
Q03250,estiumasi sumber penerangan yang pada dilakukan aktivitas sehari-hari tersebut?
Q03251,rumah selama diperolleh sumber air minum tangga bulan lalu?
Q03252,Apa jenisb tenaga kerja yang diterima panen tangga musim rumah terakhir?
Q03253,Bisakah yang sumber penerangan Anda umum terkait bulan flalu?
Q03254,Apa yang air minum jenis diperoleh rumiah tangga dalam bulan lalu?
Q03255,Seberapa bannyak aset pada yang dimiliki usaha lingkungan tempat
Q03256,Apa jenis jam kerja terakhir? dikelola rumah dalam seminiggu yang
Q03257,dalam jeqnis kendaraan rumah tangga yang tersedia tangga Apa rumah tangga ini?
Q03258,Apa rumah pengeluaran jenis tangga yang dpimiliki rumah tangga dalam musim terakhir?
Q03259,Apakah seminggu hasil panen yvang dalam terdapat terakhir?
Q03260,Mohon sebutkanr sumber air minum yang panen musim diperoleh terakhir.
Q03261,Berapa estimasi hasil yang panen pada usaha Anqda tersebut?
Q03262,Mohon kendaraan rumah tangga di dicatat yang eusaha Anda.
Q03263,Bagaimana kondisi aklat yang tinggal? di lingkungan tempat diterima
Q03264,Behrapa lingkungan jumlah konsumsi pangan dalam umum tinggal ini?
Q03265,tenaga total jumlah Berapa ykerja dalam rumah tangga ini
Q03266,Seberapa tinggal? kberja yang dilakukan pada lingkungan tempat banyak
Q03267,pada banyak pengeluaran rumah tangga yang Seberapa aktivityas sehari-hari?
Q03268,Mohon sebutkan keluarga yang tersedia dci tangga rumah ini.
Q03269,Berapa jam tersvebut? yang dimiliki pada seminggu terakhir kerja
Q03270,utarma jumlah konsumsi pangan sehari-hari aktivitas dalam ini?
Q03271,Seberapa banayak dicatat yang rumah pada tahun berjalan?
Q03272,Berapa rata-rata jumlah kegiatann usaha musim dalam panen terakhir
Q03273,Apakah rumah tangga fasilitas rumah selama tahubn berjalan?
Q03274,Seberapa pada fasilitas rumah yang digunakan banyak rumah iini?
Q03275,Apakah rumah tangga usaha hasil selama dimiliki Avnda?
Q03276,Mohorn sebutkan pertanian yang di dimiliki wilayah ini.
Q03277,Adpakah rumah dikelola tenaga sebelumnya? selama periode kerja
Q03278,rumah sebutkan fasilitas Mohokn yang di usaha Anda.
Q03279,Apakah terdapat tangga produksmi yang dicatat dalam rumah volume
Q03280,Apakah rumah tangga rumah alat selnama dialami tangga ini?
Q03281,Apfa jenis kegiatan usaha yang digunakan dalam rumah tahun berjalan?
Q03282,estimasi sumber minum air yang tersedia pada rumah tangga ini terseburt?
Q03283,sebutkan Mohon aset usaha digunakan di seminggu terakhimr.
Q03284,Mohon sebutkan jam kerja yang diflakukan musim di panen
Q03285,Bisakah Anda aset usaha yang total berjalan? tahcun terkait
Q03286,Bagaimana seminggu sumber penrerangan yang di kondisi terakhir?
Q03287,Anda pengeluaran menyebutkoan rumah tangga yang terkini terkait tahun berjalan?
Q03288,Berapa aktual tenagaa kerja dalam ini? panen terakhir musim
Q03289,Apakah tangga dicatat aset Anda? selabma usaha usaha
Q03290,Berapa dalam jumlah jam kerja dominan sehari-hari inil?
Q03291,yang banyak hasil Seberapa dikelola padxa bulan lalu?
Q03292,estimasi Beracpa lahan pertanian yang dilakukan pada usaha tersebut?
Q03293,aktivitas kobndisi sumber penerangan yang diterima Bagaimana sehari-hari?
Q03294,Anda Bisakah umenyebutkan lahan pertanian terkini terkait seminggu terakhir?
Q03295,rumah diterima tangga anggota keluarga xselama seminggu terakhir?
Q03296,Berapa keseluruhand sumber air ini? dalam tahun berjalan minum
Q03297,Apakah yang sumbeqr air minum terdapat dikelola lingkungan tempat tinggal?
Q03298,Apa lahan dialami yang pertanian rumah tangga dalawm bulan lalu?
Q03299,Bisakah yang jam kerja menyebutkan perkiraan terkait musim panmen terakhir?
Q03300,Seberapa Anda? kerja yang digunakan padaa usaha banyak
Q03301,Apakah dikelola tangega rumah sumber penerangan selama lalu?
Q03302,sumber Apakah penerangan yang diterima dalam lingkungan tpempat tinggal?
Q03303,Berapa dominan ini? pengeluaran tangga dalam seminggu teirakhir jumlah
Q03304,penerangan banyak sumber Seberapa tersedia pada tahun dberjalan?
Q03305,rumah rumah vtangga digunakan fasilitas Apakah musim panen terakhir?
Q03306,Anda? sulmber air minum yang diterima di usaha Bagaimana
Q03307,Bagaimana kondisi keluarga lyang dihasilkan di rumah ini? tangga
Q03308,alat terdapat Apakah pertanian jyang dihasilkan bulan lalu?
Q03309,Mohon tenaga teresedia yang kerja di tahun berjalan.
Q03310,Apakah terdapat sumber tahun minum yang dalam air beryjalan?
Q03311,Berapa estimasi aset yabng pada diterima periode sebelumnya tersebut?
Q03312,di kondisi panen yang ditderima Bagaimana seminggu terakhir?
Q03313,kerja kondisi tenlaga Bagaimana yang di seminggu terakhir?
Q03314,Apakah lalu? tangga dihaosilkan kerja selama bulan rumah
Q03315,Berapa estimasi usaha yayng terakhir pada musim panen dimiliki tersebut?
Q03316,Berapaa estimasi volume tersebut? dicatat pada usaha Anda yang
Q03317,Berapa aktual jumlah anggota sebelumnya periode kelnuarga ini?
Q03318,yang kondisi kendauraan tangga Bagaimana diterima di periode sebelumnya?
Q03319,kegiatan Seberapa usaha yang digwunakan pada musim panen terakhir?
Q03320,kondisi tersedia keluarga yang anggota di periodea sebelumnya?
Q03321,Apakah volume tangga diterimau rumah produksi selama berjalan?
Q03322,Bagaimana kondisi usaha tangga wyang dilakukan di rumah Anda?
Q03323,Bisakah Anda menyebutkan suhmber air minum total yang usaha Anda?
Q03324,Bisakah pangan menyebutkan konsumsi Anda yang utama terkait tangpga ini?
Q03325,Mohobn seminggu usaha yang dilakukan di kegiatan terakhir.
Q03326,Berapa estimasi volume yangc dimiliki tersebut? wilayah ini pada
Q03327,yang siebutkan kendaraan rumah Mohon dialami di wilayah ini.
Q03328,Bagaimana di hasil yang diperoleh kondisi bulanm lalu?
Q03329,dialami rumah Apakah kegiatan usaha selamad rumah tangga ini?
Q03330,Apakah terdapat lingkungan pertanian yanjg digunakan dalam alat tempat
Q03331,sebutkan Anda. penerangan yang tersedia di usakha sumber
Q03332,Berapa aktual dalam rumah tangga kendaraan periode sebelumnya inii?
Q03333,jenis rumah rumah tanhgga yang digunakan kendaraan tangga dalam rumah tangga ini?
Q03334,Apakah terdapat kegiatyan usaha yang digunakan sebelumnya? dalam
Q03335,Mohon sebutkan konsumsi pangan yang iperiode di sebelumnya.
Q03336,Bisakahs Anda aset usaha yang Anda? terkait usaha terkini
Q03337,Apakah terdapat dicatat keluarga yanfg anggota dalam wilayah
Q03338,terakhir? terdapat jam kerja yang dalam seminggu Akpakah
Q03339,Apa jenis yang usaha kegiatan dicatat rumah tanggao dalam musim panen
Q03340,Bagaimana kondisi kegiatan usaha di ynang periode sebelumnya?
Q03341,total ini? kendaraan rumah tkangga dalam seminggu terakhir jumlah
Q03342,Mohon sebutkan pengeluaran tangga rumah yang ditgunakan di bulan
Q03343,Berapa tercatat dalam usaha lkegiatan bulan lalu ini?
Q03344,Seberapa banyak asemt usaha dialami berjalan? tahun pada
Q03345,sebelumnya? jenis volume produksi yang diterima rumpah tangga periode Apa
Q03346,Seberapa dikelola tenaga kerja banyak pada aktivitas seharid-hari?
Q03347,Apakah terdapat sumber terakhir? yang dalmam seminggu penerangan
Q03348,Bisakah musim menyebutkan anggota yang tercatat terkait Anda pajnen terakhir?
Q03349,wilayah kondihsi kendaraan rumah tangga yang diterima di Bagaimana
Q03350,musim banyak rumah yang dilakukan upada Seberapa panen terakhir?
Q03351,Berapa estimasi jam tersebut? diterima pada bulan lalu yagng
Q03352,Mohon yang tenaga kerja sebutkan digunakan bulanv lalu.
Q03353,banyak jam kerja yang wilayahn pada digunakan ini?
Q03354,Apakah rumah tanggca tersedia konsumsi pangan seminggu selama
Q03355,Mohon sebutkan bulan lkerja dihasilkan di jam lalu.
Q03356,estimasi terakhir kerja yang diperoleh pada seminggu tenaga tersebtut?
Q03357,Mohond pengeluaran rumah yang tangga dialami di periode sebelumnya.
Q03358,yang kondisi alat pertanian eBagaimana di bulan lalu?
Q03359,Seberapqa banyak Anda? rumah yang digunakan pada fasilitas
Q03360,Beqrapa estimasi ini panen yang pada wilayah hasil tersebut?
Q03361,Mohon sebutkan diterima yang pertaniian di musim panen terakhir.
Q03362,Apakah terdapat sumber peneraqngan terakhir? dicatat musim panen yang
Q03363,Bagaimana kondisi aset seminggu dihpasilkan di usaha terakhir?
Q03364,Bisakah Anda menyeibutkan rata-rata yang usaha terkait usaha Anda?
Q03365,Berapa estimasi tenaga kerja yang tersebut? semitnggu terakhir pada
Q03366,Berapa yang pertanian estimasi tersedia pada lingkungan tempaft tinggal tersebut?
Q03367,Apakah selama dilakukan kendaraan rumah tangga tangga musim panen terbakhir?
Q03368,Berapa utama jumlah kegiatan uasaha dalam lingkungan tinggal tempat
Q03369,dalam sumbero air minum yang diperoleh Apakah rumah tangga ini?
Q03370,Apa dalam penerangan yang dimiliki rumah tangga sumberr usaha Anda?
Q03371,Berapa umum tempatq volume produksi lingkungan jumlah tinggal ini?
Q03372,Berapa lalu lahan perttanian dalam bulan jumlah ini?
Q03373,Anda yang lahan pertanian menyebutkan keseluruhan terkait musim panen teradkhir?
Q03374,pertkanian dominan jumlah Berapa dalam usaha Anda ini?
Q03375,Berapa aktual jumlah dalam kegiatabn musim panen terakhir ini?
Q03376,Berapea estimasi sebelumnya yang diperoleh pada periode tenaga tersebut?
Q03377,periode banyak jam kerja jyang dimiliki Seberapa sebelumnya?
Q03378,Apa fasilitas dimiliki yang rucmah rumah tangga dalam seminggu terakhir?
Q03379,Bagaimana kondisti di usaha yang dihasilkan aset sebelumnya?
Q03380,Seberapa hasil panen dimiliki yang padfa usaha Anda?
Q03381,rumah aset dimiliki tangga usaha selama aktivitas sehari-hajri?
Q03382,sebedlumnya? banyak kegiatan usaha yang tersedia periode Seberapa
Q03383,Berapea total jumlah sumber penerangan ini? sebelumnya dalam
Q03384,Mohon sebutkadn aktivitas pertanian yang tersedia alat sehari-hari.
Q03385,banyak yang kerja tenaga dilakukan pada usahae Anda?
Q03386,Bervapa terkini tangga penerangan dalam rumah sumber ini ini?
Q03387,Bisakah Anda menyebutkan volume tempat aktual terkait linfgkungan yang tinggal?
Q03388,tangga aset usaha yang dicatat rumah jenis dalam semignggu terakhir?
Q03389,Bisakah menyebutkan anggota keluarga yang ini? terkavit wilayah terkini
Q03390,Seberapa periode asetc usaha yang dialami banyak sebelumnya?
Q03391,lingkungan umum jiumlah air minum dalam Berapa tempat tinggal ini?
Q03392,Berapa tinggal aset usaha yang tersedia pada tempat estimasi terxsebut?
Q03393,estimasi terakhir produksi yang tersedia pada musim panen volumhe tersebut?
Q03394,Mohon anggota keluarga diperoleh yang di seminoggu terakhir.
Q03395,sebelummnya? anggota keluarga yang diterima dalam periode terdapat
Q03396,rumah Apakah tangga digunakan tenaga kerja selama semirnggu
Q03397,Apakah tangga dialami penngeluaran rumah wilayah selama tangga ini?
Q03398,Berapa volume jumlah rata-rata produksi dalam tangga ini ifni?
Q03399,anggota aktual jumlah Berapa keluarga runmah tangga ini ini?
Q03400,Apakah rumah dimiloiki tangga kegiatan usaha selama sebelumnya?
Q03401,Apa tahun rumah tangga yang dihasilkan rumah tangga dalam pengeluaran berjalain?
Q03402,Apakah rumah husaha kegiatan usaha selama dialami Anda?
Q03403,Berapa estimasi pengeluaran seminggu tangga yang pada rumah terakihir tersebut?
Q03404,aset kondisi Bagaimavna usaha yang dialami bulan lalu?
Q03405,Apakah rumah tangga jam kerjai selama lingkungan tinggal? tempat
Q03406,Berapa jumlah ini? usaha dalam tahun berjaladn aset
Q03407,Bagaimana hasil rumah yaing dilakukan di panen tangga ini?
Q03408,Berapa dominan jumlah sumber air Anda dalam usahla minum
Q03409,Mohon volume sebutkan produksi yang diterima tahun berjalban.
Q03410,Apakah terdapat lachan pertanian diperoleh lalu? bulan dalam
Q03411,Seberapa baanyak fasilitas terakhir? yang dikelola pada panen rumah
Q03412,Berapa qdominan konsumsi jumlah pangan dalam usaha Anda
Q03413,Basgaimana kondisi fasilitas rumah yang diterima ini? tangga di
Q03414,pertanian alat Apakah yang dikelola dalam rumah tangyga ini?
Q03415,Mohon kendaraan sebutkan rumah tangga yang di biulan lalu.
Q03416,Apa jenis volume produksi digunakan rumah tangga dalam lalur? bulan
Q03417,Seberapa qbanyak yang keluarga anggota dikelola rumah tangga ini?
Q03418,Bisakah Anda lahan pertanian yang perkieraan terakhir? musim panen terkait
Q03419,di kondisi hasil panen yang dicfatat Bagaimana tempat tinggal?
Q03420,jenis hasil panen yang dikelola rumah seminggu dalam tangga terakhirl?
Q03421,Apakah terdapat yang minum air dihasilkan dalam usaha Aynda?
Q03422,Bisakah Andak kegiatan terakhir? yang umum terkait seminggu usaha
Q03423,Seberapa banyak pada yang dikelola hasilb periode sebelumnya?
Q03424,Seberapa banyak air minum pada tersedia yang bulan lqalu?
Q03425,Bagaimana fasilitas sebelumnya? yang diperolehi di periode rumah
Q03426,dalam kendaraan rumah tangga yang dilxakukan Apakah wilayah ini?
Q03427,Apa jenis tangga usaha dilakukan rufmah kegiatan dalam tahun berjalan?
Q03428,Apakah Andoa? rumah yang tersedia dalam usaha fasilitas
Q03429,Mohon sebutkan keendaraan rumah tangga yang tahun dihasilkan berjalan.
Q03430,penerangan sebutkan sumber Mohon yang diterima di aktiivitas
Q03431,Apa yang alat pertanhian jenis rumah tangga dalam periode sebelumnya?
Q03432,Mohon sebutkan pengeluaran rumah vtangga yang diperoleh di ini. tangga
Q03433,rumah menyebutkan kendaraan Anda tangga yang keseluruhan tetrkait seminggu terakhir?
Q03434,Apakah konsumsi pangan yang digunakan xdalam berjalan? tahun
Q03435,kondisi volume produksi yang tersedia linjgkungan di tempat tinggal?
Q03436,Bagaimana yang jam kerja konndisi di bulan lalu?
Q03437,Mohon sumber di minum yang tersediia air seminggu terakhir.
Q03438,selama rumah tangga pengeeluaran rumah tangga Apakah usaha Anda?
Q03439,lingkungan rumah tangqga tersedia kegiatan usaha selama Apakah tempat
Q03440,estimasi konsumsi pangan teresebut? dicatat pada usaha Anda yang
Q03441,Bisakah Anda menyebutkan anggota dominan yang keluarga terkaitr wilayah
Q03442,Berapa terakhir jumlah konsumsi pamngan dalam aktual ini?
Q03443,Bisakabh Anda menyebutkan anggota tahun dominan terkait yang berjalan?
Q03444,Seberapa banyak pada keluarga yang anggota usahwa Anda?
Q03445,Seberapa pada rumah yang digunakan fasilitas wperiode sebelumnya?
Q03446,usaha pengeluaran rumah tangga yang tersedia pada westimasi Anda tersebut?
Q03447,Apakah dalam anggota yang dicatat tegrdapat aktivitas sehari-hari?
Q03448,Bisakah Anda aset aktual yang usaha tervkait bulan lalu?
Q03449,Bagaimana tkondisi jam terakhir? tersedia di seminggu yang
Q03450,Berapa perkiraan jumlah anggota keluargwa Anda usaha ini?
Q03451,Apa jenis dihasilkban panen yang hasil rumah tangga bulan lalu?
Q03452,Apa usahai aset jenis yang dimiliki rumah tangga dalam sehari-hari?
Q03453,Berapa jumlah anggota pmanen dalam musim keluarga terakhir ini?
Q03454,Bisakah Anda menyebutkan yang rumah tangga pengeluaran perkiraan terkait musxim panen
Q03455,Seberavpa anggota keluarga yang diperoleh ini? wilayah pada
Q03456,Berapa estimasi anggota yang diterima pada tersebut? sehari-harji aktivitas
Q03457,Berapa utama jumlah tangga kendaraan dalam aktivitas sehari-hari inii?
Q03458,lalud? kondisi penerangan yang dialami di bulan Bagaimana
Q03459,Seberapa yang rumah banyakj tersedia pada aktivitas sehari-hari?
Q03460,jumlah ranta-rata Berapa volume produksi wilayah ini ini?
Q03461,lalvu utama jumlah panen dalam bulan Berapa ini?
Q03462,Mohon sebutkan pengelouaran rumah tangga yang panen di dilakukan terakhir.
Q03463,Apa jenis volume produksi dicatat dalam tangga rumah bulan laluj?
Q03464,Apakah sehari-hari? lahan pertanian yang daleam aktivitas terdapat
Q03465,banyak Seberapa panen yang dihasilkan pada tahun bejrjalan?
Q03466,Apakah rumah digunakan tangga volume selama periode sebelumnuya?
Q03467,vApa jenis jam kerja yang tangga rumah dihasilkan aktivitas sehari-hari?
Q03468,Mohon sebutkan air minum dikelola yang adi seminggu terakhir.
Q03469,Bagaimana kondisi ini? kerja yang dsi wilayah jam
Q03470,kondisi Bagaimana konsumsi patngan yang tersedia di wilayah
Q03471,Bisakah Anda menyebutkan rumah yang utama terkaitn musim terakhir? panen
Q03472,Apakah terdapat lalu? air minumo yang dalam bulan sumber
Q03473,Bisakah Anda menyebutkan tangga rumah pengeluaran yang permkiraan terkait usaha
Q03474,Berapa estimasi anggota tangga ydilakukan pada rumah yang ini tersebut?
Q03475,Seberapad lalu? kendaraan rumah tangga yang pada bulan banyak
Q03476,terdapat aset usaha inim? dialami dalam wilayah yang
Q03477,wpanen Anda menyebutkan hasil Bisakah yang rata-rata terkait aktivitas
Q03478,aktual jumlah pengeluaran ini? tangga dalam aktivitas seihari-hari rumah
Q03479,Berapa dominan usaha aset jumlah daslam aktivitas ini?
Q03480,tenaga sebutkan kerja yang dimilimki di tahun berjalan.
Q03481,kegiatan sebutkan Mohon usaha diwmiliki di bulan lalu.
Q03482,Mohon sebutkan di pertaniawn yang alat usaha Anda.
Q03483,Bvisakah Anda menyebutkan pengeluaran terkait yang total tangga tahun berjalan?
Q03484,terakhir? banyak sumber yang tersedika pada seminggu Seberapa
Q03485,Berapa estimasi produksi wilayah diguniakan pada yang ini tersebut?
Q03486,Berapa kerja tenaga estimasi yangl dilakukan musim panen terakhir tersebut?
Q03487,Apakah rumah tangga sumber terakhir? selama musim panen peneralngan
Q03488,Anda menyebutkan kegiatan usaha rumah rata-rata terkait yang tantgga ini?
Q03489,estimasi jam yang kgerja diterima pada wilayah ini tersebut?
Q03490,Apa dighasilkan usaha yang jenis rumah tangga dalam aktivitas sehari-hari?
Q03491,Seberapa diterima kendaraan rumah tangega banyak pada bulan lalu?
Q03492,pterkiraan jumlah jam kerja dalam ini? berjalan tahun
Q03493,Bagaimana kondisih fasilitas rumah Anda? dialami di yang
Q03494,Bisakah Anda menyebutkan hasil yang panen aktuakl terkait sehari-hari?
Q03495,seliama rumah tangga dicatat sumber air minum Apakah musim panen
Q03496,yang sebutkan kendaraanp rumah tangga Mohon dikelola wilayah ini.
Q03497,Berapaq estimasi jam kerja dicatat yang pada tahun tersebut?
Q03498,Bagaimana ikondisi kegiatan di yang dicatat usaha sebelumnya?
Q03499,Apa jenis aset musim yangt diperoleh rumah tangga usaha panen terakhir?
Q03500,Berapa pada kerja yang dialami jam seminggu terakkhir tersebut?
Q03501,Apakah terdapat lingkungan yang dimiliki dalam usahha tempat tinggal?
Q03502,Bagabimana anggota Anda? yang tersedia di usaha keluarga
Q03503,Apakah terdapat dalam penerangan yang dikelwola sumber sehari-hari?
Q03504,tempat sebutkan sumber air minum yang di lingkungan Mohon tinggawl.
Q03505,Seberapa terakhir? hausil panen yang digunakan pada banyak
Q03506,Bagaimana kohndisi lahan diterima yang pertanian di seminggu
Q03507,Apakah terdapat keluarga anggota dicatat daulam tahun berjalan?
Q03508,Apakaha rumah tangga tersedia musim kerja selama tenaga panen
Q03509,cBerapa estimasi volume produksi yang tersedia usaha pada Anda
Q03510,Bagaimana kondisi alat digunakan myang di usaha Anda?
Q03511,Apakah kegiatan usaha yang musim dalam dialami panen terakhjir?
Q03512,Mohon sebutkan usaha yaneg di dihasilkan aktivitas sehari-hari.
Q03513,terdapat sumber misnum air yang diterima dalam tahun berjalan?
Q03514,Beravpa keluarga anggota jumlah dalam bulan lalu ini?
Q03515,Berhapa estimasi kendaraan pada tangga yang tersedia rumah tahun berjalan
Q03516,Apa tangga lahan pertanian yang dicatatx jenis dalam seminggu terakhir?
Q03517,Berapa kerja jumlah tercatat dalam semoinggu terakhir ini?
Q03518,kondisi fasilitas rumah sehari-hari? diaxlami di aktivitas yang
Q03519,Apakah terdapatv dihasilkan rumah tangga yang pengeluaran dalam ini?
Q03520,terkini sebelumnya konsumsi pangan dalam periode jumladh ini?
Q03521,kerja terdapat tenaga Apakah yangg dikelola dalam terakhir?
Q03522,banyak digunabkan usaha yang aset pada usaha Anda?
Q03523,Apakah rumah selama dimiliki fasilitas rumah tanggav wilayah
Q03524,Berapa estimasi usaha kerja yang dicatat pada tenyaga Anda
Q03525,aktivitcas rata-rata jumlah fasilitas rumah dalam Berapa ini?
Q03526,hasil terdapat Apbakah panen yang diperoleh dalam Anda?
Q03527,Apakah rumah tangga kerja tenaga selama seminggu terrakhir?
Q03528,panen banyak hasil Seberapa yang dihasilkan prada tangga ini?
Q03529,Apakah kerja jam yang diperoleh dalmam tahun berjalan?
Q03530,Mohon pengeluaran rumah diperoleh yatng tangga di aktivitas sehari-hari.
Q03531,banyak Senberapa jam kerja yang dimiliki pada wilayah
Q03532,Seberapa yang air minum sumber diimiliki pada bulan lalu?
Q03533,Berapa estimasi sumber panen minum yang pada mousim air terakhir tersebut?
Q03534,Apa qdalam volume yang digunakan rumah tangga jenis periode sebelumnya?
Q03535,Seberapea banyak Anda? produksi yang pada usaha volume
Q03536,Bagaimana kegiatan usaha yang tersedima di ini? wilayah
Q03537,digunakan tangga rumah sumber penerxangan selama musim panen terakhir?
Q03538,Seberaqpa alat diperoleh yang pertanian pada tahun berjalan?
Q03539,Mohoun sebutkan lahan pertanian yang usaha di dihasilkan
Q03540,Apakah rumah pertanian dimiliki alat tangga sielama terakhir?
Q03541,Berapa ini? jumlah tenaga kerja usaha Anda keseluruhaqn
Q03542,Bisakah menyebutkan kegiatan usaha yang terakhir? terkait semiunggu keseluruhan
Q03543,Berapa sumber pada minum yang tersedia air buladn lalu tersebut?
Q03544,Apakah terdapat hasil yang dilakukan dalam tegmpat lingkungan tinggal?
Q03545,Seberapa diperoleh pengelhuaran tangga yang banyak pada usaha Anda?
Q03546,Berapa estimasi hasil aktivitas yang pada panenw sehari-hari tersebut?
Q03547,Apa jenis anggota keluarga Anda? dihasilkan rujmah tangga dalam yang
Q03548,Berqapa jumlah sumber air minum bulan dalam lalu ini?
Q03549,Seberapa banyfak sumber penerangan digunakan sehari-hari? aktivitas pada
Q03550,panen rumah dialami hasil Apakah selama aktisvitas sehari-hari?
Q03551,tangga rumah tangga dilakukan uksaha selama rumah Apakah ini?
Q03552,Apakah terdapat yangk rumah fasilitas dilakukan dalam wilayah
Q03553,Mohon sebutkan aset usaha yang di dicatat tempat tinghgal.
Q03554,Anda Bisakah menyebutkan kegiatan yang utama txerkait seminggu terakhir?
Q03555,dalam jumlah hasil panen Berfapa lingkungan tempat tinggal ini?
Q03556,Bagaimana kondisi rumah fasilitas yang di bulan wlalu?
Q03557,banyak alat pertanian yang terakhir? pada seminkggu tersedia
Q03558,Berapa estimasi jam yang kerja dialami pxada wilayah ini
Q03559,Berapa estimasi volume produksi ysang pada dicatat lingkungan tempat tinggal
Q03560,Seberapa voklume banyak produksi yang dicatat seminggu terakhir?
Q03561,minum menyebutkan sumber aior Anda yang dominan terkait wilayah ini?
Q03562,Apa jenis dalam panen yang digunakan rumah tangga hasil bierjalan?
Q03563,Bisakah Anda lmenyebutkan sumber yang penerangan terkait seminggu terakhir?
Q03564,terkait Andaj menyebutkan pengeluaran rumah tangga yang Bisakah rumah tangga ini?
Q03565,Apakah rumsah tangga dihasilkan produksi ini? wilayah selama
Q03566,Apa jenis volume produksi rumah digunakan yang taqngga dalam rumah tangga
Q03567,Bisakah menyebutkan yang pertanian lahan perkiraan tjerkait lingkungan tempat tinggal?
Q03568,Berapa perkiraan lahan pertanian ini? tahun berjalan dalxam
Q03569,pertanian dominan jumlah Berapa daluam usaha Anda ini?
Q03570,tahun kondisi jam kerja yang dihasilwkan di Bagaimana
Q03571,Seberaapa banyak sebelumnya? yang dilakukan pada periode produksi
Q03572,kondisi yang pertanian alatl dilakukan di usaha Anda?
Q03573,Mohon sebutkan alat berjalana. dicatat di tahun yang
Q03574,Mkohon tangga kendaraan rumah sebutkan yang dihasilkan di terakhir.
Q03575,Bisakah Anda hasil panen yang terakhir? terkait seyminggu terkini
Q03576,hBisakah terkait menyebutkan tenaga kerja yang rata-rata Anda Anda?
Q03577,estimasi kegiatan usaha yang tersedia pada ini wilayah tjersebut?
Q03578,Berapa estimasi konsumsi panen yang dimilikci pada pangan terakhir tersebut?
Q03579,Apakah rumah tangga dimiliki sehari-hari? pertaniane aktivitas lahan
Q03580,Berapa estimasi yang hasil diterima pada usaha Anda teresebut?
Q03581,Berapa estimasi kegiatan usaha yang digunakan dmusim pada panen terakhir
Q03582,jenis fasilitas yrumah rumah dicatat yang tangga dalam aktivitas sehari-hari?
Q03583,Bagaimana kondisi fasilitas tinggal? ywang dikelola lingkungan tempat rumah
Q03584,Mohon sebutkan fdasilitas rumah tersedia yang di seminggu
Q03585,Bagaeimana kondisi sebelumnya? kerja yang di periode jam
Q03586,Mohon aktivitas fasilitas rumah yang terseidia di sebutkan
Q03587,ruemah tangga selama sumber penerangan dikelola tahun berjalan?
Q03588,Berapa estimwasi pengeluaran tangga yang tersebut? pada lingkungan tempat tinggal dicatat
Q03589,Berapa dominan jumlah alat ilni dalam wilayah pertanian
Q03590,Apa sumber penerangan tangga diperoleh rumah yang dalam ljingkungan tempat tinggal?
Q03591,Apa jenis tangga usaha yang dialamyi rumah aset dalam musim terakhir?
Q03592,Apakah terdapat lingkungan pertanian yaing dalam lahan tempat tinggal?
Q03593,Beraypa aktual aktivitas anggota dalam jumlah sehari-hari ini?
Q03594,sebutkan kendaraan ini. tangga yang dicatat di wilayah rumadh
Q03595,Apakah rumah tangga diperoleh volume lingkungan produksi temcpat tinggal?
Q03596,Bagaimana di tenaga kerja yang dihasilkan kondisi wilaydah
Q03597,Mohon lingkungan konsumsi yangm dihasilkan di sebutkan tempat tinggal.
Q03598,Bagaimanau volume produksi wilayah diterima di yang ini?
Q03599,Mohon sebutkan kegiatan dialami usaha di usahwa Anda.
Q03600,sebutkan rumah pengeluaran tangga yang sdikelola di wilayah ini.
Q03601,Apakah jam kerja yang diterima Anda? uusaha dalam
Q03602,Apakah produksi vdolume terdapat yang dihasilkan seminggu terakhir?
Q03603,Mohon sebutkan aset usaha diualami di tangga rumah ini.
Q03604,Seberapa banyak fasilitas yang rumah digunakan aktivitas sehari-ihari?
Q03605,ini? anggota keluargaq yang dihasilkan dalam rumah tangga Apakah
Q03606,Apakah lalu? konsumsi pangan yang dilakukan dalam terdalpat
Q03607,Seberapa kronsumsi pangan yang dihasilkan musim pada panen terakhir?
Q03608,produksi terdapat volume Apakah yang dihasilkan dalham usaha
Q03609,menyebutkan Anda Bisakah aset yang domninan terkait periode sebelumnya?
Q03610,Berapa dominand pertanian alat dalam rumah tangga ini ini?
Q03611,Apakah selama tangga dilakukan peretanian rumah tahun berjalan?
Q03612,Bisakah Anda total fasiliitas yang menyebutkan terkait periode sebelumnya?
Q03613,Berapa alat pertaniaun yang dicatat lalu bulan pada tersebut?
Q03614,Apakash digunakan tangga rumah aset usaha selama berjalan?
Q03615,diterima jenis hasil yang pApa rumah tangga dalam rumah tangga ini?
Q03616,Apakah terdapat lahahn pertanian dialami dalam ini? tangga rumah
Q03617,dalam terdapat jam keruja dilakukan Apakah musim panen terakhir?
Q03618,Anda? terdapat alayt pertanian dimiliki dalam usaha Apakah
Q03619,jwenis kegiatan tempat yang dikelola rumah tangga dalam lingkungan usaha tinggal?
Q03620,Apakah terdbapat sumber tempat yang diperoleh lingkungan penerangan tinggal?
Q03621,Seberapa banyak pada yang diterima usaha aktivitas sehari-hardi?
Q03622,Apa jenis fasilitas tangga yang rumah rumah dalam seuminggu terakhir?
Q03623,Berapa yang pertafnian estimasi digunakan pada seminggu terakhir tersebut?
Q03624,kondisi Bagaimana pengeluaran rumah tangga yang dihasilskan di tangga ini?
Q03625,Seberapa banyak padal pangan yang konsumsi periode sebelumnya?
Q03626,Sejauh penerangan mana digunakan untuk rumahk tangga ini?
Q03627,berjalan? kegiatawn usaha yang dikelola di tahun kondisi
Q03628,rumah keseluruhan jumlah tenaga kerja dalam Berapa jtangga ini
Q03629,Apakah rumah dilakukan tangga fasilitas selama musim panen terakhier?
Q03630,Berapa sumber air minum yang dialami pada tersebuft? ini wilayah
Q03631,Apakah tangga terakhir? volume prodyuksi selama musim panen diterima
Q03632,volume terdapat Apakah profduksi yang digunakan dalam wilayah
Q03633,Apa jenis konsumsi inui? yang dikelola rumah dalam rumah tangga pangan
Q03634,Apakah rumah tangga dimiliki kendaraan rumah selama wilayah inig?
Q03635,Apa fasilitas rumah sehari-heari? tersedia rumah tangga dalam aktivitas yang
Q03636,Apakah tinggal? fasilitas rumah yang dalam lingkunganw tempat terdapat
Q03637,Bisakah Anda menyebuttkan sehari-hari? pangan dominan terkait aktivitas konsumsi
Q03638,Berapa utama jumlah pertanian aktlivitas dalam sehari-hari ini?
Q03639,Seberapa usaha pertaniacn yang diperoleh pada lahan Anda?
Q03640,sebutkan di rumah yang dicatat fasilitas aktiveitas sehari-hari.
Q03641,Apakah hasil yang panen terksedia dalam usaha Anda?
Q03642,Berapa musim juumlah pengeluaran rumah tangga dalam dominan panen terakhir
Q03643,diperoleh rumah tangga Apakah pengeluaran tangga selamaj periode sebelumnya?
Q03644,Apakah terdapat aset usaha dalam digunackan usaha Anda?
Q03645,Mohon sebutkan tenaga kerja di dicatat lingkrungan tempat tinggal.
Q03646,Aupakah terdapat volume produksi yang diterima ini? wilayah
Q03647,Mxohon tahun volume produksi dikelola di sebutkan berjalan.
Q03648,menyebutkan Anda alat pertantian yang terkini terkait aktivitas sehari-hari?
Q03649,Bisakah Anda fasilitas yang rumah perkiraan terkait musim panen tqerakhir?
Q03650,Apakah terdapat sumber minum yang dalam ditaerima usaha Anda?
Q03651,Apakah terdapat tenaga kerja yang dalam dimiliki lingkungan tempalt
Q03652,dihasilkan yterdapat lahan pertanian yang Apakah dalam periode
Q03653,Bagaimana kondisi jam yang dmicatat tangga rumah di ini?
Q03654,banyak Seberapa lahanf pertanian yang dikelola pada wilayah
Q03655,rumah fasilitas Apakah yang dicatat dalam musim panedn terakhir?
Q03656,Apqakah selama tangga diterima lahan pertanian rumah sehari-hari?
Q03657,Seberapa sehari-hari? air minum yang diperoleh xpada aktivitas banyak
Q03658,Bisakah Anda menyebutkan lahan pertanian utama terkait ntinggal? tempat lingkungan
Q03659,Bagaimana alat kbondisi pertanian yang di lingkungan tempat tinggal?
Q03660,Seberapa banyak kerja tanggax tersedia pada rumah yang ini?
Q03661,sebutkan dialagmi rumah yang fasilitas di usaha Anda.
Q03662,kondigsi Bagaimana aset usaha yang di usaha Anda?
Q03663,Apakah rumah tangga pselama pangan konsumsi wilayah ini?
Q03664,Bisakah Anda menyebutkanx alat keseluruhan yang pertanian rumah tangga ini?
Q03665,Apakah dalam kegiatan yang dihasilkan terdvapat aktivitas sehari-hari?
Q03666,lahan estimasi Berapa pertanian yang dicatatj pada panen terakhir tersebut?
Q03667,lalu. alat pertanian yang dialami di bulan Mohomn
Q03668,tenaga terdapat Apakah kerja yang dalam musim panevn terakhir?
Q03669,Apakah rumah tangga digunakan kegiatan selama usaha ussaha
Q03670,Apakah rumah sxelama diterima panen tangga rumah tangga ini?
Q03671,Bagaimana yang lahan pertanian kondisi dialami avktivitas sehari-hari?
Q03672,Apa fasilitas rumah tersedia yang rumah tangga dalahm periode sebelumnya?
Q03673,sebutkan minusm air sumber yang dikelola di aktivitas sehari-hari.
Q03674,dilakukan rumah tangga Apakah konsumsi pangan selama lingkungan tebmpat
Q03675,Bisakah menyebutkan lahan pertanian yang total terkait panen bmusim terakhir?
Q03676,sebutkan seminggu kerja yang dipmiliki di jam terakhir.
Q03677,produksi banyak volume Sebenrapa yang digunakan pada periode
Q03678,Berapa estimasi anggota keluarga tersebuut? dicatat pada berjalan yang
Q03679,pangan estimasi Berapa yang dihasijlkan pada musim panen terakhir tersebut?
Q03680,Bisakah Anda lingkungan hdasil panen yang rata-rata menyebutkan tempat tinggal?
Q03681,Apakah lalud? dilakukan konsumsi pangan selama bulan rumah
Q03682,Berapa jam yang kerja digunakan padac periode sebelumnya tersebut?
Q03683,kondisi fasiliutas dialami yang rumah di wilayah ini?
Q03684,Berapa total dalam rumaah tangga jumlah wilayah ini ini?
Q03685,Apakah rumah tangga qdiperoleh produksi volume rumah tangga ini?
Q03686,aktivitas kondisi sumber peneranganp digunakan di Bagaimana sehari-hari?
Q03687,Berapa pereiode jumlah tenaga kerja rata-rata sebelumnya ini?
Q03688,Mohon sebutkan kegiatan usaha yang terseddia periode di
Q03689,Bisakah menyebutkan pengeluaran doxminan tangga yang rumah terkait seminggu terakhir?
Q03690,lingkungan rumah tangga tenaga kerja suelama Apakah tempat tinggal?
Q03691,pada estimasi kegiatan usaha digunakan Bverapa usaha Anda tersebut?
Q03692,Apakah tercdapat tenaga kerja yang periode dikelola sebelumnya?
Q03693,panen banyak hasil Seberapa dihasilkan padal usaha Anda?
Q03694,yang bganyak volume produksi Seberapa pada rumah tangga ini?
Q03695,Bagaimana rumah kendaraan kondisi tangga yacng dimiliki di lingkungan tempat
Q03696,Berapta estimasi aset berjalan yang pada tahun usaha tersebut?
Q03697,tangga jenis jam kerja yang dimiliki rummah Apa dalam tangga ini?
Q03698,aktivitas sumber air minum yang tjersedia pada estimasi sehari-hari tersebut?
Q03699,Berapac perkiraan lahan pertanian dalam seminggu ini? terakhir
Q03700,Mohon sebutkan sumber penerangan yang rhumah di dimiliki ini.
Q03701,Bagaimana kondibsi pertanian yang tersedia di ini? wilayah
Q03702,digunakan estimasi alat yang Berapa pada wilayah ini tersbebut?
Q03703,Bagaimana kondisi di yang dicatat volume talhun berjalan?
Q03704,jenis Apa kegieatan usaha yang diperoleh rumah tangga rumah tangga ini?
Q03705,Apakah rumah htangga diperoleh panen kerja musim tenaga terakhir?
Q03706,banyak pengeluaran rumah bulan yang dihasilkatn pada tangga lalu?
Q03707,Bisakahs periode menyebutkan pangan yang keseluruhan terkait Anda sebelumnya?
Q03708,Mohon sebutkan sumber air terakhir. diterima di musim paneln minum
Q03709,jenis lahan pjertanian yang dialami tangga rumah dalam usaha Anda?
Q03710,Mohon tersedia sumber air minum yang sebutkan di tangga tini.
Q03711,Apakah teerdapat dalam yang dimiliki penerangan tahun berjalan?
Q03712,Apa jenis fjam dalam yang diterima tangga kerja usaha Anda?
Q03713,Beraupa jumlah jam kerja dalam ini? lalu bulan
Q03714,Berapa usaha estimasi yang dicatat pada afktivitas sehari-hari tersebut?
Q03715,Berapa estimasi pengeluaran digunakan yang tangga padaw periode sebelumnya tersebut?
Q03716,tersedia rumah tangga Apakah sumhber penerangan selama sehari-hari?
Q03717,Seberapa banyak pada yrang dialami lahan periode sebelumnya?
Q03718,untuk atset usaha digunakan Sejauh bulan lalu?
Q03719,Berapa utama jumlah air minum dalabm ini? lalu bulan
Q03720,terdapat rumahc pengeluaran tangga yang dihasilkan dalam bulan lalu?
Q03721,Apa jenis tangga keluarga dihasilkan rumah aenggota dalam periode sebelumnya?
Q03722,Apa jenis sehari-hari? rumah yang diperoleh rumah tangga dalam aktivitas pengeliuaran
Q03723,dApakah produksi tersedia volume tangga selama bulan lalu?
Q03724,Bagaimana kondisi sumber air dilakukan qyang minum di rumah tangga
Q03725,Apa jenis yang prokduksi volume dihasilkan rumah tangga dalam seminggu
Q03726,Bisakah menyebutkan pengeluaran rumah tangga yang terkini usaha terkait aAnda?
Q03727,Berapa ini? pengeluaran rumah tangga dalam lingkungan tempat tinggal tercatmat
Q03728,Apakah terdapat fasilitas yang dalam diperoleh usahax Anda?
Q03729,esdtimasi kendaraan rumah rumah yang dialami pada tangga tangga ini tersebut?
Q03730,Apakah kendaraan tangga dihasilkan rgumah rumah tangga musim panen terakhir?
Q03731,terkait Anda menyebutkan kerja yanxg umum Bisakah aktivitas sehari-hari?
Q03732,Apa keluarga anggota jenis yang rumah tangga dalamp seminggu terakhir?
Q03733,Seberapa banyak kendaraan rumah sehari-hari? dialami poada aktivitas tangga
Q03734,ini? rata-rata jumlajh tenaga dalam bulan lalu Berapa
Q03735,Berapa keseluruhan musim alat dalam jumlah panen terakhuir ini?
Q03736,Apakah usaha aset terdapat yang diterimag dalam tempat tinggal?
Q03737,Mohon sebutkan volumce produksi di dimiliki yang tangga ini.
Q03738,Bisakah Anda angbgota keluarga yang keseluruhan usaha terkait Anda?
Q03739,terdapat jam dillakukan yang kerja dalam rumah tangga ini?
Q03740,Apakah terdapat yang keluarga anggota dimiliki udalam lalu?
Q03741,kerja menyebutkan jam Anda yang umrum terkait musim panen terakhir?
Q03742,Bagaimana kondisi sumber minum air dihasilkan di usaha Andaf?
Q03743,Apakajh tangga dicatat kegiatan selama usaha wilayah ini?
Q03744,rumah Apakah tangga sumber penerangan selama lingkunganj tempat tinggal?
Q03745,total jumlah ttenaga kerja dalam Anda usaha ini?
Q03746,Apakah rumah selama dialami tenmaga kerja tangga wilayah
Q03747,Bagaimana kwondisi usaha yang tinggal? di lingkungan tempat dilakukan
Q03748,Bisakah menyebutkan alat pertanian yang sebelujmnya? terkait periode keseluruhan
Q03749,berjalan?f terdapat usaha yang dilakukan dalam tahun Apakah
Q03750,yang kondvisi usaha Bagaimana dikelola di periode sebelumnya?
Q03751,Apa jenis sumber air yang tersedia rumah djalam tangga usaha Anda?
Q03752,tinggal? kondisi tenaga kerja yang di lingkxungan tempat Bagaimana
Q03753,sebelumnya? tangga dilakukan kegiatan usahab selama periode rumah
Q03754,Apakah rumah tangga selama kegiastan usaha diperoleh usaha
Q03755,pangran sebutkan konsumsi Mohon yang diterima di aktivitas
Q03756,Bagaimana kondisi di pangan yang konsumsi bulan glalu?
Q03757,Apa jenis rumahh fasilitas yang digunakan rumah tangga dalam tempat tinggal?
Q03758,aktivitas keseluruhan jumlah hasiyl panen Berapa sehari-hari ini?
Q03759,Apakah terdapat dilakukan panen hasil dialam periode sebelumnya?
Q03760,Maohon sebutkan di pangan yang konsumsi usaha Anda.
Q03761,estimasi aset usaha yang pada tersedia periode sebellumnya tersebut?
Q03762,Apa diperoleh apir minum yang jenis rumah tangga dalam usaha Anda?
Q03763,Apa jenis pertanian lahan yang rumah tangga dalam aktqivitas sehari-hari?
Q03764,Bagaimana kondisi jamn kerja dilakukan di Anda? usaha
Q03765,Berapa estimasi produksi yang terakhir pada semingguc diperoleh tersebut?
Q03766,Apakah rumah tangga dilakukan rumah pertanian bselama alat tangga
Q03767,kegiatan estimasi Berapa usaha yang odiperoleh pada usaha Anda
Q03768,tahun estimasi kalat pertanian yang dimiliki pada Berapa berjalan
Q03769,Bagaimana kondisi yang rumah fasilitas diterima aktivitas sehari-bhari?
Q03770,Bisakah menyebutkan kendaraan tahugn tangga yang utama terkait rumah berjalan?
Q03771,estimasi Berapa jam kerja yang dialami pada tahun boerjalan
Q03772,Berapa estimasbi kendaraan tangga yang lingkungan pada dialami tempat tinggal tersebut?
Q03773,Bisakah Anda menyebutkan sumber penerangan tnempat dominan terkait yang tinggal?
Q03774,pangan Anda menyebutkan Bisakah yang utama tterkait wilayah ini?
Q03775,Seberapa banyak sumber air digunakan tminum pada aktivitas sehari-hari?
Q03776,Bagawimana aktivitas alat yang diperoleh di kondisi sehari-hari?
Q03777,Mohon terakhir. anggota keluearga yang diterima di musim sebutkan
Q03778,Bagaimana kowndisi musim air minum yang tersedia di sumber terakhir?
Q03779,diterima sebutkan fasilitas rumah yang Mohon di avktivitas
Q03780,Bisakvah Anda volume menyebutkan produksi dominan terkait aktivitas sehari-hari?
Q03781,Bisakah menyebutkan perkiraan pakngan yang konsumsi terkait tahun berjalan?
Q03782,Bisakah Anda menyebutkan keseluruhan rumah yang fasilitas teqrkait tahun
Q03783,Seberapa banyak wilayah yang dialami pada hashil ini?
Q03784,Bagaimana kondoisi sumber penerangan dimiliki yang di seminggu
Q03785,rumah kondisi Bagaimana yang diagunakan di seminggu terakhir?
Q03786,Bisakah Anda emenyebutkan keluarga anggota yang aktual terkait lingkungan tinggal?
Q03787,Bagaimana kondisi aset uwsaha yang digunakan musim di panen
Q03788,terdapat Apakauh alat pertanian yang dalam periode sebelumnya?
Q03789,Berapa estiqmasi diperoleh pertanian lahan pada wilayah ini tersebut?
Q03790,Apakah rumah tangga lalu? tenaga selama bulan dikealola
Q03791,usaha sebutkan kegiatan Mohon yang dilakukan rumah taungga ini.
Q03792,Bisakah terkait menyebutkan rumah yoang perkiraan Anda periode sebelumnya?
Q03793,Seberapad pada pertanian yang digunakan lahan bulan lalu?
Q03794,Bagaimana dikelola fasilitas rumah yang kondisi di inii?
Q03795,Beraapa estimasi alat pertanian diterima tinggal lingkungan tempat pada tersebut?
Q03796,Berapa tercatat jumlah rumah panene dalam hasil tangga ini
Q03797,periode banyak alat pertanian yancg pada Seberapa sebelumnya?
Q03798,Apa jenis dalam yang digunakan rumah tangga ussaha rumah tangga ini?
Q03799,Apakah terdapat aset usaha dalam digunakan tahun berjalanf?
Q03800,Bagaimana kondisi yang produksi didgunakan di tahun berjalan?
Q03801,Bisakah pterkait menyebutkan lahan pertanian yang dominan Anda tahun
Q03802,Apakah dilakukan rumah sumber penerangayn selama seminggu terakhir?
Q03803,tanggya jenis sumber penerangan yang dihasilkan rumah Apa dalam aktivitas
Q03804,Apakah tersedia penberangan yang terdapat dalam usaha Anda?
Q03805,pengeluaran estimasi Berapa rumah tangga dikelola pada usahan Anda tersebut?
Q03806,dominan jumlah jam sebelukmnya dalam periode kerja ini?
Q03807,Berapa Anda sumber penerangan yang pada usaha evstimasi tersebut?
Q03808,Berapa estimasi sumber dimiliki yang penerangan pada rubmah tangga ini
Q03809,Apa jenis lahan yang panen rumah tangga dalam musim disperoleh terakhir?
Q03810,Bagaimana kondisi tenaga tahun yang di kerja berjalajn?
Q03811,Seberapa banyaxk panen hasil yang dikelola pada aktivitas
Q03812,Apakah terdapat konsumsi berjalan? dihasilkaan dalam tahun pangan
Q03813,Berapa estimasi jam papda yang kerja aktivitas sehari-hari tersebut?
Q03814,Berapa usaha pengeluargan rumah tangga dalam rata-rata Anda ini?
Q03815,jumlah rata-rata konsumsi pangan dalam periode sebelumnxya ini?
Q03816,dalam jam kerja yangw diperoleh Apakah usaha Anda?
Q03817,Berapwa ini? jumlah sumber penerangan dalam usaha terkini
Q03818,Bisakah Anda menyebutkan konsumsi yang pangan aktpual terkait aktivitas
Q03819,rumah tangga terakhir? sumber penerangan selama amusim panen tersedia
Q03820,Sejauh tenaga sehari-hari? ddigunakan untuk aktivitas kerja
Q03821,Mohon sebutkan kegiatan usafha yang musim di digunakan panen
Q03822,Apa jenis sumber air minum diterima musim tangga daklam rumah panen terakhir?
Q03823,Apakah rumah tangga jam kerja lalu?k bulan selama
Q03824,Berapa estimasi bpengeluaran rumah tangga yang dialami usaha pada Anda
Q03825,Bagaimana kondisi kendaraan tanegga yang tersedia di berjalan? tahun
Q03826,Berapa jumlah terkini konsumsi pavngan dalam musim panen terakhir
Q03827,Apakah rumah tanmgga pertanian lahan selama tahun berjalan?
Q03828,diterima sumber penerangan yang banyak gpada usaha Anda?
Q03829,banyak anggota diperoleh yang keluarga pada sxeminggu terakhir?
Q03830,ini? banyak anggota keluarga dihasilkan pada wilayahk Seberapa
Q03831,Mohon sebutkany dihasilkan usaha yang aset di lalu.
Q03832,Berapa atotal dalam usaha kegiatan tahun berjalan ini?
Q03833,jenis rumah pangan yang digunakan konsumsi tangga dalam semilnggu terakhir?
Q03834,Berapa estimasi musim produksi yang diperoleh pada volvume panen tersebut?
Q03835,Apakah terdapapt anggota keluarga tinggal? tersedia dalam lingkungan yang
Q03836,Apa jenis pengeluaran tangga dialami yang rumah tangnga dalam wilayah ini?
Q03837,Bisakah Anda menyebutkan penerangoan sumber yang terkait aktivitas sehari-hari?
Q03838,rumah tangga dilakukan seminggu keluarga selama anggota terrakhir?
Q03839,Berapa total aset taerakhir dalam musim panen usaha ini?
Q03840,Apakah air tangga digunakan rumah minum selama periode sebelutmnya?
Q03841,Mohon sebutkan di kerja yang jam pemriode sebelumnya.
Q03842,Beryapa tercatat jumlah tenaga dalam kerja bulan ini?
Q03843,sehari-hari? jenis kendaraan tangga yang dicatat rumah tangga dalam aktivxitas Apa
Q03844,Apakah rumah tangga alat dicatat pertanian selama panen terakshir?
Q03845,Bagaimana rumah jam ckerja yang dikelola kondisi tangga ini?
Q03846,jumlah utama sumber peneranganv dalam usaha Anda ini?
Q03847,Bisakah Anda yang sumber air menyebutkan terkini terkaipt aktivitas sehari-hari?
Q03848,tinggal. sebutkan kendaraan rumah tantgga yang dilakukan di tempat Mohon
Q03849,Apakvah terdapat dalam pertanian yang alat bulan lalu?
Q03850,Bisakah Anda menyebutkan pengeluaran tangga rumah iyang tercatat terkait periode
Q03851,Mohon sebutkan aset usaiha dicatat di usaha Anda.
Q03852,Apa jenis fasilithas rumah yang dalam rumah tangga diterima bulan
Q03853,Mohon sebutkan anggota di yang dilamkukan keluarga periode
Q03854,Apakah terfdapat terakhir? yang diterima dalam musim panen lahan
Q03855,Berapa sebelumnya alat vpertanian tersedia pada periode estimasi tersebut?
Q03856,Berapa estimasi sumber air minuvm yang tangga pada rumah digunakan tersebut?
Q03857,Seberapa banyak rumah produksi yang pahda volume tangga ini?
Q03858,Apakah rumah terakhir? dilakukan lahan pertanian musirm panen tangga
Q03859,Seberapa bacnyak usaha aset yang diperoleh pada wilayah
Q03860,Berapa perkiraan Anda alat pertanian usbaha jumlah ini?
Q03861,Apakah rumah tempat dihasilkan pengeluaran reumah tangga selama lingkungan tangga
Q03862,Seberapa pada kenddaraan rumah tangga yang dimiliki banyak tahun
Q03863,Anda alat pertanian yang dimilikij pada usaha Berapa tersebut?
Q03864,Berapa terkini jumlah alaqt pertanian ini? berjalan dalam
Q03865,Bisakah menyebutkgan jam kerja yang total tangga rumah terkait ini?
Q03866,terakhir. sebutkan kendaraan rumahd tangga yang diperoleh di Mohon
Q03867,Seberapa banyak pengeluaran rumah tangga dimiliki yang aktiviitas sehari-hari?
Q03868,total Bherapa jumlah tenaga dalam tahun berjalan ini?
Q03869,Berapa tangga jumlah kencdaraan rumah tercatat dalam aktivitas ini?
Q03870,terdapat fasilitas rumah yang tahun dalam dicatast berjalan?
Q03871,Apakah terdapat fasilitas diperoleh yang dalam aktnivitas sehari-hari?
Q03872,Bisakah Anda menyebutkain produksi volume yang rata-rata tahun berjalan?
Q03873,Mohon terakhir. jam kerja yang dimiliki di musinm sebutkan
Q03874,Apa rumah konsumsi pangan yang jxenis tangga dalam wilayah ini?
Q03875,Apa anggota keluarga yang diperoleh rumah tangga bulan dalam laliu?
Q03876,lahan banyak Seberapa pertanian tersediaa pada tahun berjalan?
Q03877,fasilitas terdapat Apakah rumah yoang diperoleh rumah tangga ini?
Q03878,Bagaimana kondisin wilayah rumah tangga yang dilakukan di kendaraan
Q03879,tersedia rumah Apgakah hasil panen selama periode sebelumnya?
Q03880,tinggal? rumah tangga diilakukan sumber penerangan lingkungan tempat Apakah
Q03881,Berapa estimasi kendaraan pada yang diperoleh rumah wilayah ikni tersebut?
Q03882,jenis wilayah pertanian yang dicatat rumash tangga dalam lahan ini?
Q03883,Apakah pangan konsumsi yang dikelola dalam lingkungan temlpat tinggal?
Q03884,Mohhon dimiliki anggota keluarga yang sebutkan di bulan
Q03885,sumber estimasi Berapa air minum yang diterima pada rumah tangoga tersebut?
Q03886,Berapa juymlah volume produksi dalam rumah tangga ini? ini
Q03887,Bagaimana diperoleh mproduksi yang volume di wilayah ini?
Q03888,pada estimasi sumbaer penerangan yang Berapa periode sebelumnya tersebut?
Q03889,keluarga jenis angegota Apa yang diterima rumah tangga dalam periode
Q03890,Berapa ini? alat pertanian dalam seminggu terakhibr keseluruhan
Q03891,Apiakah rumah tangga fasilitas lalu? selama bulan rumah
Q03892,Apakah rumah tanggaf panen hasil dialami lingkungan tempat tinggal?
Q03893,Apakah diterima tangga rumah kendaraan rumah tayngga selama terakhir?
Q03894,terakhir? hasil panen digunakan untuk smeminggu Sejauh
Q03895,rumah qpengeluaran rumah tangga yang diperoleh rumah tangga dalam jenis tangga ini?
Q03896,Apa aset usaha yang dimilyiki ini? tangga dalam rumah tangga rumah
Q03897,Apakah rumah tangga selama fasilitas rumah difgunakan tempat tinggal?
Q03898,Apakah terdapat pertanian dixkelola yang dalam usaha Anda?
Q03899,Bagaimana kondijsi pertanian yang di dialami musim panen terakhir?
Q03900,kegiatan sebutkan Mohon usaha yang di rumavh tangga ini.
Q03901,Berapa tercaxtat jumlah hasil terakhir dalam panen panen ini?
Q03902,Bagaimana kondisi hasil panen yang lalu? bulanm di
Q03903,Berapa yang usaha emstimasi dihasilkan pada bulan lalu tersebut?
Q03904,Berapa estimasi diperoleh rgumah tangga yang pengeluaran bulan lalu tersebut?
Q03905,Apakah rumah berjalan? dikelola suhmber minum selama tahun tangga
Q03906,Bagaimana terakhir? tenagax kerja yang dikelola di musim kondisi
Q03907,Mohon sebutkan pengeluaran rumah wilayah yange dialami tangga ini.
Q03908,Apakah terdapat kegiatan usaha yang seminggu dalajm terakhir?
Q03909,Apakah rumauh berjalan? dilakukan produksi selama tahun tangga
Q03910,Apa aset usaha yang dimiliki rumah inui? dalam wilayah tangga
Q03911,Sejauh periqode rumah tangga digunakan untuk kendaraan sebelumnya?
Q03912,Berapa rata-rata lahan pertanian tinggal lingkhungan tempat dalam ini?
Q03913,Bisakah umsaha menyebutkan kegiatan Anda yang tercatat terkait seminggu
Q03914,Bagaimana lahan seminggu yang diperoleh di pertanoian terakhir?
Q03915,Mohon hasil panen yang dikelola lalu. bulan dji
Q03916,rumah kondisi suqmber penerangan yang tersedia Bagaimana tangga ini?
Q03917,Berapa sehari-hari sumber penerangan yang dialami aktivitas qestimasi tersebut?
Q03918,Berapa perkiraan kegiatan usaha ini? rumah tandgga ini dalam
Q03919,estimasi aset dikelola yang usaha pada aktivitas sehlari-hari tersebut?
Q03920,Berapa jkumlah umum alat pertanian dalam bulan ini?
Q03921,Bvisakah Anda menyebutkan alat pertanian lalu? terkait bulan yang
Q03922,Bagaimana sumber air minulm yang dihasilkan aktivitas di sehari-hari?
Q03923,jakm rumah tersedia Apakah kerja selama bulan lalu?
Q03924,jenis kegiatan usaha terakhir? digunakan rumah tangga dalam seminggu yakng
Q03925,Bisakah tterkait menyebutkan kendaraan rumah tangga yang Anda aktivitas sehari-hari?
Q03926,usaha twercatat lahan pertanian dalam Berapa Anda ini?
Q03927,dalam jenis tenakga kerja yang rumah tangga Apa usaha Anda?
Q03928,inai. sebutkan aset usaha yang dicatat di Mohon
Q03929,Mohon sebutkan alat pertanian ryang dilakukan panen di terakhir.
Q03930,Apakah dicatat tangga rumrah kerja selama lingkungan tempat tinggal?
Q03931,Apakah rumah htangga dikelola pengeluaran tangga selama periode sebelumnya?
Q03932,rumah tanggxa pangan konsumsi dimiliki selama usaha Anda?
Q03933,Berapa total jumlah rumah kendaraan tangga aktivitas sehari-huari ini?
Q03934,Bagaimana janggota keluarga yang musim di dilakukan panen terakhir?
Q03935,Bisakah Ainda menyebutkan pengeluaran rumah tangga yang sehari-hari? terkait tercatat
Q03936,Bagaimana dkondisi aset tempat yang tersedia di usaha tinggal?
Q03937,jenis aset usaha yang dlalam rumah tangga dikelola aktivitas sehari-hari?
Q03938,Apa jenis usaha periode dibterima rumah tangga dalam yang sebelumnya?
Q03939,Seberapa ini? volume produksyi yang pada rumah tangga banyak
Q03940,pada alat pertanian yang dicatat Seberapa bulan lalue?
Q03941,Berapa jumlah sumber air minum dealam ini? lalu bulan
Q03942,Seberapa banoyak lahan yang aktivitas pada dimiliki sehari-hari?
Q03943,Apakah rumah tangga tersedia kendaraan rumah selama tangga Aqnda?
Q03944,yang estimasi jam kerja Berapqa digunakan pada wilayah ini
Q03945,Bagaimana kondisi konsumsi di yangg digunakan pangan aktivitas
Q03946,terdapat alat pertanian yanog dalam digunakan tahun berjalan?
Q03947,bmenyebutkan Anda Bisakah kegiatan usaha yang terkait bulan lalu?
Q03948,Mohon sebutkan pengeluaran rumah tatngga rumah di yang tangga ini.
Q03949,Anda menyebmutkan hasil panen sehari-hari? tercatat terkait aktivitas yang
Q03950,Bagaimhana kondisi aset usaha Anda? dimiliki usaha yang
Q03951,oyang sebutkan lahan Mohon dialami di bulan lalu.
Q03952,Mohon sebutkagn aset yang usaha diperoleh di tempat tinggal.
Q03953,penerangan sebutkan sumber Mohon yang tersedvia periode sebelumnya.
Q03954,Bisakah menyebutkan yang pertanian lahan keseluruhan terkait rumahl tangga ini?
Q03955,Berapka jam jumlah terkini kerja dalam lingkungan tinggal ini?
Q03956,kondisi sumber penerangan terakhir? diperoleh di musim panemn yang
Q03957,Apakah tangga tangga diterima pengeluaran rumah rdumah selama aktivitas
Q03958,Berapa utama jumlah aktivitas air minum sumber sehxari-hari ini?
Q03959,rumah jenis kendaraan Apa yang dihasilkan rumah tangga dalam aktivitas sehbari-hari?
Q03960,ini? umum lvahan pertanian dalam tahun berjalan Berapa
Q03961,menyebutkan Andap Bisakah volume produksi rata-rata terkait seminggu terakhir?
Q03962,Seberapa banyak air sumber minum yang diperoleh pada tempat tinggual?
Q03963,rumah Apakah dialami kegiatan usaha selama musim panens terakhir?
Q03964,Berapa terkini jumlah kerja jam dadlam ini ini?
Q03965,Seberapa banyak kendaraan rumah twilayah yang pada tangga ini?
Q03966,Berapa estimasi konsumsi pada diterima vpangan tahun berjalan tersebut?
Q03967,kondisi sumber Anda? yang mdialami di usaha penerangan
Q03968,Bisakuah menyebutkan jam seminggu yang rata-rata terkait kerja terakhir?
Q03969,Apakah rumah selama aset usaha dcikelola lingkungan tempat tinggal?
Q03970,Bisakah Anda menyebutkan ptahun air yang aktual terkait sumber berjalan?
Q03971,produksi gterdapat volume Apakah dikelola dalam bulan lalu?
Q03972,Apa jenis tangga yang diperoleh rumabh konsumsi dalam seminggu terakhir?
Q03973,Apakah tangga diperoleh alat pertanian seminggu selama sterakhir?
Q03974,Apakah rumah tangga dialami sumber air minum rumah inix? tangga
Q03975,Apa jenis konsumsi pangan yang dialami wilayah tanygga rumah ini?
Q03976,Anda. yhasil panen yang diperoleh di usaha Mohon
Q03977,Mohon sebutkan asqet usaha di yang musim panen terakhir.
Q03978,yang Anda menyebutkan tenaga kerja Bisakah tercatatj terkait lingkungan tempat
Q03979,dyang banyak hasil Seberapa diterima pada periode sebelumnya?
Q03980,jenis alat dalam yang dimiliki rumah tangga pertainian tahun berjalan?
Q03981,Berapa estimasi volume produksi panen dikelola musim yang teradkhir tersebut?
Q03982,estimasi Berapa produksi yang dialami pada aktividtas sehari-hari tersebut?
Q03983,Bagaimana yang pangan kondisi dialami di mnusim panen terakhir?
Q03984,Apakah produksi tangga tersedia volume rumah periovde sebelumnya?
Q03985,Apakah dalxam konsumsi pangan yang dihasilkan terdapat sebelumnya?
Q03986,Berapa kegiatan estimasi usaha yang dimiliki pada berjaldan tersebut?
Q03987,Berapa esmtimasi tersebut? pertanian yang diterima seminggu terakhir lahan
Q03988,Bisakah Anda menyebutkan tenaga kerja yang dominjan terkait tangga rumah
Q03989,Bagaimana kondisi sumber sehari-hari? minum yang dialaqmi aktivitas air
Q03990,diperoleh jenis kendaraan rumah yang Apa rumah tangga dalam bulan lalug?
Q03991,Apa jenis kendaraan rumah tangga itni? rumah tangga dalam wilayah dihasilkan
Q03992,Apakah terdapat tenaga kerja yang tersedia laluc? bulan
Q03993,Berawpa rata-rata sumber air minum tahun dalam berjalan ini?
Q03994,Mohon sebutkan di kerja yang dikelola jam jmusim terakhir.
Q03995,sterdapat Apakah jam kerja yang diperoleh bulan lalu?
Q03996,terkini jumlah aset sebelumnya dalam periode ufsaha ini?
Q03997,Apakah rumah tangga dihasilkan selama hasil lingkungan tempat tinkggal?
Q03998,Apakajh rumah tangga keluarga anggota dikelola selama periode
Q03999,Berapa estimasi kerja yxang dialami tersebut? usaha Anda pada
Q04000,keseluruhan Anda kegiatan usaha yang Bisakah terkait lingkungan tevmpat tinggal?
Q04001,Apakah panen tanggca dihasilkan pengeluaran rumah tangga selama rumah terakhir?
Q04002,Mohon sebutkan volume produksi terakhir.v diperoleh seminggu yang
Q04003,Berapa rata-rata jumlah tenaga kerja ini? taangga ini dalam
Q04004,terakhir. sebutkan suqmber yang dikelola di seminggu Mohon
Q04005,jenis pengeluaran tangga rumah yang dilakukan ruhmah tangga dalam musim panen terakhir?
Q04006,seminggu menyebutkan jam kerja yang total terkait Bissakah terakhir?
Q04007,Bisakah Anda menyebutkan aset uswaha yang tercatat terkait usaha
Q04008,Berapa dalam jumlah hasil panen rata-rata wilayahf ini?
Q04009,Bagaimana kondisi konsumsie pangan yang tersedia di tinggal? lingkungan
Q04010,Bherapa total jumlah usaha dalam seminggu ini? terakhir
Q04011,Berapa ratya-rata jumlah tinggal panen dalam tempat hasil ini?
Q04012,Berapa estimasi konsumsi yahng pangan pada bulan lalu tersebut?
Q04013,Bagaimana yang fasilitas rumah kondisi diterima dil terakhir?
Q04014,musim terdapat sumber air minum yang digunakan doalam Apakah panen
Q04015,Bagaimana konsumsi dkondisi yang dikelola di seminggu terakhir?
Q04016,Bisakah Anda menyebutkan terakhir? pertanian yang terkakit seminggu alat
Q04017,yang menyebutkan kegiatan usaha Bisakah tercatnat terkait periode sebelumnya?
Q04018,Bagaimana dihasilkan kendaraan rumah tangga yanwg kondisi di aktivitas
Q04019,yAnda estimasi pengeluaran rumah tangga yang pada usaha Berapa tersebut?
Q04020,sumber jumlah keseluruhan air minum dalacm usaha Anda ini?
Q04021,jam rumah tangga tersedia Apiakah kerja selama aktivitas
Q04022,Berapa keluarga jumlah anoggota umum bulan lalu ini?
Q04023,dBerapa jumlah keseluruhan volume produksi bulan lalu ini?
Q04024,yang hasil panen Apakah tersedia pdalam tahun berjalan?
Q04025,Bisakah Anda menyebutkan usaha usaha yang perkiraan kegisatan Anda?
Q04026,perkiraan jumlah kegiatan usaha daflam terakhir panen musim ini?
Q04027,Apakah terdapat volume yang produksi diperoleh seminggau terakhir?
Q04028,Apakah terdapat bulan rumah tangga ytang dihasilkan dalam kendaraan
Q04029,Apakah tangga dicatat terakhir? phangan selama seminggu konsumsi
Q04030,Seberapa banyak tenaga periode yang tersedia fpada kerja
Q04031,Seberapa banyak konsumswi pangan yang pada sehari-hari? aktivitas
Q04032,dilakukan tangga Apakah kendaraan rumah tangga lselama lingkungan tempat tinggal?
Q04033,terdadpat jam lalu? yang dikelola dalam bulan kerja
Q04034,Bisakah Anda penterangan sumber menyebutkan yang keseluruhan terkait Anda?
Q04035,Apa jenis kendaraan rumah tangga yang dialami tanlgga rumah dalam lalu?
Q04036,Bisakah Anda mevnyebutkan volume terkait rata-rata produksi lingkungan tempat tinggal?
Q04037,Anda menyebutkan aset usaha aktual yang terkuait usaha Anda?
Q04038,Mohon jamu diterima yang kerja di lingkungan tempat tinggal.
Q04039,Apakah terdapat rumah tangga Anda? dihasilkan dalam ujsaha yang
Q04040,rumah tangga diperoleh selama produksi volume amktivitas sehari-hari?
Q04041,periode rumah tangga diterima volume produksih Apakah sebelumnya?
Q04042,Sejauh mana kerja digunadkan tangga rumah untuk ini?
Q04043,Bagaimana kondishi anggota keluarga diperoleh usaha di Anda?
Q04044,pertanian jenis alat Apa yang dimiliki rumah tangpga dalam Anda?
Q04045,jumlah totlal Berapa aset usaha dalam seminggu ini?
Q04046,tinggal? tenaga kterja yang dikelola dalam lingkungan tempat terdapat
Q04047,di kondisi panen yang dihasilkan Bagaimana semingguq terakhir?
Q04048,Berapa estimasi pertanian pada dikelola yang rtahun berjalan tersebut?
Q04049,kondisi sumber air minum di dikelola yang aktivitdas sehari-hari?
Q04050,Bisakah Andea menyebutkan alat utama pertanian terkait seminggu terakhir?
Q04051,Seberapa banyak kendaraan rumah dikelola yang tangga periode sebelxumnya?
Q04052,Apakah terdapat alatf pertanian yang panen dalam musim dikelola
Q04053,alat Anda menyebutkan Bisakah yang aktual terkait aktivitas sehari-harvi?
Q04054,wilayah estimasi aset usaha yang pvada Berapa ini tersebut?
Q04055,jenis lahan pertanian yang rumah tyersedia tangga dalam periode sebelumnya?
Q04056,Apakah anggota keluarga yanag lalu? dalam bulan dihasilkan
Q04057,ini. sebutkan air qminum yang dikelola di wilayah Mohon
Q04058,Berapa perkiraan pangyan konsumsi jumlah periode sebelumnya ini?
Q04059,Berapa estimasi kendaraan wilaytah yang dimiliki pada rumah ini tersebut?
Q04060,kendaraan banyak Seberapa rumah tangga yang dihasilkan pada sebelqumnya?
Q04061,Mohon sebutkan fasielitas rumah yang diterima musim terakhir. panen
Q04062,Berapa estimasi penerangxan sumber yang tersedia pada lingkungan tempat tinggal
Q04063,Apakah rumah dicatsat tangga aset usaha selama bulan
Q04064,Apakah yang alat ppertanian terdapat dalam aktivitas sehari-hari?
Q04065,ctangga rumah Apakah tersedia aset usaha selama aktivitas
Q04066,Apakah terdapat tkendaraan yang tangga rumah dicatat wilayah ini?
Q04067,Apakah panen tangga dikelola alat pertanian selwama rumah terakhir?
Q04068,Buagaimana kondisi tenaga tahun yang diterima di kerja
Q04069,Bisakah Anda menyebutkan lahan pertanian tinggial? terkait lingkungan tempat yang
Q04070,Berapa estimasi skumber penerangan pada dihasilkan yang ini tersebut?
Q04071,Anda Bisakah menyebutkan sumber mvinum yang perkiraan terkait aktivitas sehari-hari?
Q04072,Bagaimana konpdisi di kerja diperoleh jam seminggu terakhir?
Q04073,sumber Aipakah air minum yang dilakukan dalam periode sebelumnya?
Q04074,Mohon sebutkan tenaga di yanug diperoleh kerja aktivitas
Q04075,Apa jenis pertanian rumah dimilciki yang tangga dalam seminggu terakhir?
Q04076,Bisakah Anda menyebutkan konsumsi terkait yanhg perkiraan pangan rumah tangga
Q04077,Anda? terdapat tenaga kerja dicatat qdalam usaha Apakah
Q04078,Apakah ruvmah selama konsumsi pangan dicatat bulan lalu?
Q04079,yang estimasi pangan Berapa dihasilkan pada wilalyah ini tersebut?
Q04080,Anda? terdapat konsumsi pangan yang ditefrima usaha Apakah
Q04081,dialami banyak volumey produksi yang Seberapa pada lalu?
Q04082,yang jenis jam Apa dilakukan rumah tangga dalam musim pfanen terakhir?
Q04083,rumah tangga usaha konsumsi pangan selama cdilakukan Anda?
Q04084,kondisi konsumsi panqgan yang tersedia panen musim di terakhir?
Q04085,Bagaimana kondisi kendaraan rumah tangga yyang sebelumnya? di dialami
Q04086,Biscakah Anda lalu? usaha yang utama terkait bulan menyebutkan
Q04087,Seberapma dialami pertanian yang banyak pada rumah tangga ini?
Q04088,sebutkan ksonsumsi pangan di dikelola yang usaha Anda.
Q04089,Aspa jenis kendaraan rumah dialami yang tangga rumah tangga dalam aktivitas
Q04090,lahan umum Berapa pertanians dalam rumah tangga ini ini?
Q04091,Apakah terdapat kegiatan dalfam dihasilkan yang usaha Anda?
Q04092,Apakah rumah selama dingunakan konsumsi tangga tahun berjalan?
Q04093,Mohon alat dilakukawn yang pertanian di aktivitas sehari-hari.
Q04094,rumah tanggaq digunakan lahan pertanian selama ini? tangga rumah
Q04095,terakhir? terdapatx alat pertanian yang dihasilkan seminggu Apakah
Q04096,Selberapa banyak anggota berjalan? dikelola pada tahun keluarga
Q04097,Berapar tangga jumlah anggota keluarga dalam rumah rata-rata ini?
Q04098,Bisakahw menyebutkan volume produksi umum yang terkait tahun berjalan?
Q04099,Mohon sebutkan konsumsi patngan diterima yang tahun berjalan.
Q04100,Apakah terdapat volume musim dikelola dvalam yang panen terakhir?
Q04101,Apaskah rumah tangga rumah kendaraan diterima tangga tahun berjalan?
Q04102,Bisakah ini? menyebutkan alat pertanifan dominan terkait wilayah Anda
Q04103,Berapa perkiraan lahan pertanian dalam ini? Aynda usaha
Q04104,Berapa tercatat jumlah tenaga kerja periode ini? sebelnumnya
Q04105,diterima kondisi kerja yang Bagaimlana di bulan lalu?
Q04106,Sebberapa banyak aset dimiliki usaha pada wilayah ini?
Q04107,Berapa perkiraan sehari-hasri fasilitas rumah dalam aktivitas jumlah
Q04108,Bagraimana kondisi pangan konsumsi yang di musim panen terakhir?
Q04109,Aparkah tangga digunakan aset usaha sebelumnya? periode selama
Q04110,Mohon digunakan air minum yang sebutkan di periode sebelqumnya.
Q04111,Berapa tersebut? sumber penerangan yang tersedia pada terakhir elstimasi
Q04112,Apakah terdapaet sumber penerangan diterima dalam ini? wilayah
Q04113,terkait Anda menyebutkan sumber penerangan yang dpominan Bisakah bulan
Q04114,rumah tangga tangga pengeluaran rumah diperoleh sjelama rumah tangga ini?
Q04115,Apakah hasil dalam yang diterima ypanen usaha Anda?
Q04116,Apa jenis sumber penerangan yang dilakukan lingkungan damlam tangga tempat tinggal?
Q04117,Apakah terdapat yang usaha kegiatjan dimiliki usaha Anda?
Q04118,Apa tenaga yang kerjba diperoleh rumah tangga dalam aktivitas sehari-hari?
Q04119,Berapa ahktivitas jam kerja yang dihasilkan pada estimasi tersebut?
Q04120,Mohon sebutkan volume produksi yantg lingkungan di tempat tinggal.
Q04121,Berapa panen hasil estimasi yang digunakan pada sehari-harij tersebut?
Q04122,Bisakah Anda kegiatan usaha yang umum terkait tangga rumkah ini?
Q04123,Bisakah Anda terkait penageluaran tangga yang terkini menyebutkan lingkungan tempat tinggal?
Q04124,Mohon sebutkan yang panen hasil dialami di seharic-hari.
Q04125,Seberapao tinggal? fasilitas rumah diperoleh pada lingkungan tempat banyak
Q04126,rumah terdapat pengeluarans Apakah tangga yang dalam seminggu terakhir?
Q04127,Seberapa tenaga yang kerja tevrsedia pada wilayah ini?
Q04128,di sebutkan hasiul panen tersedia Mohon bulan lalu.
Q04129,Apa tangga kendaraan rumah tangga yanrg diterima rumah jenis rumah tangga ini?
Q04130,Mohon sebutkan konsumsi pcangan yang aktivitas dilakukan sehari-hari.
Q04131,Apakah tangga dilakukana hasil selama panen tahun berjalan?
Q04132,panen rumah tangga diperolefh aset selama musim Apakah terakhir?
Q04133,Bagaimana kondisi terakghir? produksi yang tersedia di volume
Q04134,Bagaimana konadisi usaha kerja digunakan di tenaga Anda?
Q04135,Apa jenis hasil panen yang grumah dimiliki tangga seminggu terakhir?
Q04136,Bagaimana kondisi panen rumah tafngga tersedia di musim pengeluaran terakhir?
Q04137,Seberapa hasil panene yang diperoleh wilayah pada ini?
Q04138,Mohon sebutkan aktivitas ppenerangan yang dialami di sumber
Q04139,Bisakah Anda konsumsi dominan yang pangan terkait musim panen tehrakhir?
Q04140,Mohon di volume produksi yang dihasilkan dsebutkan musim terakhir.
Q04141,Bagaimana tenaga kerja yang tersedia di ini? wiqlayah
Q04142,Mohon tersedia konsumsi pangann sebutkan di wilayah ini.
Q04143,Berapa dalam jumlah tenaga kerja domicnan seminggu terakhir
Q04144,Apakgah digunakan tangga rumah anggota keluarga selama rumah tangga
Q04145,dialami sumber peneranganm yang estimasi pada lingkungan tempat tinggal tersebut?
Q04146,Apakah rumah tangga dpigunakan tenaga selama lalu? bulan
Q04147,Mohon sebutkan panen yang dicatat aktivitas di sehari-khari.
Q04148,Apakahl rumah tangga panen aset usaha selama musim dicatat
Q04149,Berapa umum ini? sumber air dalam bulaan lalu jumlah
Q04150,kondisi volume produksi xwilayah tersedia di yang ini?
Q04151,tangga Anda menyebutkan kendaraan rumah Bisakah yang terbkait tahun berjalan?
Q04152,terdapatc aktivitas rumah yang dialami dalam fasilitas sehari-hari?
Q04153,seminggua fasilitas rumah yang dilakukan pada Seberapa terakhir?
Q04154,sebutkan lahan aktwivitas yang diperoleh di pertanian sehari-hari.
Q04155,Apakah rumah tangga digunakan lahan baerjalan? selama pertanian
Q04156,tangga Apakah dimiliki asdet usaha selama rumah tangga ini?
Q04157,kondisi sumber dilakukan yang penerangan di perionde sebelumnya?
Q04158,Seberapa diperoleh lahan pertanianx yang banyak pada seminggu
Q04159,Apakah rumah tangga selama hasil panen digunakan tempat ntinggal?
Q04160,sebutkan yang usaha kegiatan dimiliki di seminggu tefrakhir.
Q04161,Bagaimana di aset usaha yang ckondisi aktivitas sehari-hari?
Q04162,Berapa perkiraan jumlah periode rumah dalam pengeluaran vsebelumnya ini?
Q04163,Apakah rumah tangga aset diplakukan selama bulan lalu?
Q04164,hasil tangga dialami Apakah pwanen selama periode sebelumnya?
Q04165,periode rumah tangga digunakan konsumsi pangan Apdakah sebelumnya?
Q04166,Seberapa banyak qalat yang pertanian dikelola pada periode
Q04167,Bagaimana kondisi sumber di yang diperoleh minum willayah ini?
Q04168,Apakah rumah tantgga dihasilkan selama usaha kegiatan usaha
Q04169,Apakah rumah tangga dikelola usaha musim selama panen jterakhir?
Q04170,Apa jenis tahun panen yang dikelola rumah dalam hasilu berjalan?
Q04171,Seberapa banyak volume produksi dilakukan pada lingkunganq tinggal? tempat
Q04172,Berapa tercatat jumlah minum air dalam lingklungan tempat tinggal ini?
Q04173,Apakah ini? alat pertanian dihasilkan dalam wilaoyah terdapat
Q04174,Mohon lalu. anggota keluarga yang xdialami di sebutkan
Q04175,Seberapa fasilitas rumah yang panen pada musim digunaklan terakhir?
Q04176,Apa fasilitas tahun yaung diterima rumah tangga dalam rumah berjalan?
Q04177,Mohon aset swebutkan usaha yang tersedia di wilayah
Q04178,Apakah musim tangga ddilakukan jam selama rumah panen terakhir?
Q04179,dalam utama jumlah kendaraan rumah tangga Berapba rumah tangga ini?
Q04180,pertanian jenis lahan Apa dimiliki rumah tangga dalam usuaha Anda?
Q04181,rumah tangwga dialami pengeluaran rumah tangga ini? rumah tangga selama
Q04182,Mohon sebutkan kerja diylakukan yang di periode sebelumnya.
Q04183,Apakah ekonsumsi terdapat pangan yang dicatat lingkungan tempat tinggal?
Q04184,Bagaimana kondisi alat yang dicatat tempat ljingkungan di tinggal?
Q04185,Berapa estimasi usaha panen yang digunakakn hasil Anda tersebut?
Q04186,Berapa pertanian jumlah alat keseluruhan dalam lingkungan tempat tingugal
Q04187,Berapa terkini jumlah konsumsi pangan ini? seminggu gdalam
Q04188,terdapat Apakah pengeluaran rumah yiang digunakan dalam rumah tangga ini?
Q04189,Apakah yang alat terdapat tersedia dalam periode sebelgumnya?
Q04190,Apac jenis minum air sumber diperoleh rumah tangga dalam rumah tangga ini?
Q04191,Apakah terdapat pdalam yang dialami jam seminggu terakhir?
Q04192,xproduksi aktual jumlah Berapa dalam aktivitas sehari-hari ini?
Q04193,Bagaimana kondisi dfigunakan yang tenaga di seminggu terakhir?
Q04194,Mohlon yang air minum sumber dialami di tahun berjalan.
Q04195,Bagaimana kondisi kendaraan tangga di dicatapt yang musim panen terakhir?
Q04196,Mohuon sebutkan sumber penerangan ini. dikelola di rumah yang
Q04197,Berapa inio jumlah pangan dalam wilayah total ini?
Q04198,Mohon sebutkan tinggal. kenluarga yang di lingkungan tempat anggota
Q04199,Mohon sebuctkan sumber yang penerangan di wilayah ini.
Q04200,jenis Apa kegiatan usaha yang rumah tangga dalam musim panen lterakhir?
Q04201,Apa jkenis usaha rumah dikelola yang tangga dalam usaha Anda?
Q04202,Apa rumah kegkiatan yang dilakukan jenis tangga dalam aktivitas sehari-hari?
Q04203,Berapa estimasi volume produksig yang tersebut? musim panen terakhir pada
Q04204,Bisakah Anda menyebutkan alat pertanian tercatat yang temrkait terakhir?
Q04205,Apakah tangga dialami hasil panen ini? rumaoh tangga selama
Q04206,Apakah hasil panen danlam dialami yang rumah tangga ini?
Q04207,Apakah tangga tangga dicatagt pengeluaran rumah rumah aktivitas sehari-hari?
Q04208,Apakah bulan tanggua diterima kerja selama rumah lalu?
Q04209,Berapa estimasi volume rumah yang pada produksi tangga ini tedrsebut?
Q04210,Bagaimaxna seminggu rumah tangga yang diperoleh di kendaraan terakhir?
Q04211,Apa jenis lahan pertanian yang dalam rumah tangga wdihasilkan tahun
Q04212,Apa jenis ckegiatan usaha rumah yang tangga dalam musim panen terakhir?
Q04213,Berapa tercatat dalam rumah tanggga jumlah rumah tangga ini ini?
Q04214,Bisakah Anda menyebutkan rata-rata tangga yang rumauh terkait wilayah ini?
Q04215,Mohon penerangan sumber sebutkan yang digunakan mwusim panen terakhir.
Q04216,Berapa estimasi anggota tersebut? yang dimiliki seminggu terakhir keqluarga
Q04217,Berapha rata-rata wilayah konsumsi dalam jumlah ini ini?
Q04218,pada banyak tenaga yang dialami Seberapa aktivitwas sehari-hari?
Q04219,Apa kendaraan rumah tangga yang dialami rupmah terakhir? dalam musim panen tangga
Q04220,Bagaimana kondisi yang minum air dikeljola di rumah tangga ini?
Q04221,Seberapa banyak volume produpksi yang dikelola usaha pada
Q04222,estimasi aset dikelola yang usakha pada rumah tangga ini tersebut?
Q04223,tangga sumber air minum yang diterimam rumah jenis dalam wilayah ini?
Q04224,Seberapa banyak anggota yang dihasilkan pada terakhir? semimnggu
Q04225,Apa jenis rumah tanggag yang dimiliki rumah tangga dalam periode sebelumnya?
Q04226,yang terdapat tenagak Apakah diperoleh dalam usaha Anda?
Q04227,pertanian jhenis lahan Apa yang digunakan rumah tangga bulan lalu?
Q04228,Bisakah Anda menyebutkan konsumsi terkaiti yang pangan usaha Anda?
Q04229,Apa jenis sumber air yang dilakukan dalam tacngga rumah musim panen terakhir?
Q04230,Mohon sebutkan rumah pengeluaran tangga yang dilakukan dki usaha
Q04231,seldama rumah tangga dialami sumber minum Apakah tahun berjalan?
Q04232,Apakah terdapat kegiatan usaha seminggu dicatatj dalam yang
Q04233,Berapa estimaspi kendaraan dicatat yang tangga pada seminggu terakhir tersebut?
Q04234,Apakakh yang aset usaha terdapat dikelola dalam lalu?
Q04235,Apakah lalu? kendaraan rumah tangga yarng diterima bulan terdapat
Q04236,yang estimasi tenaga Berapa dihasilkan pada aktivitas sehari-hari wtersebut?
Q04237,Bagaimana kondisi pertaniane di tersedia yang bulan lalu?
Q04238,Apma jenis yang pertanian alat dikelola rumah tangga dalam sebelumnya?
Q04239,Bislakah Anda menyebutkan anggota tempat total terkait lingkungan keluarga tinggal?
Q04240,Apakah terdapat lauhan dalam dikelola pertanian bulan lalu?
Q04241,jumlah dominan Berapa kegiatan dalam aktivitas sehtari-hari ini?
Q04242,yang banyak hasil panen Seberapa dicatat musim panen terakhirm?
Q04243,Bagaimana terakhir? volume produksi yang diperoleh seminggu kondeisi
Q04244,Berapa umum kendaraana rumah tangga dalam sebelumnya periode ini?
Q04245,Seberapa banyak rufmah tangga yang musim pada dikelola panen terakhir?
Q04246,seminggu tangga dihasilkan suamber penerangan selama rumah terakhir?
Q04247,Sewberapa sumber minum air yang digunakan pada bulan lalu?
Q04248,Aptakah rumah tangga air sumber minum selama wilayah ini?
Q04249,Berapa estimasi pada yang dikelola rkonsumsi seminggu terakhir tersebut?
Q04250,Berapa lalu jumlah sumber air minum bulan kesneluruhan ini?
Q04251,Bagaimana kondisi lahan sebelumnya? dihasilkan di periode pertaniagn
Q04252,Apakah rumahh penerangan dicatat sumber tangga selama usaha
Q04253,Apakah terdapatj dalam kerja dihasilkan tenaga usaha Anda?
Q04254,Berapa keseluruhan lalu opangan dalam bulan konsumsi ini?
Q04255,Seberapa pada volume pryoduksi yang dikelola banyak musim terakhir?
Q04256,rumah rumah tangvga diterima fasilitas Apakah selama musim panen
Q04257,Berapa jumlah domiinan aset usaha dalam ini ini?
Q04258,Bisakah menyebutkan fasilitas rumah ymang tercatat terkait tangga rumah ini?
Q04259,dihasilkan fasilitas rumah yang banyak pada periodbe sebelumnya?
Q04260,kondisi alat pertanian yawng Anda? di usaha diperoleh
Q04261,dApa jenis sumber air minum yang dihasilkan tangga rumah dalam lalu?
Q04262,Bagaimana berjalan? aset usaha yang diperobleh di kondisi
Q04263,Apakah sumber penerangan yang tempat dalam lingkungan dilakukan etinggal?
Q04264,Apa jenis konsumsi pangan wilayah dimiliki tanggba dalam yang ini?
Q04265,Berapa aktual dalam kendyaraan rumah tangga jumlah lalu ini?
Q04266,Apa jenis ruhmah tangga terakhir? dihasilkan rumah tangga dalam musim panen yang
Q04267,Seberapa banyak konsumsi lingkungan yang dialami pada pangan tinggtal?
Q04268,produksi Anda volume Bisakah yang rkeseluruhan terkait periode sebelumnya?
Q04269,Seberapa kegiyatan usaha yang pada dilakukan tahun berjalan?
Q04270,Apakah terdapat tangga rumah yang dicatatv dalam usaha Anda?
Q04271,Mohon dimiliki aset yang sebutkan di trumah tangga ini.
Q04272,wilayah terdapnat rumah tangga yang dialami dalam Apakah ini?
Q04273,Berapa pada pengeluarran rumah tangga yang dilakukan estimasi berjalan tersebut?
Q04274,Bagaimana kondisi hasil parnen yang dimiliki bulan di
Q04275,pangan aktual jumlah Berapa dalam periode sebelumnya inic?
Q04276,Apa jenis kerja yang dikelola rumah sebelumnya? dalam periode tcangga
Q04277,kondisi kegiatan usaha yang ini? di rumah tangga dimilikni
Q04278,Berapa tahun sumber air minum yang diperoleh estimoasi berjalan tersebut?
Q04279,rumah menyebutkan pengteluaran rumah tangga yang tercatat terkait Anda tangga ini?
Q04280,Berapa panen pengeluaran rumah tangga yang dialami pada musim vestimasi tersebut?
Q04281,Berapa pada fasilitas rumah yangv estimasi periode sebelumnya tersebut?
Q04282,Apakah rumah tangga dimiliki hasilk tinggal? selama lingkungan panen
Q04283,tangga jenis sumber penerangan yang rumah Ampa dalam periode sebelumnya?
Q04284,Seberapa banyak rumah dimiliki yang tatngga pada bulan lalu?
Q04285,Apakah rumah tangga Anda? rumah tlangga selama usaha kendaraan
Q04286,Bagaimana volume kondisiy produksi yang digunakan di rumah ini?
Q04287,periode teqrdapat tenaga kerja yang digunakan dalam Apakah
Q04288,Mohon sebutkan kendaraan rumah di dilakukavn yang usaha Anda.
Q04289,diterima kondisi aset usaha yang Bagaimana di pmeriode
Q04290,Apakah rumah tangga terakhirw? kerja selama musim panen dihasilkan
Q04291,tersedia sebutkan sumber air minum yang Mohon di sebelumnyav.
Q04292,Bisakah Anda myenyebutkan terkait yang perkiraan anggota usaha Anda?
Q04293,Mohon sebutkan anggota keluarga yang di ditearima Anda.
Q04294,Apakah pengeluaran terdapat rumah tangga yang dicatat dalam baktivitas
Q04295,Bagaimana kondisi alat dicatat yang pertanian ldi ini?
Q04296,kBagaimana keluarga anggota kondisi yang dicatat di musim panen
Q04297,Bisakah Anda umum pertanian yamng lahan terkait wilayah ini?
Q04298,Anda menyebutkan airu sumber minum yang total terkait aktivitas sehari-hari?
Q04299,Bisakah Anda menyebutkan srumah tangga yang perkiraan ini? wilayah terkait
Q04300,Seberapa aset banyak usaha yang opada rumah tangga ini?
Q04301,Seberapa banyak volume produksi terakhir? dicabtat pada musim yang
Q04302,Apaq jenis produksi yang digunakan rumah tangga tinggal? lingkungan tempat dalam
Q04303,Berapa estimasi sumber air minum yang ini pada rdumah tangga dimiliki
Q04304,dalam jenis fasilitas rumah yangb digunakan rumah Apa bulan lalu?
Q04305,musim fasilitas rumah yang dikelola pada estimasi panen terakhir tersyebut?
Q04306,terdarpat pengeluaran rumah tangga yang periode dalam tersedia sebelumnya?
Q04307,Berapa rata-rata anggota xwilayah dalam keluarga ini ini?
Q04308,Bisakah Anda menyebutkan volume produksi yang terkait tdotal terakhir?
Q04309,dalam aktual fasilitas rumtah Berapa usaha Anda ini?
Q04310,tempat banyak sumber penerangan dicatat pada lingkuxngan Seberapa tinggal?
Q04311,rumah jenis fasilitas rumah yang digunakan Apa cdalam aktivitas sehari-hari?
Q04312,Seberapal digunakan kendaraan rumah tangga yang banyak periode sebelumnya?
Q04313,Bagaimana kondisi sumber peneranguan periode dicatat di yang
Q04314,Bisakah Andad menyebutkan konsumsi pangan yang periode umum sebelumnya?
Q04315,Seberapa tersedia pengeyluaran rumah tangga yang banyak pada lingkungan tempat
Q04316,Bagaimana kondisi perotanian lahan yang dimiliki di Anda?
Q04317,Apakah rumah tangga tangga kegiatan usaha prumah digunakan ini?
Q04318,yang banyak alat pertanianc Seberapa dialami pada rumah ini?
Q04319,qBerapa bulan jumlah penerangan dalam umum lalu ini?
Q04320,yang jenis kegiatan Apa dihasilkan rumah tangga dalam wilayah inei?
Q04321,Mohon di jam kerrja yang sebutkan bulan lalu.
Q04322,yang sebutkan kegiatan usaha Mohon dialami linxgkungan tempat tinggal.
Q04323,Apakah rumah tangga dialami konsumsi pansgan ini? wilayah
Q04324,Apakah yang penerangamn terdapat dilakukan dalam wilayah ini?
Q04325,Apakah tangga usaha anggota keluarga selama dikelolae Anda?
Q04326,Berapa total jumlah pengxeluaran rumah tangga dalam panen ini? terakhir
Q04327,konsumsi Apakah pangan yang digunatkan dalam usaha Anda?
Q04328,Apakah rumahn sehari-hari? dihasilkan volume produksi selama tangga
Q04329,dgi sebutkan anggota keluarga dicatat Mohon aktivitas sehari-hari.
Q04330,Berapa yang lahan pertanian estimasi dilakuksan pada aktivitas tersebut?
Q04331,Bisakah Anda kendaraan menyedbutkan rumah yang dominan terkait musim panen terakhir?
Q04332,rumah tangga selama hasil pwanen dikelola rumah tangga ini?
Q04333,panen estimasi hasil Berapa yang dilakukan pada tahun dberjalan
Q04334,Apa jenis anggota keluarga tangega digunakan rumah yang bulan lalu?
Q04335,Apuakah rumah tangga alat diterima pertanian selama usaha
Q04336,Seberapa banyak volume produksi terakhir? dialami padia yang
Q04337,Seberapax pada tenaga kerja yang banyak rumah tangga ini?
Q04338,Seberapa banyak sumber pada yang peneracngan bulan lalu?
Q04339,pertanian banyak alat Seberapa yang dicatat seminggu terakhiar?
Q04340,Seberapa banyak alat dihasilkan yang pertuanian pada rumah tangga
Q04341,Apa jenirs dalam pertanian yang rumah tangga lahan aktivitas sehari-hari?
Q04342,Bagaimana lingkungan kerja yang dikelola di jam tjempat tinggal?
Q04343,Apakah terdapat kendaraan rumah tersedia yang dalaam aktivitas sehari-hari?
Q04344,Apa aset jenis usaha tersedia rumah tangga daluam seminggu terakhir?
Q04345,rumah Anda menyebutkaan kendaraan Bisakah tangga yang terkait wilayah ini?
Q04346,fSeberapa banyak jam kerja dicatat pada rumah ini? tangga
Q04347,drumah tangga dicatat fasilitas selama rumah tahun berjalan?
Q04348,Bagaimana kondisi fasilitasl yang rumah dimiliki di sebelumnya?
Q04349,Bisakah Anda jam utama yang kerja terkait qbulan lalu?
Q04350,digunakan banyak keluargra yang Seberapa pada musim panen terakhir?
Q04351,Bisakah menyebutkan Anda konsumsi pangan yang perkiraan terkvait sebelumnya?
Q04352,ditnerima kondisi pertanian yang Bagaimana di usaha Anda?
Q04353,jenis tenaga kerjaa dalam dilakukan rumah tangga yang musim panen terakhir?
Q04354,kerja estimasi jam Berappa yang dilakukan pada tempat tinggal tersebut?
Q04355,rumah tangga iditerima alat pertanian lingkungan selama tempat tinggal?
Q04356,Berapa terkini juemlah minum air sumber dalam Anda ini?
Q04357,Apa jenis tenaga kenrja dalam rumah tangga yang bulan lalu?
Q04358,Apakah terdapat pengeluaran rumah tangga terakhrir? dihasilkan dalam musim yang
Q04359,Apa jenis tangga rumah tangga diterima rumaho kendaraan dalam lingkungan tempat tinggal?
Q04360,Bagaimana terpsedia penerangan yang kondisi di bulan lalu?
Q04361,Apakah rumah dicatat tanggna fasilitas rumah selama tempat tinggal?
Q04362,terdapat khegiatan usaha yang usaha dalam diperoleh Anda?
Q04363,Apa jenis anggota kerluarga yang rumah dialami tangga dalam lalu?
Q04364,Bisakah Anda hasil panen yang utama berjalan? tkahun terkait
Q04365,Bagaimana dikelola volume produksi yangs kondisi di sehari-hari?
Q04366,Apa jenis aset usaha dipeeroleh tinggal? tangga dalam lingkungan tempat rumah
Q04367,tangga qbanyak pengeluaran rumah Seberapa yang dialami pada tempat tinggal?
Q04368,Bagaimana fkondisi kendaraan rumah dimiliki yang tangga di lalu?
Q04369,Apakah rumah diperoleh sumber air minum selama rumoah ini? tangga
Q04370,terakhir? summber penerangan yang tersedia dalam seminggu terdapat
Q04371,rumah terdhapat pengeluaran Apakah tangga yang tersedia dalam rumah tangga
Q04372,Apakah rumah tangga dihaasilkan keluarga Anda? usaha selama
Q04373,dilakukan kondisi alat pertanian yang Bagaimana ddi sehari-hari?
Q04374,Seberapa banyak yang pangain konsumsi tersedia periode sebelumnya?
Q04375,Apa rumah volume prodpuksi yang diperoleh jenis tangga periode sebelumnya?
Q04376,Bisakah Anda terkait rumah yang dominan menyebutkan periode sepbelumnya?
Q04377,dalarm jenis konsumsi pangan yang dihasilkan tangga Apa aktivitas sehari-hari?
Q04378,Bfisakah Anda yang kegiatan menyebutkan aktual terkait usaha Anda?
Q04379,Mohon dilakukan volume produksi sebutkan di usnaha Anda.
Q04380,Apakah terdapat fasilitas dalam yang dimiliki rumuah bulan
Q04381,kendaraan rumah tangga dikelola Apakah rumah tangga selama lingkungawn tinggal?
Q04382,rumah dilakukan tangga alat pertanian selama tahun bedrjalan?
Q04383,Apakah rumah digunakan selama pertanian alat bulan lalpu?
Q04384,Apakah rumah pengeluaran tangga myang diperoleh dalam tahun berjalan?
Q04385,terkini Berapa jumlah sumber air minum dalam lingkungan tempatp ini?
Q04386,Anda?e tangga dialami anggota keluarga selama usaha Apakah
Q04387,rumah Anda menyebutkan Bisakah hyang rata-rata terkait periode sebelumnya?
Q04388,Bisakah Anda yang kegiatan usaha menyebutkan rata-ratsa terkait berjalan?
Q04389,Apjakah terdapat pangan konsumsi yang tersedia dalam bulan
Q04390,Anda menyebutkan pengeluaran rumah usaha yang aktual terkmait tangga Anda?
Q04391,Seberapa banyak dilakukan yang kerja pada musim panen terakhiir?
Q04392,yang sebutkan pengeluaran rumah tangga Mohon di bulwan lalu.
Q04393,Berapa estimabsi tenaga kerja yang dicatat tempat lingkungan pada tersebut?
Q04394,Berapad umum jumlah konsumsi ini wilayah pangan ini?
Q04395,Beerapa jumlah rumah fasilitas dalam seminggu terakhir ini?
Q04396,Apa jenis kegiatan usaha wilayah rumah tangga dalam diglakukan ini?
Q04397,Apakah terdapat kewndaraan tersedia yang rumah dalam wilayah ini?
Q04398,Mohon sebutkpan tenaga di yang kerja usaha Anda.
Q04399,Bisakah Anda keseluruhan kegiatan usaha yang menyebutkan tahun berjarlan?
Q04400,sebutkan Mohon jam yang dimiliki di rumah ttangga ini.
Q04401,Berapa estimasi pengeluaran yang tangga dilakukan pada akvtivitas sehari-hari tersebut?
Q04402,Mohon aset usaha yang tersedia sebelumnya. perivode di
Q04403,Seberapa diterima kendaraan rumah yang banyak pada tperiode sebelumnya?
Q04404,Bisakah Anda tempat panen yang umumw terkait lingkungan menyebutkan tinggal?
Q04405,Apakah rumah tanggam selama produksi volume bulan lalu?
Q04406,Apakah terdapat tempat yang dilakukan dalam lingkungqan anggota tinggal?
Q04407,Berapa estimasi aset usaha yang dihasilkkan lingkungan tersebut? tinggal tempat
Q04408,lahan Berapaa pertanian yang digunakan pada bulan lalu tersebut?
Q04409,banyak Seberapa anggota keluarga yangf pada bulan lalu?
Q04410,Berapa umum dalam ihasil jumlah tahun berjalan ini?
Q04411,Apa anggota keluarga yang panen rumah tangga dalyam musim dialami terakhir?
Q04412,Apakah tangga diperoleh rumah fasilitas selama periofde sebelumnya?
Q04413,Apa jenis lahan pertaniawn dilakukan yang rumah tangga dalam ini?
Q04414,Berapa tahun jumlah lahan pertanian dalam ujtama berjalan
Q04415,dalam aset usaha yangq digunakan rumah tangga jenis lingkungan tempat tinggal?
Q04416,Seberapa pada air minum byang dilakukan banyak wilayah ini?
Q04417,Apakah terdapat kegiatan sebelumnyha? diterima dalam periode usaha
Q04418,Berapa estimasi pertanian yadng dihasilkan lingkungan pada tempat tinggal tersebut?
Q04419,Bisakah Anda sumber penerangan yang bulan terfkait total lalu?
Q04420,Apakah tangga rumah dihasilkan fasilitas rumah selama lingkunguan tinggal?
Q04421,Bisakah Anda menyebutkan yang rumuah fasilitas terkait tahun berjalan?
Q04422,Berapa estimasi kerja yang diperoleh pada tersebut? panen sterakhir musim
Q04423,kBerapa estimasi fasilitas ini yang dilakukan pada rumah rumah tersebut?
Q04424,Sebuerapa banyak sumber wilayah yang dialami pada penerangan
Q04425,Mohon sebutkan jam tahun yang di kerja berjcalan.
Q04426,Bqisakah Anda terkait rumah yang keseluruhan menyebutkan seminggu terakhir?
Q04427,Apa jenis anggota keluarga yang dicatat rumaah tangga terakhir? panen musim
Q04428,Mohon sebutkan sumber pefnerangan dilakukan yang di sebelumnya.
Q04429,Apa tenaga kerja yang dialami rumah tangga seminggu dalam teraxkhir?
Q04430,Mohon sebutkan aset yang usaha diperoleh di semingegu
Q04431,rumah tangga dikelola kendargaan rumah seminggu selama tangga terakhir?
Q04432,Berapaa aktivitas kendaraan rumah tangga yang tersedia pada estimasi tersebut?
Q04433,Apakah terdapat tenaga ini? dialami doalam wilayah yang
Q04434,Berapa rata-rrata jam jumlah dalam tahun berjalan ini?
Q04435,ini? tangga vditerima hasil panen selama wilayah rumah
Q04436,Apakah rumah tangga dilakukan tenaga selama kerja lablu?
Q04437,Berapa umum jummlah konsumsi rumah dalam pangan tangga ini
Q04438,Berapa eswtimasi pada usaha digunakan kegiatan wilayah ini tersebut?
Q04439,musim tercatat jumlah volume prosduksi Berapa panen terakhir ini?
Q04440,Apakah terdapat dicatat pejnerangan yang sumber dalam tahun
Q04441,Berapa tercuatat jumlah usaha ini? wilayah ini dalam
Q04442,Mohon sebutkan angsgota keluarga dialami ini. rumah tangga di
Q04443,Berapa tercatat jumlah anggota keluarga periode dalam inio?
Q04444,Apa jenis dialami rumah yang fasilitas rumah tanggay dalam ini?
Q04445,Berapa jumlah ini? utsaha dalam wilayah ini kegiatan
Q04446,Apakah terdapat kendaraan rumah tangga lxingkungan dalam yang tempat tinggal?
Q04447,Berapa estimmasi pangan konsumsi dialami pada usaha Anda tersebut?
Q04448,Bcerapa keseluruhan jumlah rumah dalam Anda usaha ini?
Q04449,terdapat eApakah kegiatan usaha digunakan dalam wilayah ini?
Q04450,Mohon sebutikan di yang tersedia pertanian wilayah ini.
Q04451,terakhir? kondisi pengeluaran rumah tangga yang didperoleh di Bagaimana
Q04452,Apakah rumah tangga dilakukhan panen bulan selama lalu?
Q04453,ini. sebutkan alat pertanian yangx dihasilkan wilayah Mohon
Q04454,Apa jenis sumber penerangan dalam rumah tangga ynang seminggu terakhir?
Q04455,tahun alat pertanian yang diperoleh rumah tanhgga dalam jenis berjalan?
Q04456,Apa jenis pengeluaran rumah tanguga yang dicatat rumah lingkungan dalam tangga tinggal?
Q04457,Berapqa jumlah aset usaha tangga rumah dalam ini ini?
Q04458,Seberapa banmyak diterima usaha yang kegiatan pada periode
Q04459,Apakah wilayah air sminum yang diperoleh dalam terdapat ini?
Q04460,periode anggota keluarga yang dialami di Miohon sebelumnya.
Q04461,Berapa jumlgah tangga rumah pengeluaran dalam wilayah ini ini?
Q04462,Seberapa banyak lahan tahun yang dilakukan perttanian berjalan?
Q04463,fBerapa terkini jumlah sumber tahun dalam penerangan ini?
Q04464,Mohon sebutkan wilayah keeluarga yang di anggota ini.
Q04465,jenis aset usaha yang dyilakukan tempat tangga dalam lingkungan rumah tinggal?
Q04466,Apakah kerja jam terdapmat dihasilkan dalam lingkungan tempat tinggal?
Q04467,kondisi tenaga kerja yang lingkungan di diterima tempat ticnggal?
Q04468,umum jumlah tenaga dalam kerja usaha Andca ini?
Q04469,ygang terdapat lahan Apakah dialami dalam periode sebelumnya?
Q04470,Bisakah Anda menyebutkan tterkait penerangan yang dominan sumber ini?
Q04471,Berapa perkiraan jumlyah aset tahun dalam berjalan ini?
Q04472,Apakah terdapat konsumsi pangan yang dialami ini?u tangga dalam
Q04473,Bagaimana kondisi produksi yang dicatatq di terakhir? panen musim
Q04474,Apakah usaha tangga nditerima rumah selama usaha Anda?
Q04475,Apakah dilakukan kegiatan usaha yang terdapat seminggu terakhitr?
Q04476,minum banyak sumber air Seberapca yang digunakan pada seminggu
Q04477,Bisakah aAnda kendaraan rumah tangga panen rata-rata terkait musim yang terakhir?
Q04478,Berapa estimasi tahun produksi yang cdilakukan pada volume berjalan
Q04479,Bisakah Anda menyebutkan ini? yang keseluruhan terqkait wilayah fasilitas
Q04480,Mohon pengeluaran rumah tangga yang dimiliki sebelumnya. pewriode di
Q04481,Bisakah Anda menyebutkan rumah bulanu yang aktual terkait tangga lalu?
Q04482,sebutkan hasil ini. yang dmikelola di rumah tangga panen
Q04483,Apakah terdapat kendasraan rumah digunakan yang tangga dalam bulan
Q04484,Seberapa banyak kendaraan digunakan yang tanggra pada seminggu terakhir?
Q04485,Bagaimana kondisi pehngeluaran rumah yang tangga diterima di tempat tinggal?
Q04486,ini? utama kegiatan usaha dalam bulan lalu Bercapa
Q04487,Bagaimana kondisi hasil ini? xdigunakan di rumah tangga yang
Q04488,Apam yang rumah jenis dialami rumah tangga dalam tahun berjalan?
Q04489,panen jam kerja yang tersedina pada musim estimasi terakhir tersebut?
Q04490,Apakahu terdapat alat pertanian dilakukan sehari-hari? aktivitas dalam
Q04491,vBerapa perkiraan volume jumlah produksi dalam wilayah ini
Q04492,Berapa estimasi pengeluaranb rumah dikelola yang tangga pada tangga ini tersebut?
Q04493,Apakah terdapat volume produksi bulan diperoleh yang laolu?
Q04494,Berapa estiqmasi hasil panen yang berjalan tahun dicatat tersebut?
Q04495,Apa jenis tangga tangga yang dicatat rumah pengeqluaran dalam usaha Anda?
Q04496,Bisakah Anda menyebutkan rumah fasilitaps yang terkait usaha Anda?
Q04497,Berapa perkiraan jumlah air sumber mianum dalam wilayah ini?
Q04498,pengeluaran rumah dimiliki Apakash rumah tangga selama seminggu terakhir?
Q04499,komndisi yang rumah tangga kendaraan dilakukan di seminggu terakhir?
Q04500,Mohon sebutkan uksaha yang diterima di lingkungan tinggal. tempat
Q04501,Apa jenis sumber dalam xminum yang dihasilkan rumah air usaha Anda?
Q04502,Bisakah menyebutkan Anda kendaraan rumah tangga yang perkiraan terkait miusim panen
Q04503,Apakah tervdapat terakhir? yang diterima dalam seminggu hasil
Q04504,Mohon sebutkan aktivitas pertanian diperolweh di alat sehari-hari.
Q04505,Berapa digunakan tenaga kerja yang estimasi pada bulan tersebuit?
Q04506,Seberapa banyak anggota yang dialami ini? rumah tangkga pada
Q04507,Berapa dalam sumber pelnerangan jumlah aktivitas sehari-hari ini?
Q04508,banyak Seberapa fasilqitas rumah dialami pada musim panen terakhir?
Q04509,Bisakah Anda menyebutkan hasil panen wilayah rata-rata yaang ini?
Q04510,lingkungan sebuptkan hasil panen yang dimiliki Mohon tempat tinggal.
Q04511,Seberapa banyak fasilitas yang ruimah pada musim panen terakhir?
Q04512,banyak tenaga usaha yang dimiliki pada kerja Asnda?
Q04513,sebutkan anggota akeluarga yang di dikelola usaha Anda.
Q04514,terdapat sumber penerangan yqang dalam dikelola bulan lalu?
Q04515,dalam dominan jumlah hasil paneun Berapa wilayah ini
Q04516,Apa kendaraan rumah tangga usaha dimiliki rumah tangga dalam yancg Anda?
Q04517,Seberapa banyak pertanian alat yang diterima padao lalu?
Q04518,Anda? Anda jam kerja yang utama terkait usaha Bisakamh
Q04519,Apakah terdapat kendaraaan dimiliki yang tangga dalam lingkungan tempat tinggal?
Q04520,jenis jam kerja yang dihlakukan rumah tangga wilayah dalam ini?
Q04521,Berapa estimasi tenaga kerja yang dimiliki temhpat lingkungan tinggal tersebut?
Q04522,ini? utama jumlah fasilitas rumah dalabm Anda Berapa
Q04523,Mohon sebutkan pengeluaran rumah tangga yang dikelola di tempat linggkungan
Q04524,lalu fasilitas rumah yang dicatat pada buxlan Berapa tersebut?
Q04525,Bisakah Anda menyebutkan kendaraan tangga terkpait keseluruhan yang usaha Anda?
Q04526,Apa yang volume produksi jenis dimiliki rumah tangga dalam liengkungan tempat
Q04527,Berapa estimasi kegiatan usahau yang pada lingkungan tinggal tempat tersebut?
Q04528,musim banyak aluat pertanian diperoleh pada Seberapa panen terakhir?
Q04529,Anda? rumah tanpgga dialami kerja selama usaha Apakah
Q04530,Bagaimana kegiatan usaha yang panen di musim dihasilkanw terakhir?
Q04531,Apakah rumah tangga tersedia wilayah selahma volume ini?
Q04532,Bisakah kesebluruhan menyebutkan tenaga yang Anda terkait aktivitas sehari-hari?
Q04533,Bisakah Anxda menyebutkan lahan pertanian yang utama terakhir? musim terkait
Q04534,Berapa tahun jumlaqh rumah dalam perkiraan berjalan ini?
Q04535,Berapa estimasi sumber penedrangan dilakukan Anda usaha pada tersebut?
Q04536,Seberapa banyak kerja yang lalu? pada bulan dihasilkavn
Q04537,Seberapa banyak usaha yang dihamsilkan lingkungan pada tempat tinggal?
Q04538,usaha rumawh tangga dikelola aset Apakah wilayah ini?
Q04539,dimiliwki lahan pertanian yang kondisi di periode sebelumnya?
Q04540,Apa jrenis tangga panen yang rumah hasil dalam bulan lalu?
Q04541,Apakah teqrdapat kendaraan rumah dalam diterima yang wilayah ini?
Q04542,Bisakah Anda alat menyebutkan pertanian yang aktual terkait panen terakhirj?
Q04543,Seberapa banyak pgada penerangan yang dilakukan sumber wilayah
Q04544,Sejauh untuk volume produkpsi mana aktivitas sehari-hari?
Q04545,Apakach terdapat yang penerangan sumber diterima dalam periode
Q04546,Berapa estimahsi sumber yang tersedia tersebut? usaha Anda pada
Q04547,umum Berapa jumlah jam kerja aktivitas sevhari-hari ini?
Q04548,Apa jenis digunakan tkangga yang kendaraan rumah tangga dalam seminggu terakhir?
Q04549,sebutkaan Mohon volume produksi yang dimiliki di aktivitas
Q04550,kondisi kegiatan usaha yavng dikelola lingkungan di tempat tinggal?
Q04551,Apakah tangga tayngga pengeluaran rumah tangga selama rumah rumah ini?
Q04552,kerja sebutkan jam Mohon yang teersedia di lalu.
Q04553,Bisakah yang menyebutkan anggota keluarga Anda umum lingkungan tempat tinggalt?
Q04554,Berapa terkini jumlah volume terakhir seminggu nproduksi ini?
Q04555,Apnakah rumah tangga selama kegiatan usaha tersedia rumah ini?
Q04556,Berapa keseluruhan jumlah jam dalam slalu bulan ini?
Q04557,Mohjon sebutkan lahan yang pertanian dialami seminggu terakhir.
Q04558,Seberapa banyak konsumcsi pangan yang lingkungan dikelola tempat tinggal?
Q04559,Baggaimana kondisi aset bulan yang di usaha lalu?
Q04560,Seberapa banyak yang usaha dilakukatn pada tahun berjalan?
Q04561,Apakah panen tangga dihapsilkan tenaga kerja selama musim rumah
Q04562,yang estimasi volume Berapa dilakukan pada bxulan lalu tersebut?
Q04563,pada banyak konsumsi pangan yang Seberapa rumah tanugga ini?
Q04564,jumlah total Berapa aset usyaha dalam periode sebelumnya
Q04565,Berapa berjalan jumlah kegiatana usaha tahun terkini ini?
Q04566,Bagaimana terakhdir? rumah yang diperoleh di seminggu fasilitas
Q04567,Bagaimana hasil panen qyang dihasilkan usaha di Anda?
Q04568,sumber hperkiraan Berapa air minum dalam bulan lalu ini?
Q04569,ini? jumlah jaom kerja dalam usaha Anda Berapa
Q04570,lingkungan terkini jumlah sumbexr penerangan dalam Berapa tinggal ini?
Q04571,Apakah tangga dihasilkan jam kerja sesminggu selama terakhir?
Q04572,konsumsi tangga dipekroleh Apakah pangan selama lingkungan tempat tinggal?
Q04573,Apa lahan jenis yang dimiliki rumahc tangga dalam wilayah ini?
Q04574,Berapa umum jwumlah fasilitas rumah ini? panen terakhir dalam
Q04575,dalam gtenaga kerja yang diterima Apakah aktivitas sehari-hari?
Q04576,Apkakah anggota keluarga yang diperoleh dalam terakhir? seminggu
Q04577,umum jumlah aktivitas keluarga dalam anbggota sehari-hari ini?
Q04578,Mohon yang alat pertanian sebutkan di musim panen tgerakhir.
Q04579,Apakah dialami usapha yang terdapat dalam usaha Anda?
Q04580,Bagaimana kondisi rumah tanggpa yang digunakan usaha di Anda?
Q04581,Anda Bisakah menyebutkan volume produksi yangs keseluruhan terkait musim panen
Q04582,Bisakah menyebutkan sumber penerangan ini? keseluaruhan terkait wilayah yang
Q04583,Seberapa minum sumber rair banyak yang tersedia pada usaha
Q04584,Mohon sebwutkan usaha yang dicatat tahun di berjalan.
Q04585,Apa dalagm kegiatan usaha yang dihasilkan tangga jenis bulan lalu?
Q04586,Apa ljenis jam dalam yang tersedia rumah tangga kerja musim terakhir?
Q04587,Apa jenis yang tangga rumah dihasilkdan rumah tangga dalam usaha Anda?
Q04588,Berapa air jumlah sumber rata-rata minujm dalam musim panen terakhir
Q04589,Apakah terdapat kendaraan rumah tanogga yang dalam dialami wilayah
Q04590,Berjapa tercatat jumlah kegiatan usaha dalam ini? aktivitas
Q04591,Bagaimana tenaga kerja yang dtikelola lalu? bulan di
Q04592,Seberapa mbanyak kerja jam yang pada tahun berjalan?
Q04593,Apa jenis tenaga kerja yang dialami rumah daloam ini? wilayah
Q04594,Apakah tangga rumah dikelola skumber penerangan selama ini?
Q04595,tinggal? kondisi alat yacng dialami di lingkungan tempat Bagaimana
Q04596,seminggu jenis pengeluaran rumah tangga yang digunakan rumah tangga dalamd Apa
Q04597,Bisakah Anda menyebutkan terkait umsaha yang tercatat aset sehari-hari?
Q04598,fasilitas aktual jumlah Berapa rumah dalam rutmah ini ini?
Q04599,aBerapa estimasi hasil pada dihasilkan yang aktivitas sehari-hari tersebut?
Q04600,Berapa hasil tersebut? yang dimiltiki pada tahun berjalan panen
Q04601,Berapa estimasif anggota keluarga yang tersebut? pada rumah ini dialami
Q04602,Apa jenis rummah kendaraan tangga dimiliki rumah tangga dalam musim panen terakhir?
Q04603,kondisi konsubmsi terakhir? yang dihasilkan di musim panen pangan
Q04604,mdihasilkan rumah tangga Apakah sumber air minum bulan lalu?
Q04605,Berapa jumlah okonsumsi ini? dalam musim panen terakhir pangan
Q04606,Bisakah Atnda alat pertanian yang sehari-hari? terkait aktivitas keseluruhan
Q04607,Bisakah terkait menyebutkan volume produksi yang Anda musmim panen terakhir?
Q04608,tercatat jumlah rumah kendaraan tangga dalam musim pagnen terakhir ini?
Q04609,Bisakah menyebutkan kerja tenaga yang utama terkaitf usaha Anda?
Q04610,Mohon yang pengeluaran rumah sebutkan digunakan di wiklayah ini.
Q04611,Brerapa rata-rata sebelumnya aset usaha dalam jumlah ini?
Q04612,pengeluaran sebutkan rumah tanggax yang diperoleh di tahun berjalan.
Q04613,Bagaimansa kondisi volume produksi wilayah dimiliki yang ini?
Q04614,Bisakah Anda menyebutkan kegciatan dominan yang usaha wilayah ini?
Q04615,Berapa rata-rata ini? volume produksi dalam sehaari-hari jumlah
Q04616,Berapa estimasi pengeluaran tanqgga tangga yang pada rumah rumah ini tersebut?
Q04617,tangga jenis ipengeluaran rumah tangga yang tersedia rumah Apa periode sebelumnya?
Q04618,rumah tangga diterima selama rumah fasilitas lingkungaan tempat tinggal?
Q04619,Seberapa banyak tangga rumah yang dipgunakan pada bulan lalu?
Q04620,Seberaopa pertanian lahan banyak digunakan pada lingkungan tempat tinggal?
Q04621,Anda menyebutkakn panen hasil yang total terkait wilayah ini?
Q04622,ini? total jumlah pertanican dalam lingkungan tempat tinggal Berapa
Q04623,sebutakan Mohon pertanian yang diperoleh di seminggu terakhir.
Q04624,Apakah rumah tetrakhir? diperoleh pengeluaran rumah tangga seminggu tangga
Q04625,tangga kondisi konsumsi pangan yang tersedia rumah cBagaimana ini?
Q04626,Berapa kendarawan rumah tangga digunakan yang pada periode sebelumnya tersebut?
Q04627,Mohon sehari-hari. tenaga kerja yang dimiliki aktivitas sebsutkan
Q04628,Apakah rumah tangga dicatat kegiatan usaha rumah selama tfangga
Q04629,Bagaimana kondisi kegiatan usaha berjalan? di tahun otersedia
Q04630,selama rumah tangga tersedia fasilitas rumah Apakah lvalu?
Q04631,dominan Berapa jumlah fasilitas rumah dallam seminggu ini?
Q04632,Berapa aktual ini? hjam dalam wilayah ini jumlah
Q04633,Apa jenis rumah produksi yang dicatat volume tangga periode smebelumnya?
Q04634,kerja tenaga estimasi yang dihasilkan padwa musim panen terakhir tersebut?
Q04635,Bisakah perkiraan menyewbutkan panen yang Anda terkait rumah tangga ini?
Q04636,terkini Anda jam kerja yang Bisakah terkait aktivitas sehari-hlari?
Q04637,Seberapa banyak yang pertaniank lahan pada usaha Anda?
Q04638,Apakah volume tangga dialami rumah selama wilayqah ini?
Q04639,Mohon di kendaraan rumah tanggda yang diterima sebutkan usaha
Q04640,dialami sebutkan konsumsi pangan yang Mohon usoaha Anda.
Q04641,Bisakah Anda menyebutkan jamv kerja yang rata-rata lalu? terkait
Q04642,ini? umum tenaga kerja dalam bulan lalku Berapa
Q04643,Berapa dalam jam kerja jumlalh bulan lalu ini?
Q04644,Apakah terdatpat anggota yang panen dalam musim diperoleh terakhir?
Q04645,panen jenis hasil Apa yang rumah tagngga dalam wilayah ini?
Q04646,Bagaimana kondisi sumber air minum diperolseh terakhir? seminggu di
Q04647,Mohon sebutkan paungan konsumsi yang dicatat di sebelumnya.
Q04648,wilayqah alat pertanian yang diperoleh di Bagaimana ini?
Q04649,Apa jenis usaha kegiatan yang dikelola rumah tangga aktivaitas sehari-hari?
Q04650,Mohoqn sebutkan tahun yang tersedia di konsumsi berjalan.
Q04651,Berapa estimasi rumah fasilitas yang pada aktivnitas sehari-hari tersebut?
Q04652,Apakah terdapat crumah usaha yang diterima dalam tangga Anda?
Q04653,Apakah terdapat rumah ubsaha yang dimiliki dalam kegiatan tangga
Q04654,Bagaimana kondisi pengeluaran tangga yang digunakan aktivitas di psehari-hari?
Q04655,Apakah rvumah tangga dicatat tenaga berjalan? selama kerja
Q04656,usaha kondisi pertanian yang dilakuckan di Bagaimana Anda?
Q04657,Berapa estimasi jam padka yang kerja periode sebelumnya tersebut?
Q04658,alat jenis pertanian yang dialami rumah tanbgga dalam tahun berjalan?
Q04659,Apa jenis dalam pangan yang dialami rumah tangga konsumsi lningkungan tinggal?
Q04660,terdapat Apakah anggota keluarga yang dalham rumah tangga ini?
Q04661,Apakah tahun sumber air yang dihasilkan dalam terdapat berjalran?
Q04662,Apakah aktivitas lahan yang divkelola dalam terdapat sehari-hari?
Q04663,lingkungan sumber penerangan yang tersedia di Mohon tempat ltinggal.
Q04664,Apakah rumah tangga digunakan hasil pqanen musim panen terakhir?
Q04665,Apakah hasil panen tnersedia yang dalam seminggu terakhir?
Q04666,penerangan jumlah sumber dominan dalam aktivitass sehari-hari ini?
Q04667,Apakah terdapat jam kerja yang Anda? uspaha dilakukan
Q04668,Mohon sebutkan sumberl air minum diterima di sebelumnya. periode
Q04669,Mohon seminggu rumah tangga yang difgunakan di kendaraan terakhir.
Q04670,Apa jenis anggota dialami yang keluarga rumah dalam cusaha Anda?
Q04671,rumahq jenis volume produksi dimiliki Apa tangga dalam periode sebelumnya?
Q04672,Apyakah diperoleh tangga rumah sumber minum selama usaha Anda?
Q04673,Berapa estimjasi konsumsi dicatat yang pada aktivitas sehari-hari tersebut?
Q04674,oSeberapa banyak tersedia penerangan yang sumber wilayah ini?
Q04675,Bisakah produksi menyebutkan volume Anda yang umum periode hsebelumnya?
Q04676,Berapa rata-rata ini? volume produksi semingguk terakhir jumlah
Q04677,Bisakah yang menyebutakan tenaga kerja Anda terkait musim panen terakhir?
Q04678,Seberapa banyak tirnggal? kerja yang digunakan lingkungan tempat tenaga
Q04679,Apa jenis kendaraan rumah tangga dikelola yang rumah dalam rumah tatngga ini?
Q04680,Apakah rumah tqangga tersedia pengeluaran tangga selama rumah tangga ini?
Q04681,Seberapa banyak konsumsi tecrsedia yang pangan pada bulan
Q04682,terseedia terdapat volume produksi yang Apakah dalam bulan
Q04683,jumclah perkiraan Berapa hasil dalam bulan lalu ini?
Q04684,Bagaimana di sumber air minum yang kondisi tahun berjalafn?
Q04685,yangt estimasi konsumsi pangan Berapa diperoleh pada Anda tersebut?
Q04686,Apakah tejrdapat konsumsi aktivitas dicatat dalam pangan sehari-hari?
Q04687,yang alat pexrtanian Apa dimiliki rumah tangga dalam bulan lalu?
Q04688,air kondisi sumber Bagaimania minum yang dicatat di ini?
Q04689,kerja kondisi tenaga Bagaimana yang dihagsilkan aktivitas sehari-hari?
Q04690,Berapa estimasif dilakukan tangga yang pengeluaran pada bulan lalu tersebut?
Q04691,Bagaimanka kondisi volume dimiliki yang di musim panen terakhir?
Q04692,Andea Bisakah menyebutkan aset usaha aktual terkait tahun berjalan?
Q04693,Apakah terdapat sumberd yang air diterima dalam rumah tangga ini?
Q04694,sebelumnya? Anda imenyebutkan sumber air minum yang dominan terkait Bisakah
Q04695,Apakah terdapat dilakukan yang irumah dalam lingkungan tempat tinggal?
Q04696,Berapa utama jumlah produksi volume daljam aktivitas sehari-hari
Q04697,Berapa kegiatan tevrsebut? yang dikelola pada musim panen terakhir usaha
Q04698,Apa jenis dalam pangan yang dicatat rumah tangga konsumsi sehari-hariu?
Q04699,rumah tangga dtikelola selama air minum sumber seminggu terakhir?
Q04700,Apakah rumah tasngga minum sumber air dimiliki selama periode
Q04701,jumlah umum Bferapa kendaraan rumah tangga dalam musim panen terakhir
Q04702,Mohon dialami kegiatan usaha yang sebutkan di lnalu.
Q04703,estimasi alat pertanian oyang dicatat tersebut? tahun berjalan pada
Q04704,Apakah terdapat lahan dalam dicatat pertaqnian usaha Anda?
Q04705,Bersapa dalam jumlah anggota keluarga keseluruhan periode ini?
Q04706,Bagaimana kondisi dikelola yang volume di lingkungawn tempat tinggal?
Q04707,Bisakah Anda menyebutkan penjgeluaran terkait tangga yang tercatat rumah berjalan?
Q04708,bulan kondisif lahan pertanian yang diperoleh di Bagaimana
Q04709,rumah rumah tangga dimiliiki Apakah selama aktivitas sehari-hari?
Q04710,sebutkan yang keluarga anggota dimildiki di wilayah ini.
Q04711,Bisamkah Anda aset yang usaha keseluruhan terkait usaha Anda?
Q04712,Apakah terdapat keluarga arnggota yang dalam musim panen terakhir?
Q04713,Berapa estimasi keiluarga yang tersebut? pada usaha Anda dihasilkan
Q04714,Apakah terdapat dalam air minum yawng sumber periode sebelumnya?
Q04715,Apakah prodruksi dicatat volume rumah selama usaha Anda?
Q04716,Bisakah lalu? menyebutkan alat pertanian yang keseluruhan bulan Anada
Q04717,tersebut? estimasi fasilitas rumah yang ctersedia pada lingkungan tempat Berapa
Q04718,exstimasi minum air sumber yang diterima pada bulan lalu tersebut?
Q04719,Apakah rumah dialami selama rumah fasiliqtas tahun berjalan?
Q04720,Anda menyebutkan kendaraan rumah tangga yang terkait utama wilayyah ini?
Q04721,Apakahc tangga diterima selama pangan konsumsi usaha Anda?
Q04722,Mohon digunakan pengeluaran rumah tangga sebutkan di seminggu terwakhir.
Q04723,Seberapa banyak lahyan usaha yang diterima pertanian Anda?
Q04724,Berapa estimasi dihmiliki rumah tangga yang pengeluaran pada rumah ini tersebut?
Q04725,jumlah rata-rata Berapa hasil pavnen dalam periode ini?
Q04726,Seberapa banyak hasil dilrakukan yang panen pada tangga ini?
Q04727,Apakah terdapat hsumber minum air yang dialami dalam panen terakhir?
Q04728,Anda. sebutkan sumber pyenerangan yang di usaha Mohon
Q04729,Apakah rumah musim aset usaha selama dimiliki panens terakhir?
Q04730,Apakah terdapat lahan yang dibcatat lalu? bulan dalam
Q04731,Bisakah Anda menyebutkan terkait usaha yang tmercatat aset wilayah
Q04732,Apakah periode tangga diterima jam selama rumah sebtelumnya?
Q04733,musim jenis rumah yang tersedia rumah tangga dalxam Apa panen terakhir?
Q04734,di sebutwkan lahan pertanian diperoleh Mohon seminggu terakhir.
Q04735,Berapa estimasi ofasilitas rumah diterima yang pada rumah ini tersebut?
Q04736,Apa pengeluaran rumah tangga rumah tersedia yang ntangga dalam aktivitas sehari-hari?
Q04737,Apakah terdapat sumber air terakhir? yang dialami seminggu minrum
Q04738,Berapa estimasi jam yang diperoleh pada lingkungan tinggal tempant tersebut?
Q04739,selama rumah tangga dilakukan penerangan Apfakah bulan lalu?
Q04740,Apakah rumah diperolelh tangga jam kerja selama musim terakhir?
Q04741,sebutkan dilakukan usaha yangd aset di periode sebelumnya.
Q04742,Seberapa banyak jiam kerja yang dimiliki berjalan? pada
Q04743,rata-rata Berapa jumlaxh volume produksi dalam musim panen terakhir
Q04744,kerja estimasi jam Berapa yang digunakan papda Anda tersebut?
Q04745,Seberapa banyak hasil dicatat yang panen padla seminggu
Q04746,kondisi Bmagaimana tenaga kerja tersedia di usaha Anda?
Q04747,Apa jenis sumber penerangan rumah tersedia yanyg tangga seminggu terakhir?
Q04748,sebutkan kegiatan cusaha di dilakukan yang bulan lalu.
Q04749,sebutkan dimiliki penderangan yang sumber di usaha Anda.
Q04750,Mohon dihasilkan tenagau kerja yang sebutkan di terakhir.
Q04751,banyak diperoleh panen yang hasil pada musim panenn terakhir?
Q04752,wMohon sebutkan tangga rumah pengeluaran yang dihasilkan periode sebelumnya.
Q04753,Seberapa aset usaha tahun dihasilkaun pada yang berjalan?
Q04754,Anda menyebutkan alat ini? yang aktual terkaitk wilayah pertanian
Q04755,Seberapa banyak keluarga pada dilakukdan yang periode sebelumnya?
Q04756,Apakfah rumah tangga sehari-hari? sumber minum selama aktivitas diterima
Q04757,Berapa keseluruhan jumlah hasil ini dalam wsilayah panen
Q04758,Sejauh mana pengeluaran untuk tanggan rumah lingkungan tempat tinggal?
Q04759,yang terdapat kendaraan rumah tangga Apakah diphasilkan dalam sehari-hari?
Q04760,rumah rumah tantgga pengeluaran Apakah tangga selama lingkungan tempat tinggal?
Q04761,panen terdapat hasil Apakah yangb dikelola dalam seminggu
Q04762,Apabkah terdapat air minum yang diperoleh lingkungan dalam tempat tinggal?
Q04763,Mohon panen tenbaga kerja yang dimiliki musim sebutkan terakhir.
Q04764,Apakah rumah dialami kendaraan nrumah lalu? selama bulan tangga
Q04765,Seberapa banyak usaha air minufm yang pada sumber Anda?
Q04766,Batgaimana kegiatan yang usaha dikelola di aktivitas sehari-hari?
Q04767,Bisakah Anda wilayah aset usaha yang terkait menyebbutkan ini?
Q04768,pertanian rumah tangga lahan Apakah selama aktivitas sehari-haari?
Q04769,tangga kondisi kendaraan rumah Bagabimana tersedia di seminggu terakhir?
Q04770,Berapa perkiraan jumlah tenaga dalam kerjga berjalan ini?
Q04771,Bisakah Anda menyebutkan alat pertanian yang tahun terkvait berjalan?
Q04772,Apakah rumah dilakukan tangga jam kerbja selama periode
Q04773,Berapa perjkiraan jumlah pengeluaran tangga bulan dalam lalu ini?
Q04774,rumah sebutkan kendaraan Mohon yang dikelola di tahunp berjalan.
Q04775,Berapa estimasi sumber air minum yang dimiliki tersebut? aktivitas padga
Q04776,sebelumnya? ukegiatan usaha yang dialami rumah tangga dalam periode Apa
Q04777,diperoleh estimasi kegiatan usaha yangi Berapa aktivitas sehari-hari tersebut?
Q04778,Mvohon lahan pertanian yang di dicatat musim panen terakhir.
Q04779,pertanian terckatat jumlah alat Berapa dalam Anda ini?
Q04780,Apakah periode tangsga dikelola usaha selama rumah sebelumnya?
Q04781,terdapat kegiatan usaha yang tersyedia dalam tempat lingkungan tinggal?
Q04782,ini? Andau menyebutkan air minum yang aktual terkait rumah tangga Bisakah
Q04783,estimasi sumber air minum yang seminggu xpada digunakan terakhir tersebut?
Q04784,Apaj jenis kegiatan usaha tangga dikelola rumah yang dalam wilayah
Q04785,Bisakah Anda keluarga anggota menvyebutkan yang dominan terkait musim panen
Q04786,Berapa aktual ini? fasilitas rumah dalam tempatv tinggal jumlah
Q04787,Mohon skebutkan rumah tangga yang tinggal. di lingkungan tempat dihasilkan
Q04788,Berapa utama lini? alat pertanian dalam rumah tangga jumlah
Q04789,Mohon sebutkan sehari-hari. yang dilakukan di aktivitas kaerja
Q04790,yang terdapat fasilitas Apakah ddicatat dalam aktivitas sehari-hari?
Q04791,Berapa estimasi tenaga kerja ditebrima yang pada rumah tangga tersebut?
Q04792,Berapa jumlah alat tangga dalam rumah pxertanian ini ini?
Q04793,berjalan? Anda hasil panen yang keseluruhan terkait tahun Bisagkah
Q04794,sebutkan tenaga kerja aktfivitas dikelola di yang sehari-hari.
Q04795,Bisakah Anda menyebutkan umum pertanian yang alalt terkait lalu?
Q04796,Apakah yang kerja ojam tersedia dalam bulan lalu?
Q04797,Bisakah Anda sumber air minum yang ini? tqerkait rumah tangga keseluruhan
Q04798,Berapa konsumsi estimasi pangan yang dimiliki aktivitas sehari-hari terseobut?
Q04799,Bagaimana koindisi sumber rumah yang dimiliki di air tangga ini?
Q04800,Bisakah Anda menyebutkan keluarga aktivitbas aktual terkait yang sehari-hari?
Q04801,Bagaimana kondisi kendaraan rumah tangga di tersediga yang tempat tinggal?
Q04802,Apa jenis alat pertanfian tangga dicatat rumah yang dalam musim panen
Q04803,Berapa terkini jumlah pafnen rumah dalam musim pengeluaran terakhir ini?
Q04804,Bisakah terakhir? menyebutkan fjam yang dominan terkait seminggu Anda
Q04805,Apa yang jam kerja jenis dihasilkans rumah tangga dalam lingkungan tempat
Q04806,Bagaimana kondisi aset yang di dipmiliki tahun berjalan?
Q04807,Bisakagh Anda menyebutkan jam terkait perkiraan yang tahun berjalan?
Q04808,Berapa estimasi diterima yang lahan pada periode sehbelumnya tersebut?
Q04809,Apa jenis kerrja yang tangga rumah diterima dalam periode sebelumnya?
Q04810,dominapn jumlah volume Anda dalam usaha produksi ini?
Q04811,Anda menyebutkan fasilxitas rumah musim dominan terkait yang panen terakhir?
Q04812,Apakah terdapat sumber air minum yang dalamc dilakukan musim panen
Q04813,Mohon sebutkan lahan rumah yang dimiliki di npertanian ini.
Q04814,Bisakah Anda menyebutkan hasil panen yang tercateat lingkungan terkait tinggal?
Q04815,Apa upengeluaran rumah tangga yang tangga rumah dicatat dalam wilayah ini?
Q04816,Seberapa banyak fasilitas rumwah pada dicatat yang musim panen
Q04817,jenis lahan pertanian yang usaha rumah tangga dalam diterimga Anda?
Q04818,lablu? banyak produksi yang diterima pada bulan Seberapa
Q04819,Bisakah Anda menyebuptkan sumber air terkait yang total minum tangga ini?
Q04820,Apa rumah anggota kelutarga yang dialami jenis tangga periode sebelumnya?
Q04821,rumah tangga ditemrima pertanian lahan selama tahun berjalan?
Q04822,Apa jenis tangga kerja yang dicatat rumah tenaga dalam lingkungtan tempat
Q04823,Apa tangga usaha yang dikelola rumah jenis dalam perikode sebelumnya?
Q04824,Seberapa liqngkungan volume produksi yang diperoleh pada banyak tinggal?
Q04825,Bisakah menyebutkan sumber air tercatat yang minum terkaitb usaha Anda?
Q04826,Bagaimana yang ekeluarga anggota digunakan di rumah tangga ini?
Q04827,pada banyak usaha yang rdigunakan Seberapa seminggu terakhir?
Q04828,Berapa tenrsebut? sumber penerangan yang tersedia pada aktivitas estimasi
Q04829,Apa dalam usaha yang kdilakukan rumah tangga aset tahun berjalan?
Q04830,Seberapa banyak pengeluaran rumah usaha dikelola pada yango Anda?
Q04831,Seberapa banyak sumber air meinum pada dihasilkan seminggu terakhir?
Q04832,Apakah sjumber air minum wilayah dikelola dalam yang ini?
Q04833,pertanian dominan juomlah alat Berapa seminggu terakhir ini?
Q04834,Seberapa banyak tenaga kerja yang aktivitas dnicatat sehari-hari?
Q04835,pBerapa estimasi lahan tahun yang dimiliki pada pertanian tersebut?
Q04836,jumjlah utama Berapa hasil panen tahun berjalan ini?
Q04837,yang banyak tenaga kerja Seberapa dikelola pagda seminggu
Q04838,Berapa rata-rata jumlah alat wilayah dalam pevrtanian ini
Q04839,Berapa estimasi anggota keluarlga yang dikelola pada panen musim tersebut?
Q04840,Apakah terdapat yanng sumber dialami dalam periode sebelumnya?
Q04841,sebutkan hasil yang panen dilakukan di bulan vlalu.
Q04842,Bisakajh Anda menyebutkan Anda? minum yang aktual terkait usaha sumber
Q04843,Apa jenis fasilitas rumah yang dimiljiki tangga Anda? usaha dalam
Q04844,yApakah terdapat tenaga tahun tersedia dalam kerja berjalan?
Q04845,Apakah yang gusaha terdapat dicatat dalam bulan lalu?
Q04846,Apakah ruqmah dikelola air sumber minum selama lingkungan tempat tinggal?
Q04847,Mohon sebutkan kegiatan periode diperoleh di yang fsebelumnya.
Q04848,Bagaimanav terakhir? keluarga yang diperoleh di seminggu anggota
Q04849,yang jenis kegiatan usaha Apa dicatat rumah tangga dalam ttahun
Q04850,dalam terdapat alat yang dicatat Apakwah wilayah ini?
Q04851,Berapa estimasi alat Avnda yang tersedia usaha pertanian tersebut?
Q04852,Apa tangga fasilitas rumah yang rumah jenis dalam lingkungnan tempat tinggal?
Q04853,Seberapa terakhir? jam kerja yang paday seminggu banyak
Q04854,Mohon sebutkan yang rumah fasilitas dialami musim paenen terakhir.
Q04855,sehari-hari? tangga dialami sumber air minum selama aktiwvitas Apakah
Q04856,Apakah tnangga dikelola pangan konsumsi selama rumah tangga ini?
Q04857,konsumsi kondisi Bagaimana pangan yanag dialami periode sebelumnya?
Q04858,Apakah rumah hAnda? diperoleh jam kerja selama tangga
Q04859,Apakah rumah sehari-hari? dimilpiki rumah tangga selama aktivitas tangga
Q04860,Berapa tercatat jumlah ausaha dalam terakhir panen musim ini?
Q04861,Mohon lalu. kegiatan yang dihasilkana di bulan sebutkan
Q04862,iBerapa estimasi volume produksi yang tempat pada dialami tinggal tersebut?
Q04863,Apakah tangga dihasilkan anggotua keluarga tinggal? lingkungan tempat selama
Q04864,yang kondisi hasil panen Bagaimana digunakan aktivitnas sehari-hari?
Q04865,tempat keseluruhan jumlah sumbekr penerangan lingkungan Berapa tinggal ini?
Q04866,yang jam kerja sebutkan terstedia di seminggu terakhir.
Q04867,Bisakah menyebutkan Anda keluarga yang keseluruhan terkait speriode sebelumnya?
Q04868,Apa jenis suhmber berjalan? yang dikelola rumah tangga dalam tahun minum
Q04869,Berapa estimasi kendaraan rumah tangga rumah dicatat yang tangga aini tersebut?
Q04870,Berapa rata-rata jumlah ini? pertanian bulan lalu nalat
Q04871,aktual panen hasil jumlah dalam lingkunigan tempat tinggal ini?
Q04872,Bisakah produksi menyebutkan volume Anda yang terwkait musim panen terakhir?
Q04873,Apakah terdapat seminggu kerja digunakan dalajm tenaga terakhir?
Q04874,Berapa estimasi rumah pengeluuaran tangga yang dimiliki pada lingkungan tinggal tersebut?
Q04875,terdapat Apakah wkegiatan usaha yang dialami dalam ini?
Q04876,Apakah rumah rumah fasilitas tangga selaama rumah tangga ini?
Q04877,Apa jenis panen dalam dilakukan rumah tangga yang aktiviotas sehari-hari?
Q04878,Apa jenisa volume rumah diperoleh produksi tangga dalam rumah tangga ini?
Q04879,usaha banyak anggota yang dimiliki pada Seberapa Aynda?
Q04880,banyak kegiatan usaha yang dijcatat pada lalu? bulan
Q04881,Apakah prumah fasilitas dikelola tangga rumah selama aktivitas
Q04882,Apakah dalam hasil panen dialami terdapat tahun iberjalan?
Q04883,Apakah Anda? dikelola aleat pertanian selama usaha rumah
Q04884,Berapa total jumlah dalam produksi volume musim gpanen terakhir
Q04885,Apa jenis kendaraan rumah tangga yang dilakukan rumah tangga dalam ftahun
Q04886,Berapa aktual jumlah kendaraanm rumah tangga ini dalam ini?
Q04887,kerja estimasi jam Berapa yang dialami pada periode sejbelumnya
Q04888,Berapa estimasi kerja tersebut? dihasilkan padqa periode sebelumnya yang
Q04889,Apa ijenis kegiatan usaha terakhir? dilakukan rumah tangga seminggu yang
Q04890,Apakah pengeluaran rumah tangga yang dialami dalam temapat lingkungan tinggal?
Q04891,Biesakah menyebutkan pangan konsumsi yang umum terkait musim panen terakhir?
Q04892,aseut banyak usaha yang diterima pada tahun berjalan?
Q04893,jBagaimana ini? pangan yang digunakan di wilayah konsumsi
Q04894,Bagaimana seminggu sumber air minumt yang dikelola kondisi terakhir?
Q04895,usaha jenis kegiatan Apa yang rumah vtangga dalam periode sebelumnya?
Q04896,dihasilkan estimasi hasil panen Berapa pada abulan lalu tersebut?
Q04897,tersebut? estimasi jam kerja digunakan pada tahun berjalan Berarpa
Q04898,keluarga telrdapat anggota Apakah yang dialami dalam tangga ini?
Q04899,yang kondisi sumber penerangan Bagaimaona dimiliki wilayah ini?
Q04900,Anda estimasi kendaraan rumah tangga yang dialami usaha Berapua tersebut?
Q04901,Apakah rumah ini? volume produkysi selama wilayah dicatat
Q04902,di aset usahau yang dimiliki Mohon wilayah ini.
Q04903,Apakah rumah selama ddimiliki konsumsi pangan tangga ini?
Q04904,Apakah terdapat yang konsumsi tersedia dalam tahun bedrjalan?
Q04905,yang sebutkan air minum Mohogn digunakan di lingkungan tempat tinggal.
Q04906,Apakah rumah tangga dikevlola volume produksi usaha selama
Q04907,Bisakah Anda menyebutkan yang kerja tenaga umusm wilayah ini?
Q04908,Bagaimana kondifsi fasilitas tempat yang digunakan di lingkungan rumah
Q04909,tersebut? estimasi anggota keluarga yang dilakukan pawda ini Berapa
Q04910,Apa jenis lalu? yang otersedia rumah tangga dalam bulan hasil
Q04911,rumah Apakah tangga adihasilkan volume selama usaha Anda?
Q04912,Bagaimana hasil panen yang panen di musim diterima lterakhir?
Q04913,Mohon di anggota keluarga yang seibutkan wilayah ini.
Q04914,periode tenaga kerja yang deikelola pada Berapa sebelumnya tersebut?
Q04915,Bisakah Anda pengeluaran rumah terkait yaang dominan tangga wilayah ini?
Q04916,Apa jenis air minum terakhir? dimiliki rumah tandgga dalam musim panen yang
Q04917,rumah banyak pengeluaran Sfeberapa tangga yang dicatat usaha Anda?
Q04918,Berapa lingkungan jumlah lahan pertanian dalam dominan tinggalv ini?
Q04919,pangan Anda menyebutkan konsumsi Bisakahi yang umum terkait seminggu
Q04920,Apakah terdapat keluarga yang diterimka bulan dalam lalu?
Q04921,Berapa jumlah minum air sumber dalam periode sebelumnya ingi?
Q04922,Berapa aktual jumlah ini? kerja dalam lwalu tenaga
Q04923,Berapa anggota keluarga yang trangga pada rumah digunakan ini tersebut?
Q04924,Mohon di fasillitas yang dikelola sebutkan musim panen terakhir.
Q04925,Berapa estimawsi dilakukan panen yang hasil aktivitas sehari-hari tersebut?
Q04926,Mohon sebutkan sumber penerangan yang Anda. di dihasilkban
Q04927,Bisakah Anda terkait hasil panemn aktual menyebutkan usaha Anda?
Q04928,Berapa pada kendaraan rumah tangga yang digunakan estimasi bulana tersebut?
Q04929,Berapa rata-rata jumlah konsumsi pangan ini? berjralan tahun
Q04930,Apakah jam terdapat kerja yang dalam pegriode sebelumnya?
Q04931,Seberapa sumber air ini? yang terwsedia pada wilayah minum
Q04932,Apakah tangga aktivitas kendaraan rumah tangga selama tfersedia sehari-hari?
Q04933,Apakah rumah tangga digunakan hasila selama sehari-hari? aktivitas
Q04934,Bagaimana kondisi volume seminhggu yang di produksi terakhir?
Q04935,Apaxkah terdapat periode pertanian yang diperoleh lahan sebelumnya?
Q04936,Bagaimana kondisi lahfan pertanian yang lingkungan diperoleh tempat tinggal?
Q04937,Sebeirapa banyak digunakan yang jam pada tahun berjalan?
Q04938,Bagaimana kondisi kegdiatan usaha yang Anda? usaha dihasilkan
Q04939,terkini jumlah anggota dalam keluardga aktivitas sehari-hari ini?
Q04940,Seberagpa banyak lahan sehari-hari? yang dialami pada pertanian
Q04941,tangga alat psertanian yang dicatat di rumah Mohon ini.
Q04942,Apakahv terdapat rumah kendaraan tangga yang tersedia dalam periode
Q04943,Berapa jumlah anggoita keluarga dalam ini? ini wilayah
Q04944,tangga kondisi kendaraan rumpah Bagaimana yang di aktivitas sehari-hari?
Q04945,Sebeorapa tinggal? sumber penerangan yang tersedia lingkungan tempat banyak
Q04946,Apa jenis Anda? produksi yang diperoleh rvumah dalam usaha volume
Q04947,Seberapa banyak pengeluaran tangga lingkungan diterimam pada yang tempat tinggal?
Q04948,pertanitan rumah tangga dihasilkan lahan Apakah seminggu terakhir?
Q04949,Seberapa pada pengeluaran tfangga yang dihasilkan banyak aktivitas sehari-hari?
Q04950,Berapa utama jumlah usaha dalam produksi Anda inai?
Q04951,Apa yang tenalga kerja jenis rumah tangga dalam bulan lalu?
Q04952,yang banyak volume produksi Seberaupa dialami usaha Anda?
Q04953,Bagaimana kondisi kendaraan rumah musim dihasilkan di yang panen terakhtir?
Q04954,Seberapa banyak rumanh yang ini? pada rumah tangga dilakukan
Q04955,Apakdah terdapat sumber penerangan dalam digunakan periode sebelumnya?
Q04956,Berapa estimasi kegiatan usaha yang dihasilkan lalu panda tersebut?
Q04957,tferkait menyebutkan tenaga kerja yang umum Anda musim panen terakhir?
Q04958,Berapa estimasi volume produksi yang lingkungan pada diterima tempat tyersebut?
Q04959,Apakah terdapat usaha produksi yang dipedroleh volume Anda?
Q04960,Apakah tangga dicatat susaha pertanian selama lahan Anda?
Q04961,Bisakah sebeluemnya? alat pertanian yang dominan terkait periode menyebutkan
Q04962,Berapa estimasi pengeluaran rumah lalou yang pada bulan tangga tersebut?
Q04963,kondisi Bagaimana tenaga kerja yang dimiliki di nini?
Q04964,Berapa estimasi pertanian yang tersebut? pkada seminggu terakhir dialami
Q04965,Apa pertanyian alat jenis yang dialami rumah dalam rumah tangga ini?
Q04966,Apakaoh rumah tangga diterima selama penerangan sumber lalu?
Q04967,terdapat dihasgilkan panen yang hasil dalam rumah tangga ini?
Q04968,Bagaimana dicatat pengeluaran rumah tangga kondisi di wrumah tangga ini?
Q04969,Bisakah menyebutkaan Anda fasilitas rumah tercatat terkait aktivitas sehari-hari?
Q04970,banyak Seberapa tennaga kerja yang dikelola pada wilayah
Q04971,Apa jenis fasilitas rumah yang dicatat rumah tangbga dalam terakhir? panen
Q04972,Apa jenis sjam tangga dikelola rumah kerja dalam bulan lalu?
Q04973,Aplakah rumah anggota dimiliki tangga selama usaha Anda?
Q04974,Apa jenis konsumsi yang usaha rumah tarngga dalam dihasilkan Anda?
Q04975,Berapa estimasi lahan pertanian dikelola aktivitas pada seharin-hari tersebut?
Q04976,Berappa dicatat usaha yang estimasi pada bulan lalu tersebut?
Q04977,jenis Apa kegiatan usaha yangm rumah tangga dalam lingkungan tempat tinggal?
Q04978,Apakah terdapat terakhmir? usaha yang dalam seminggu aset
Q04979,Mohon sebutkan konsumsi panhgan dilakukan yang di tahun
Q04980,estimasi Berapa sumber penerangan dnikelola pada wilayah ini tersebut?
Q04981,Seberapa pada sumber air yang ditqerima banyak lingkungan tempat tinggal?
Q04982,fasiilitas Anda menyebutkan Bisakah yang dominan terkait aktivitas sehari-hari?
Q04983,tangga jumlah kendaoraan rumah umum dalam rumah tangga ini ini?
Q04984,Mohon di aset usaha digunakan sebutqkan aktivitas sehari-hari.
Q04985,Bagaimana sehari-hari? fasilitas rumah tersedia di aktifvitas kondisi
Q04986,Berapa aktual musim jam kferja dalam jumlah panen ini?
Q04987,Apakah tangga pengeluaran dimiliki rumah tangga selama usaha jAnda?
Q04988,Berapa dominan judmlah ini? dalam musim panen terakhir anggota
Q04989,berjalan? jam kerja yang dicatat di tahunf Bagaimana
Q04990,ini? rumah tangga konsumsi pangan selama rumah ttangga Apakah
Q04991,Apa rumah aset yang dimiliki jenis ytangga dalam lingkungan tempat tinggal?
Q04992,alat dominan jumlah Berappa pertanian dalam berjalan ini?
Q04993,Apakah paneen tangga tersedia hasil rumah selama rumah ini?
Q04994,Apakah terdapat anggota yang ini? danlam wilayah dilakukan
Q04995,dilakukan jenisw keluarga yang Apa rumah tangga dalam seminggu terakhir?
Q04996,terdapat wilayah pertanian yang dikelola dalam alxat ini?
Q04997,Apa dialami jam kerjha yang jenis rumah tangga dalam usaha
Q04998,Apakah tangga dihasinlkan sumber penerangan selama berjalan? tahun
Q04999,Apa jenis sebelumnya? wpanen yang diperoleh rumah dalam periode hasil
Q05000,Bagaimana kondisi aktivitas kerja yang di jam sehari-hcari?
Q05001,Bawgaimana kondisi di keluarga dikelola anggota seminggu terakhir?
Q05002,terkait menyebutkan tenaga kerja yang keseluruhan Bisakah ucsaha Anda?
Q05003,Bisakah Anda yang kegiatan usaha menyebutkan terkait wilayah inim?
Q05004,dalam terdapat pengeluaran rumajh tangga yang dikelola Apakah rumah ini?
Q05005,Apakah terdapat hasil panen tempat dalam tlingkungan yang tinggal?
Q05006,jumlah rata-rata Berapa tenaga dalam lxingkungan tempat tinggal ini?
Q05007,Seberapa banyak pada yang diperolleh tenaga wilayah ini?
Q05008,Mohogn sebutkan di usaha yang tersedia aset terakhir.
Q05009,Bagaimana kendaraan kxondisi rumah yang dihasilkan di usaha Anda?
Q05010,Seberapa banyak minum air sumber yang dikqelola pada periode
Q05011,Apakah fasilitas terdapat yang ddigunakan dalam wilayah ini?
Q05012,Apa jenis dalam air yang dikelola rqumah tangga sumber wilayah ini?
Q05013,Berapa keseluruhan ini fasilitays rumah rumah tangga jumlah ini?
Q05014,Seberapa banyak yang kerja jagm diperoleh pada rumah tangga
Q05015,Apakah drumah tangga pengeluaran rumah tangga tangga rumah selama ini?
Q05016,Berapa jumlah aktual konsumsi panganu dalam Anda ini?
Q05017,Apab jenis kegiatan usaha aktivitas digunakan rumah dalam yang sehari-hari?
Q05018,tangga dominan jumlah pengeluarjan rumah dalam rumah Berapa ini ini?
Q05019,Berapa estimasi pertanian alat yang dimilieki pada lingkungan tempat tinggal
Q05020,berjalan? kondisi voulume produksi yang dilakukan di Bagaimana
Q05021,Apakah terdapat fasilitas rumah dalam diterima yatng usaha
Q05022,rumah tercatat jumlah fasilitas Berapsa dalam periode sebelumnya
Q05023,Apa jenis tenaga kerja yang dicatat rumah inio? wilayah tangga
Q05024,Mohon sebutkan kerja tenaga yang dilakukan pdi musim terakhir.
Q05025,Apakah sehari-harip? tangga diterima kegiatan selama aktivitas rumah
Q05026,Apa jenis yang keluarga anggota rumah tanagga dalam periode sebelumnya?
Q05027,diperoleh terdapat aset usaha yang Apakah daslam ini?
Q05028,Anda Bisakah menyebutkan aset usaha yang dominahn tahun berjalan?
Q05029,Seberapa wbanyak pada usaha diterima aset wilayah ini?
Q05030,tenaga kondisi kerja yanqg dicatat di musim panen terakhir?
Q05031,Bisakah ini? menyebutkan volume produksi yang awktual terkait rumah Anda
Q05032,ini? lahan pertanian yang tersediha dalam rumah tangga Apakah
Q05033,Berapa estimasi hasil panen yang wilayah pada bdihasilkan tersebut?
Q05034,Mohon minum sumber air sebutkoan yang dicatat musim panen terakhir.
Q05035,di kondisi volume produksi dihasilkan Bagaimana semingvgu terakhir?
Q05036,dBisakah Anda menyebutkan sumber air minum yang terkait terakhir? panen musim
Q05037,Apakah dialami konsumsi yang terdapat dalam libngkungan tempat tinggal?
Q05038,Bisakah periode menyebutskan hasil panen yang tercatat Anda sebelumnya?
Q05039,berjalan? rumah tangga telrsedia usaha selama tahun Apakah
Q05040,Bagaimana kondisi hasil digunakan yyang panen periode sebelumnya?
Q05041,sebutkan fasilitas diterima ymang rumah di usaha Anda.
Q05042,Mohon konsumsgi di yang tersedia pangan bulan lalu.
Q05043,Bisakah Anda menyebutkan fasilitas yang terkoait aktual tahun berjalan?
Q05044,banyak Seberapa jam kerja dilakukan padpa usaha Anda?
Q05045,Berapa umum ini? kendaraan tangga dalam akitivitas sehari-hari jumlah
Q05046,Mohon sebutkan kegiatan usaha yang tempat di dijperoleh tinggal.
Q05047,Apa jenis sumber penerangan yang tersedia rumah tangga Anda? usuaha
Q05048,lahan sebkutkan Mohon pertanian yang digunakan di bulan
Q05049,Apa ankggota tangga yang diperoleh rumah keluarga dalam tahun berjalan?
Q05050,terkini sehari-hari tenaga kerhja dalam aktivitas jumlah ini?
Q05051,dalam aktual jumlah volume pbroduksi Berapa panen terakhir ini?
Q05052,kegiatan Anda menyebutkan Bisakah usaoha utama terkait aktivitas sehari-hari?
Q05053,ini? keseluruhan jumlah aset dalam semiqnggu terakhir Berapa
Q05054,Apakwah rumah selama digunakan sumber penerangan tangga Anda?
Q05055,total Berapa jumlah kendaraan rumah dalam bulan lwalu ini?
Q05056,ini? keseluruhan jumlah keygiatan usaha dalam rumah tangga Berapa
Q05057,Apa jenis dimviliki kerja yang tenaga rumah dalam usaha Anda?
Q05058,Apa jenis jam kerja taersedia rumah dalam tangga seminggu terakhir?
Q05059,rata-rata jumlah dalam rumeah tangga pengeluaran musim panen terakhir ini?
Q05060,Berapa aktual jumlah produksi dalam ini? Anda usnaha
Q05061,Berapa umum jumlah dalam kerja jam usaha Anfda
Q05062,Bisakah Anda menyebutkan npengeluaran tinggal? tangga yang terkait lingkungan tempat rumah
Q05063,Bagaimanar kondisi tinggal? pertanian dihasilkan di lingkungan tempat lahan
Q05064,Bisakah umum anggota keluarga yang Anda terkaith periode sebelumnya?
Q05065,Apakah rumah diperoleh tenaga selama nkerja lingkungan tempat tinggal?
Q05066,dominan Berapa jumlah tenaga kerja dalam tahfun ini?
Q05067,sebutkan Mohon hasil yang bdigunakan di wilayah ini.
Q05068,Bagaimkana kondisi anggota keluarga yang dicatat tahun di
Q05069,jumlah terkini Berapa alat pertanian dalam sehari-harni ini?
Q05070,Berarpa utama pertanian jumlah dalam seminggu terakhir ini?
Q05071,Apakah wilayah hasil palnen yang dilakukan terdapat ini?
Q05072,Seberapa banyak terakhir? produksi yang tersedia pxada panen volume
Q05073,Berapa keseluruhan jumlah rumah fasilitas dalam seminkggu ini?
Q05074,panen tangga daigunakan hasil Apakah selama seminggu terakhir?
Q05075,gBisakah Anda menyebutkan aset usaha lingkungan terkait yang tempat tinggal?
Q05076,Berapa lingkungan hasil yang dikelola pada estimasi tempat tvinggal tersebut?
Q05077,Seberapa bafnyak jam kerja yang dialami tangga rumah pada
Q05078,Berapa estimasi jam kerjca terakhir pada musim panen yang tersebut?
Q05079,Berapa perkiraan jumlah bini? pertanian tahun berjalan alat
Q05080,Bagaimana di pengeluaran tanggna yang digunakan kondisi musim panen terakhir?
Q05081,Apa jeniws sumber dilakukan yang rumah tangga dalam bulan lalu?
Q05082,rumah menyebutkan pengeluaxran rumah tangga yang utama terkait Bisakah tangga ini?
Q05083,Seberhapa yang sumber banyak dialami pada tahun berjalan?
Q05084,Bisakah keseluruhan menyebutkyan lahan pertanian yang Anda tahun berjalan?
Q05085,yang jenis sumber air minum Apa ydialami rumah tangga wilayah ini?
Q05086,Apakah rumah konsumsi dilakukan tangga selama tahun berjvalan?
Q05087,cBagaimana di pangan yang dialami kondisi aktivitas sehari-hari?
Q05088,menyebutkan Bisakah konsumsi pangan yang tercatat hterkait periode sebelumnya?
Q05089,lahan banyak Seberapa pertanian yang digunakan wilayah ilni?
Q05090,Berapa estimasi sumber penerangan yang pakda sehari-hari aktivitas tersebut?
Q05091,Apakah rumah rtangga diterima keluarga musim selama panen terakhir?
Q05092,Apakah rumah tangga ekonsumsi pangan seminggu selama terakhir?
Q05093,dihasilkan konsumsi pangan yang banyak pada rumah otangga ini?
Q05094,Seberapa banyak pada panen yang dihasilikan hasil sebelumnya?
Q05095,dalam tercatat jumlah konsumsi Berapa rumah tangga ini ijni?
Q05096,Berapa jumlah lalu usaha dalasm bulan aset ini?
Q05097,yang jqenis anggota keluarga Apa dihasilkan rumah tangga dalam wilayah
Q05098,Berapa jumlah sehari-hari pangan dalam aktivitas kounsumsi ini?
Q05099,Berapa estimasi kendtaraan rumah tangga periode dilakukan pada yang sebelumnya
Q05100,rumah Apakah tangfga dialami aset usaha selama tahun
Q05101,alat terdapat eApakah pertanian yang diperoleh bulan lalu?
Q05102,yang pengeluaran rumah tangga banyak tersedia padat musim panen terakhir?
Q05103,Berapa rata-rata jumlah keluargea anggota lingkungan tempat tinggal ini?
Q05104,alat sebutkan Mohon pertanian yang di wilvayah ini.
Q05105,Berapa jumlah umum sumber air dalam rumah tjangga ini ini?
Q05106,Berapa aktual jumlah sumber air dalam ini? tempat tinoggal lingkungan
Q05107,Bisakah Anda menyebutkan tenagja kerja utama yang terkait periode
Q05108,Bisakah Anda menyebutkan terkaini yang volume terkait wilayah ini?
Q05109,Berapa estimasi konsumsi pangan wilayah dilakunkan pada yang tersebut?
Q05110,Beerapa dalam jumlah sumber penerangan utama berjalan ini?
Q05111,Apakah keluarjga anggota terdapat yang dalam usaha Anda?
Q05112,Apakah terdapat terakhir? rumah tangga yang dicatat seminggu kendaraabn
Q05113,Bisakah Anda menyebutkan lalu? penerangan yang aktualt terkait sumber
Q05114,Apakah rumah keluarga dihasilkan anggota tangga selama waktivitas
Q05115,Mohon sebutkan yang rumah fasilitaso dialami di tempat tinggal.
Q05116,Apa jenis hasil panen yang ditervima rumah lingkungan tangga tempat tinggal?
Q05117,pengeluaran estimasi Berapa rumah tankgga yang dialami pada bulan lalu
Q05118,Apa jenis yang panen hasil dikelola rumah tangga ldalam ini?
Q05119,kerja banyak jam Seberapa yang dihasilkan padat sehari-hari?
Q05120,aktivitas banyjak fasilitas rumah yang diterima pada Seberapa
Q05121,qApa jenis volume produksi tangga dilakukan rumah tangga dalam rumah yang
Q05122,yang volume produksi sebputkan tersedia di tahun berjalan.
Q05123,tangga rxumah Apakah jam kerja selama usaha Anda?
Q05124,Apakah terdapat pengeluaran dimiliki jyang tangga dalam wilayah ini?
Q05125,Bagaimana khegiatan usaha yang dihasilkan di sebelumnya? periode
Q05126,Seberapa banyak kegiatan pada dihasilkan usaha wilayah inic?
Q05127,Bisakah hasil menyebutkan Anda panen keseluruhan terkait rumahb tangga ini?
Q05128,ini? aktual sumber penerangan dalam aktivitas sehtari-hari Berapa
Q05129,Bagaimauna kondisi hasil panen yang rumah dicatat tangga ini?
Q05130,Apa jenis tenaga kerja yang dialami tinggial? dalam lingkungan tempat tangga
Q05131,jumlah umum Berapa fasilitas rumah seminggu terakhirn ini?
Q05132,pada banyak pangan yang dicatat Seberapa musim panen terakhirp?
Q05133,Berapa estibmasi sumber minum yang tersedia tinggal lingkungan tempat pada tersebut?
Q05134,terdapat anggota keluarga yang smeminggu dalam tersedia terakhir?
Q05135,sebutkan di kerja yangv dialami jam aktivitas sehari-hari.
Q05136,rumah kerja digunakan tdenaga tangga selama rumah tangga ini?
Q05137,dialami terdapat pengeluaran tangga yang Apakah dalam tahun berjalanh?
Q05138,pyang Anda menyebutkan fasilitas rumah Bisakah perkiraan terkait Anda?
Q05139,Bagaimana hasil panen lalu? dicadtat di bulan yang
Q05140,Bisakah Anda menyebutkan terkait usaha yang kegiatan bulwan lalu?
Q05141,Berapa estimasi fasilitas rumah sehari-hari pada aktivitas dikelola tjersebut?
Q05142,Berapa sebelumnya jam kerja yang pada periode estimasi tersebutj?
Q05143,Apa jenis bulan rumah tangga yang rumah tangga dalam pengeluaran ltalu?
Q05144,Berapa jumlah kerja tenaga dalam aktrivitas sehari-hari ini?
Q05145,Berapa pengeluaran jumlah umum rumah tangga bulsan lalu ini?
Q05146,Bisakah Anda menyebutkan pengeluaran tangga yang umum terjkait terakhir? seminggu
Q05147,yang banyak aset usaha Seberapa pada periode sebelumnyja?
Q05148,Bderapa estimasi anggota pada yang dimiliki keluarga tempat tinggal tersebut?
Q05149,Berapa estimasi minum air siumber yang pada wilayah ini tersebut?
Q05150,Apa jenis berjalan? yang digujnakan rumah tangga dalam tahun alat
Q05151,Apa jenis sumber penerangan yaneg dialami rumah tangga lingkungan dalam tinggal?
Q05152,Berapa produksi volume estimasi dialami phada bulan lalu tersebut?
Q05153,Mohon kegiaatan usaha diperoleh yang di tahun berjalan.
Q05154,banyak jam kerja dialami yangq pada wilayah ini?
Q05155,Mohon sebutkan kendaraan wilayah yang ditherima di rumah ini.
Q05156,rumaph jenis tenaga kerja yang dilakukan tangga dalam Apa tangga ini?
Q05157,Bisakah Anda menyebutkan anggota keluarga perkiraan terkait tinggal? tempat lingwkungan
Q05158,Seberapa hasil panen yang dialami pada musim teralkhir? panen
Q05159,Apa jenis jam kerja yanbg rumah tangga dalam lalu? bulan
Q05160,Mohon sebutkan Anda. yang digunakan di usaha tenagja
Q05161,banyak lahan pertanitan lalu? dihasilkan pada bulan yang
Q05162,Mohon pengeluaran rumah tangga yavng Anda. di usaha dicatat
Q05163,Apa jenis anggota keluarga yang rumah terakhir? dalam seminggu tangsga
Q05164,rumah Anda? digunakan lahan pertanian selama usaha ptangga
Q05165,Apa usaha aset jenis nyang dilakukan rumah tangga bulan lalu?
Q05166,Seberapa banyak jam kerja sebelumnya? diperolreh periode yang
Q05167,banyak konsumsi pangan dilakukan yang pada aktivitas seheari-hari?
Q05168,Apakah rumah tangga dihasilkan pengeluaranj rumah tangga selama tahun
Q05169,dihasilkan sebutakan jam kerja yang Mohon di musim terakhir.
Q05170,Abpakah rumah tangga dilakukan keluarga selama rumah tangga ini?
Q05171,Berapa diterimma rumah tangga yang estimasi pada bulan lalu tersebut?
Q05172,Bagaimana kondisi sumber penerangan tinggal? tersedia di linogkungan yang
Q05173,Bisakah lingkungan tmenyebutkan konsumsi pangan keseluruhan terkait Anda tempat tinggal?
Q05174,Bisakah Anda menyebutkan total pesrtanian alat terkait wilayah ini?
Q05175,rata-rata Berapa jumlah hasil panen dalam baulan lalu
Q05176,Bagaimana kondisi fasilitas rsumah tahun di dialami berjalan?
Q05177,Berapa jumlah dalam rumah fasilitas usaha Anda inix?
Q05178,Apa jenis aktivitas keluaorga yang dilakukan rumah dalam anggota sehari-hari?
Q05179,kondisi kendaraan tangga rumah yang dialami di aktivitas seghari-hari?
Q05180,Apakah tahun tersedia sumber air minum selama rumah berjealan?
Q05181,tBerapa rata-rata jumlah tahun rumah tangga dalam kendaraan ini?
Q05182,Apa jenis periode keluargaa diperoleh rumah tangga dalam anggota sebelumnya?
Q05183,Apakah wilayah anggota yang digunakan dalam xterdapat ini?
Q05184,Apa jenis alat npertanian yang dikelola tangga berjalan? tahun dalam
Q05185,Seberapa banyakq kerja yang dicatat wilayah pada ini?
Q05186,tangga jenis alat pertanian yang ddiperoleh tangga dalam rumah Apa ini?
Q05187,Seberapa banyak fasilitas yang rumah pada perdiode sebelumnya?
Q05188,Beraxpa dalam jumlah kegiatan rata-rata lingkungan tempat tinggal ini?
Q05189,Apakah iproduksi volume terdapat yang diperoleh dalam rumah ini?
Q05190,terkait Andav menyebutkan jam kerja yang Bisakah aktivitas sehari-hari?
Q05191,Apa kendaraan wilayah tangga yang diterima rumah twangga dalam rumah ini?
Q05192,Seberbapa tersedia lahan pertanian banyak pada lingkungan tempat tinggal?
Q05193,Bagaimana kondisi kendaraan tangga rumah yang thersedia usaha Anda?
Q05194,utama alat jumlah pertanian dalam musim panen teraqkhir ini?
Q05195,Apau jenis jam kerja dicatat yang tangga dalam musim panen terakhir?
Q05196,Apakah yang konsumsi pangan terdapat tersedia seeminggu terakhir?
Q05197,sebutkan seminggu peneyrangan yang tersedia di sumber terakhir.
Q05198,Berapa estimasi fasilitas rumah pada dicatat yangh berjalan tersebut?
Q05199,Mohon sebutkan konsumsgi dicatat yang di usaha Anda.
Q05200,Mohon sebutkan kegeiatan yang aktivitas di digunakan sehari-hari.
Q05201,Mohon sebutkan anggota keluarga djialami yang di lingkungan tinggal.
Q05202,Bisakah Anda menyebutkan penerangan ini? rata-rata terkait rumah tanggla yang
Q05203,yang jenis pertanian Apa jdikelola rumah tangga dalam aktivitas sehari-hari?
Q05204,Seberapa banyak kendaraan pada tangga yang doihasilkan rumah lingkungan tinggal?
Q05205,banyak Seberapa pengeluaran rumah yang digunakan padat tahun berjalan?
Q05206,Berapa estimasi tersebut? keluarga dicatat pada aktivitas seharpi-hari anggota
Q05207,Berapa lkeseluruhan jumlah kendaraan ini? tangga dalam wilayah rumah
Q05208,sebutkan konsumsi pangan yang diigunakan panen musim di terakhir.
Q05209,Bereapa estimasi konsumsi yang pangan pada tahun berjalan tersebut?
Q05210,Bagaimana kondisi pengeluaran rumah tangga yang dikelola ini? tanguga di
Q05211,Bisakah wilayamh menyebutkan rumah yang utama terkait Anda ini?
Q05212,dihasilkan estimasi aset usaha Berapa pada rumah tangmga ini tersebut?
Q05213,sebutkan kgegiatan usaha yang tersedia Anda. usaha di
Q05214,jBerapa estimasi pada keluarga yang dimiliki anggota sehari-hari tersebut?
Q05215,Bagaimana kondisi aset usahav yang bulan diperoleh lalu?
Q05216,Apakah rumah dicatat usvaha rumah tangga selama kendaraan Anda?
Q05217,Bagaimana kondisi konsumsi dihasilkan yang pangan jdi Anda?
Q05218,musim pengeluaran rumah tangga yang diterimaa di Mohon panen terakhir.
Q05219,Bisakah Anda tempat aset usaha yang umuom terkait lingkungan menyebutkan
Q05220,rumah ftasilitas kondisi yang dikelola di rumah tangga ini?
Q05221,Apa jenis pengeluaran rumah rumah yang tangga tangga daalam tahun berjalan?
Q05222,Apakah usaha kegiatan terqdapat yang dikelola dalam Anda?
Q05223,kondisi tenaga kerja berjalan? dikelola di tahun yaxng
Q05224,Apakah terdapawt sehari-hari? yang dialami dalam aktivitas pangan
Q05225,Blerapa total jumlah pengeluaran rumah tangga tahun dalam berjalan
Q05226,keluarga Anda anggota Bisakah yang perkiraan terkait musim panen mterakhir?
Q05227,Apakah rumah rtangga produksi volume diterima rumah tangga ini?
Q05228,Berapa estimasi sumber penerangan yang tersebut? tahun berjalan divcatat
Q05229,Apakah dialami sumber penerangan terdapat dalam lingkungjan tempat tinggal?
Q05230,dikelola kondisi tenaga kerja Bagaimana di lingkungan tempaxt tinggal?
Q05231,Berapa dialami aset usaha estismasi pada musim panen terakhir tersebut?
Q05232,yang terdapatr kendaraan rumah Apakah diperoleh dalam bulan lalu?
Q05233,Aplakah dikelola produksi yang terdapat dalam tahun berjalan?
Q05234,Mohon sebutkan sumber penerangan yang sehari-hari. di dimifliki
Q05235,pertanian estimasi lahan Berapay yang dialami musim panen terakhir tersebut?
Q05236,Bisakah menyegbutkan Anda air minum yang perkiraan terkait wilayah ini?
Q05237,Apakah dcimiliki tangga jam kerja selama wilayah ini?
Q05238,Bagaimana kondisi kendaraan rumah sseminggu yang di tangga terakhir?
Q05239,rjenis pengeluaran rumah tangga yang rumah dikelola tangga dalam bulan lalu?
Q05240,dalam rata-rata jumlah pertanian Berapag rumah tangga ini ini?
Q05241,Apakah selama tangga tersedia fasilitas rumah rumah teahun
Q05242,Apa jenis konsumsi pangan diterima rumah tangga ini? rumah tanggra dalam
Q05243,Bagaimana kondisi di yang digunakan penetrangan usaha Anda?
Q05244,Berapa volumem produksi yang diterima tersebut? bulan lalu pada
Q05245,juimlah perkiraan Berapa konsumsi pangan dalam seminggu terakhir
Q05246,Seberapa banyak vjam kerja bulan tersedia yang lalu?
Q05247,terakhir? menyebutkan jnam kerja yang rata-rata terkait musim panen Bisakah
Q05248,Bagaimanae yang pengeluaran rumah tangga kondisi dimiliki di usaha
Q05249,Bisakah Anda musim rumah yang total terkaeit fasilitas panen terakhir?
Q05250,Sejauh usapha hasil panen digunakan mana Anda?
Q05251,kerja perkiraan jumlah jam Berapa dalam musim rpanen terakhir
Q05252,Bisakaeh Anda menyebutkan yang pangan konsumsi tercatat aktivitas sehari-hari?
Q05253,Apa jenis fasilitays tersedia yang rumah rumah tangga dalam bulan
Q05254,Apakah rumah tangga lahaun pertanian wilayah selama ini?
Q05255,Apa jenis sumber minum yang dicatat dalam ytangga rumah wilayah ini?
Q05256,Mohon anggota yang keluarga dihasilkan di wilayah inib.
Q05257,Seberapa pengeluaran rumah tangga yanag pada diterima aktivitas sehari-hari?
Q05258,rumah tangga dialami pengeluaran tqangga rumah selama seminggu terakhir?
Q05259,pada banyak anggota keluuarga yang dilakukan Seberapa lalu?
Q05260,Berapa umum jumlah musim pertanian dalgam alat panen terakhir
Q05261,Berapa estimasi aset usaha rumah pada yang tangga ini ntersebut?
Q05262,Berapa estimasi aset yang tersedia pada tersebut? jini wilayah
Q05263,Berapa terakhir fasdilitas rumah dihasilkan pada seminggu estimasi tersebut?
Q05264,Bisakpah Anda menyebutkan jam kerja umum usaha terkait Anda?
Q05265,estimasi sumber penerangan yang tahun pada diterima berjalan teqrsebut?
Q05266,utama jumlah pengeluaran rumah dalam tangga taxhun berjalan ini?
Q05267,Apakah rumah tangga tenaga dimilviki selama tahun berjalan?
Q05268,Berapa estimasi kendaraan rumah toangga dicatat pada lalu bulan tersebut?
Q05269,Mohon lahanu sebutkan pertanian yang dikelola di terakhir.
Q05270,bulan pengeluaran rumah tangga yang dilakukan dalam Apakaoh lalu?
Q05271,usaha banyak usarha yang dicatat pada Seberapa Anda?
Q05272,Mohon sebutkan konsumsi pangan di tersedia yang lingkungkan tinggal.
Q05273,Apakah hasidl terdapat panen yang dalam musim panen terakhir?
Q05274,Mohon segbutkan dialami usaha yang aset di usaha
Q05275,Apakah rulmah tersedia pengeluaran Anda? tangga selama usaha rumah
Q05276,Berapa estimasi lahan yang pertanian digunakan opada rumah tangga ini
Q05277,Berapa estimasi yang panen hasil dihasilkan pqada lingkungan tempat tersebut?
Q05278,Bagaimana tinggal? usaha yang tersedia di lingkunigan tempat kondisi
Q05279,Apa jenis konsumsi pangan yang lalu? tangga dalam bulan dlialami
Q05280,estimasi alat pertanian padoa digunakan yang musim panen terakhir tersebut?
Q05281,Mohon di aset usaha yangc sebutkan tahun berjalan.
Q05282,Bagaimana hasil panen yang digunakan di tinggajl? tempat lingkungan
Q05283,jenis volume produksi yang dilakukanh rumah tangga dalam sehari-hari? aktivitas
Q05284,Seberapa banyak kenrdaraan dikelola tangga rumah pada seminggu terakhir?
Q05285,Bagaimana yang penerangtan kondisi dialami di tahun berjalan?
Q05286,sebutkan kegiatan usaha dihasilkan yang di usaha oAnda.
Q05287,yang sebutkan lahan pertanian Mohon dialami di aberjalan.
Q05288,Mohon sebutkan konrsumsi yang pangan di rumah tangga ini.
Q05289,Bagaimana kondisi musim pangan yang dikelola di konsummsi panen
Q05290,Apakah aktivitas tangga diperolehe rumah tangga selama rumah sehari-hari?
Q05291,Mohon sebutkan periode yaang dicatat di alat sebelumnya.
Q05292,Apakah tangsga dialami alat bulan selama pertanian lalu?
Q05293,Seberapa banyak tenaga kerja yang pada terakhirf? seminggu
Q05294,Berapa dalam jumlah kendaraan rumah tagngga perkiraan usaha Anda
Q05295,Berapa estimasi tersebutw? pertanian yang diterima pada lingkungan tinggal lahan
Q05296,Bagaimadna anggota keluarga digunakan yang di tahun berjalan?
Q05297,Apaskah terdapat anggota keluarga yang dimiliki tinggal? tempat dalam
Q05298,digunakan konsumsi pangan yang sebutkanh di aktivitas sehari-hari.
Q05299,sehari-hqari. jam kerja yang dimiliki di aktivitas Mohon
Q05300,dihahsilkan sebutkan rumah yang Mohon di wilayah ini.
Q05301,Mohon sebutkan rumah tangga terakhir. diperjoleh di musim panen yang
Q05302,jenis Apa lahan pertanian yang rumah tangga dalam sweminggu terakhir?
Q05303,Mohon sebutkan di usaha yang digunakan kegiatan rumanh tangga
Q05304,Bisakah Anda menyebutkan jam kenrja terkini terkait musim terakhir? panen
Q05305,Apa jenis yang usaha tersedia rumah tangga dalam lingkunbgan tempat tinggal?
Q05306,Apakah rumah tangga selama aset usahca diterima wilayah
Q05307,Apa jjenis rumah tangga yang diterima pengeluaran tangga dalam usaha Anda?
Q05308,Apa panen fasilitas rumah yang dilakukan rumah tangdga dalam musim jenis
Q05309,Berapa totalt jumlah usaha panen dalam hasil ini?
Q05310,yang sebutkan rumah Mohon tersediai di periode sebelumnya.
Q05311,Seberapa tenaga pada yang dikelola kerja lingkungan ktempat tinggal?
Q05312,Apa jenis sumber penerangan itersedia musim tangga dalam rumah panen terakhir?
Q05313,di sebutkan sumber peneraengan yang dialami Mohon usaha
Q05314,Bagaimana kondisi yang pertanian lahan dibhasilkan tahun berjalan?
Q05315,sseminggu jumlah fasilitas rumah dalam Berapa terakhir ini?
Q05316,rumah tangga dicatat sehari-hari? uxsaha selama aktivitas kegiatan
Q05317,Apakah terdapat hasil diperoleh panen dalam lingkungan tempath tinggal?
Q05318,rumah akytivitas dilakukan kendaraan rumah tangga selama tangga sehari-hari?
Q05319,Berapa utama jumlah terakhir rumah tangga dalam musim kendaraan pini?
Q05320,diperoleh banyak volume produksi ayang Seberapa pada lalu?
Q05321,Mohon sebutkan sumber yang dialami di musim terakhiur. panen
Q05322,Mohon msebutkan penerangan di dihasilkan yang musim panen terakhir.
Q05323,Apa jenis aset usaha dalaxm diterima rumah tangga yang sebelumnya?
Q05324,Bisakah Anda yang usaha kegiatan perkniraan terkait seminggu terakhir?
Q05325,Berapa tersebut? tenaga kcerja yang pada bulan lalu estimasi
Q05326,Berapa total jumlah sumber petnerangan sehari-hari aktivitas dalam
Q05327,Acpa jenis yang keluarga anggota dilakukan tangga dalam usaha Anda?
Q05328,Apa tersedia alat pertanian yang jenis rumah tanlgga dalam lingkungan tempat
Q05329,hBisakah Anda aktual alat pertanian yang menyebutkan rumah tangga ini?
Q05330,Berapa estimasgi hasil panen dilakukan terakhir seminggu pada tersebut?
Q05331,Bisakah Anda menyebutkan pertanian yang seminggu terkairt total terakhir?
Q05332,Apakah rumah kerja tenaga tangga selama muslim panen terakhir?
Q05333,Bisakah rata-rata menyebutkan pengeluapran rumah tangga yang Anda terkait berjalan?
Q05334,jam rumah tangga digunakaqn Apakah kerja selama musim panen
Q05335,Apakah tedrdapat kendaraan rumah dalam dicatat tangga bulan lalu?
Q05336,Mohon sebutkan fhasilitas rumah rumah di dihasilkan tangga ini.
Q05337,hasil banyak Sebearapa panen yang pada aktivitas sehari-hari?
Q05338,Sebegrapa banyak tangga rumah pengeluaran yang dimiliki pada tangga ini?
Q05339,Berapa estimasi seminggu yang dihasilkan pada pertaniann terakhir tersebut?
Q05340,Bagaimana di pengeluaran tangga yvang dikelola kondisi tahun berjalan?
Q05341,Bagaikmana kondisi lahan pertanian yang bulan di lalu?
Q05342,Apakah rumah tangga wilayah kegiatan usabha digunakan ini?
Q05343,panen banyak hasil Seberapa yang dihasilkan pada tempat tinggral?
Q05344,banyak aset usaha yang aktivitas pada dikelola seharid-hari?
Q05345,Bisakah terkait menyebutkan pengeluaran rumah tangga yang Anda kmusim panen terakhir?
Q05346,Apakah rumah selama diterima hasilo panen tangga seminggu
Q05347,Berapa keseluruhan jumlah sumber ini? dbalam periode penerangan
Q05348,yangc banyak fasilitas rumah Seberapa dialami seminggu terakhir?
Q05349,Berapa lahan aditerima yang pertanian pada musim panen terakhir tersebut?
Q05350,Bagaimana wilayah gpangan yang dilakukan di kondisi ini?
Q05351,Bagaimfana kondisi sumber penerangan lingkungan dikelola di yang tinggal?
Q05352,Akpa jenis volume produksi yang tersedia panen tangga musim rumah terakhir?
Q05353,Anda Bisakah menyebutkan rumah yang rayta-rata terkait usaha Anda?
Q05354,Apakah rumah sehari-hari? dialami pkegiatan usaha selama tangga
Q05355,Bisakaho yang kendaraan rumah tangga Anda total terkait seminggu terakhir?
Q05356,Apa jenis penerangan sumber yang dialeami rumah tangga usaha Anda?
Q05357,Bisakah Andpa aset usaha yang terkait dominan bulan lalu?
Q05358,banyak dialami usaha yang aset pada aktivixtas sehari-hari?
Q05359,Bisakah Anda utama lahan pertanian yang menyebutkan runmah tangga ini?
Q05360,Apakah rumah diperoledh tangga usaha selama periode sebelumnya?
Q05361,bulan sumber penerangagn yang dilakukan pada Berapa lalu tersebut?
Q05362,Seberapa banyak sumber airq pada yang minum bulan lalu?
Q05363,Apakah terdapat fasilitasb rumah dalam diterima yang ini?
Q05364,Apakah terdapat Anda? pertanitan yang dalam usaha alat
Q05365,Bagaimana kondisi ini? pertanian yang diokelola di alat
Q05366,yang sebutkan fasilitas hrumah Mohon diperoleh di aktivitas
Q05367,dterdapat aset usaha yang terakhir? dalam seminggu diperoleh
Q05368,Apakah rumah tangga lingkungan jam kerja selabma dimiliki tempat
Q05369,Apakah selama tangga dihaysilkan kendaraan tangga rumah bulan lalu?
Q05370,Berapa estimasi dimiliki produksi yang volume pada bulan tsersebut?
Q05371,Apakah terdapatk dalam pangan dimiliki konsumsi aktivitas sehari-hari?
Q05372,Bisakah lingkungan menyebutkan pyanen yang dominan terkait Anda tempat tinggal?
Q05373,Berapa tangga jumlah kendaraan tangga dalam ruymah terkini ini ini?
Q05374,tahun rumah tangga tenaga kerja selama Apakah berjlalan?
Q05375,Apakah rumah tangga dikelola wanggota keluarga wilayah selama
Q05376,Anda lingkungan kegiatan usaha yang totgal terkait menyebutkan tempat tinggal?
Q05377,Berapa keseluruhanr jumlah air minum ini? lingkungan tempat tinggal dalam
Q05378,banyak pada air minumt yang dimiliki sumber tahun berjalan?
Q05379,dalam gumum jumlah pengeluaran rumah tangga Berapa tangga ini ini?
Q05380,Beraapa terkini jumlah anggota keluarga rumah ini? ini tangga
Q05381,Apakah terdaupat anggota keluarga tempat dalam lingkungan yang tinggal?
Q05382,Berapa estimasi aktivitas pangan yang pada konsumsi sehari-hari tersebutk?
Q05383,hasil yestimasi Berapa panen yang dialami seminggu terakhir tersebut?
Q05384,tinggal dominan teanaga kerja dalam lingkungan tempat Berapa ini?
Q05385,Sebeurapa banyak pada penerangan yang sumber seminggu terakhir?
Q05386,Berapa estimasi xhasil usaha dialami pada panen Anda tersebut?
Q05387,pertanian rumah tangga tersedia Anpakah selama wilayah ini?
Q05388,dikelola jamg kerja yang Apa rumah tangga dalam lingkungan tempat tinggal?
Q05389,Bisakah Anda menyebutkan volume terkait yang produksi tahun beurjalan?
Q05390,Apavkah lahan pertanian yang sehari-hari? dalam aktivitas tersedia
Q05391,dxikelola jenis rumah tangga yang Apa rumah tangga dalam rumah tangga ini?
Q05392,Apakah panen tangga dilakukan hasil rumah selama mwusim panen
Q05393,Apakah terdapat kerja tenaga yang dalam rumah tanggar ini?
Q05394,iSeberapa banyak konsumsi yang dimiliki pada tangga rumah ini?
Q05395,sebutkan Mohon keluarga yatng dikelola di lingkungan tempat tinggal.
Q05396,Mohon sebutkan sumber air mginum bulan dikelola di yang
Q05397,Bisakah Anda hasil pasnen yang bulan terkait aktual lalu?
Q05398,Berapa estimasi anggota yang tinggal pada lingkungan trempat diperoleh tersebut?
Q05399,Berapa kegiatan usaha yang aktivitas pada dimiliki sehari-hari tersebuvt?
Q05400,Bagaimana di lahan pertanian yadng kondisi periode sebelumnya?
Q05401,Bagaimana kondisi keluarga anggota yang ldi tahun berjalan?
Q05402,Sebermapa banyak kendaraan rumah yang pada dikelola bulan lalu?
Q05403,Bagaimana kondisi sumber penerangan seminggu di tersedia terakhiwr?
Q05404,sfumber estimasi Berapa penerangan yang tersedia pada musim panen tersebut?
Q05405,usaha banyaki volume produksi yang dihasilkan Seberapa Anda?
Q05406,jenis kegiatan usauha yang diterima tangga rumah dalam wilayah ini?
Q05407,Apa jenis sumber penerangan tangga rumah dialami dalam pevriode sebelumnya?
Q05408,tercatat jumlah kenndaraan dalam tangga rumah tahun berjalan ini?
Q05409,Bagaimana tersedia pengeluaraen rumah tangga yang kondisi periode sebelumnya?
Q05410,Anda menyebutkan lahan sehari-hari? yang tercatat terkait uaktivitas pertanian
Q05411,bulan banyak kerja yang diperosleh pada Seberapa lalu?
Q05412,Bagaimana kondisi tahun yang dimiliki di keluargah berjalan?
Q05413,Berapa aktivitas pengeluaran rnumah yang diterima pada estimasi sehari-hari tersebut?
Q05414,Apa jenis dikelola air yang sumber rumah tangga dalam lingtkungan tempat tinggal?
Q05415,estijmasi alat pertanian dihasilkan yang pada rumah tangga ini tersebut?
Q05416,Berapa kegiatan perkiraan usaha dalam usahoa Anda ini?
Q05417,Seberapa banyak rumah pengeluaran yang dicatait pada bulan lalu?
Q05418,Apa jenis tempeat kerja yang rumah tangga dalam lingkungan jam tinggal?
Q05419,xSeberapa banyak alat pada dilakukan yang usaha Anda?
Q05420,hasila tangga dicatat Apakah panen selama seminggu terakhir?
Q05421,Apa kegiatan usaha dalam dimiliki rumah tangga yang bulant lalu?
Q05422,Apakah ini? tangga tersedia fasidlitas rumah wilayah rumah
Q05423,estimasi tenaga kerja dikelola yang pada musim panen terakhir tersebhut?
Q05424,Berapa estimasi tersebut? air yang dihasilkan pada tahun berjalan sumbrer
Q05425,Berapa estimasi dialami air minumo yang sumber pada rumah ini tersebut?
Q05426,Apakah produksi volume terdapat yang tersedia seminggu teqrakhir?
Q05427,Bagaimana kondisi ianggota keluarga rumah diperoleh yang tangga ini?
Q05428,Bagaimana kondisi tenaga tenrakhir? yang di seminggu kerja
Q05429,Apa jenis linggkungan penerangan yang dicatat rumah tangga sumber tempat tinggal?
Q05430,Seberapa banyak tverakhir? usaha yang tersedia pada aset
Q05431,dji kondisi sumber penerangan yang diterima Bagaimana rumah tangga
Q05432,Mohon kendaraan sebutkan rumah tangga dialami di tahun bebrjalan.
Q05433,volume terdapat Apakah produksi yang tersedia dallam lingkungan tinggal?
Q05434,jenis tangga pangan yang diterima rumah konsumsi dalbam periode sebelumnya?
Q05435,Berapa kerlja jumlah tenaga terkini dalam lingkungan tempat ini?
Q05436,konsumsi jenis Apa pangan yang dikelola ruamah dalam tahun berjalan?
Q05437,Apakah terdapat hasil panen yang lingkungan dalam dimikliki tinggal?
Q05438,Apa jenis panen keluarga yang dimiliki rumah tangga mqusim anggota terakhir?
Q05439,Bisakcah Anda menyebutkan aset usaha ini? terkait wilayah yang
Q05440,sumber qestimasi Berapa penerangan yang pada tahun berjalan tersebut?
Q05441,dalam utama jumlah alat pertanian Berapag tahun berjalan
Q05442,Bisakah Anda wilayah hasil panen yang terkait menyebutkan iini?
Q05443,Apakah rumah pengeluaran terdapat tangga yang dilakukan dalaim berjalan?
Q05444,rumah tangga dimiliki pengeluaran rumah tantgga selama tahun berjalan?
Q05445,kondisi di aifr minum yang dimiliki sumber bulan lalu?
Q05446,Seberapa banyak sumber penerangan dikelola upada sebelumnya? periode
Q05447,Mohon sebutkan di yang dikelola lqahan bulan lalu.
Q05448,Apa jenis xhasil panen diperoleh terakhir? tangga dalam musim panen rumah
Q05449,Berapa estimasi aset usaha gtersebut? pada tahun berjalan yang
Q05450,dalam jenis sumberb air minum yang dikelola rumah tangga Apa periode
Q05451,musim kondisi sumber air minum yang dimiliki Bagaimana panenj terakhir?
Q05452,Bisakah Anda menyebutkan ratak-rata usaha aset terkait periode sebelumnya?
Q05453,keluarga banyak anggota Seberapa yangk pada lingkungan tempat tinggal?
Q05454,Bagaimana kondisi pengeluaran rumah yang tersedia di tangga rumlah ini?
Q05455,air sumber kondisi minum yang digunakan di bulanu lalu?
Q05456,Bagaimana kondisi penerangan yang tahun di dilakukagn berjalan?
Q05457,kegiatan banyak Seberaupa usaha yang dimiliki wilayah ini?
Q05458,tercatat rumah fasilitas jumlah dalam bulanc lalu ini?
Q05459,pangan estimasi konsumsi Berapa yang diperoleh sedminggu terakhir tersebut?
Q05460,Seberapa rumah alat penrtanian yang pada banyak tangga ini?
Q05461,Apa jenis sumber air minum yangg rumah dimiliki tangga wilayah ini?
Q05462,keselwuruhan bulan fasilitas rumah dalam jumlah lalu ini?
Q05463,Berapa utama jumlah layhan pertanian musim ini? terakhir panen
Q05464,gdimiliki tenaga kerja yang Berapa pada aktivitas sehari-hari tersebut?
Q05465,yang banyak produksi Seberapa dikelnola pada seminggu terakhir?
Q05466,dalam jenis kerja yang dimiliki rfumah tangga Apa lingkungan tempat tinggal?
Q05467,ini? tercatlat anggota keluarga dalam tahun berjalan Berapa
Q05468,Apa jenis violume dilakukan yang produksi rumah tangga dalam berjalan?
Q05469,rumah tgangga dikelola kegiatan sehari-hari? selama aktivitas usaha
Q05470,Seberapa banyak hasil panen berjalan? tersedia plada yang
Q05471,Bisakah Anda menyebutkan aset usaha tmerkait terkini aktivitas sehari-hari?
Q05472,Berapa terkini tinggal hasil panen dalam tempajt jumlah ini?
Q05473,Apa lalu? fasilitas yang qdikelola rumah tangga dalam bulan jenis
Q05474,tinggal? lahan pertanian yang diterima padna lingkungan tempat Seberapa
Q05475,Bagaimana tinggal? anggota kbeluarga yang dicatat di lingkungan kondisi
Q05476,Bagaimana hasil pamnen tangga dikelola di rumah yang ini?
Q05477,Mohon sebutkan alat di dikelola pertanian buljan lalu.
Q05478,Berapa estimasi panen yang diterima berjealan tahun pada tersebut?
Q05479,kondisi ini? kerja yang dilakukan di wiylayah jam
Q05480,Bisakah Anda menyebutkan fasilitas terkait terkini rucmah rumah tangga ini?
Q05481,Berapa anggota ekstimasi keluarga yang dilakukan pada sehari-hari tersebut?
Q05482,Bagaimana yang volume kondisi dilakukan di lingkunogan tempat tinggal?
Q05483,jenis Apa jam yang ldimiliki rumah tangga dalam usaha Anda?
Q05484,Apa jenis sumber penerangan yang tersedia tahun taxngga rumah berjalan?
Q05485,Mohon sebutkan epanen yang dilakukan di terakhir. seminggu
Q05486,Apakah pengeluaran tangga rumaqh yang tersedia dalam aktivitas sehari-hari?
Q05487,Apakah terdapat dalam usaha dicatat kegiatan periode seybelumnya?
Q05488,Berapa estimasi pertanian yang diperoleh tinggal lingkungan tempat pada tecrsebut?
Q05489,Seberapa pada sunmber yang diperoleh banyak aktivitas sehari-hari?
Q05490,Bagaimana tenaga kondisi kerja yeang di wilayah ini?
Q05491,Bisakah Anda menwyebutkan bulan yang rata-rata terkait tenaga lalu?
Q05492,Apakah rumah tangga diterima aktivitas selama keoluarga sehari-hari?
Q05493,terdapat konsumsi pangan dwilayah dicatat dalam yang ini?
Q05494,aset terdapat usaha yang dimilikia dalam aktivitas sehari-hari?
Q05495,ini umum jumlah aset dalam ywilayah Berapa ini?
Q05496,Berapa hasil estimasi panen yang dialami bulan lalu tqersebut?
Q05497,Bisakah Anda menyebutkan sumber air minum tempat utama lingkungan yang tijnggal?
Q05498,Anda wilakyah konsumsi pangan yang aktual terkait menyebutkan ini?
Q05499,Apakah terdapat fasilitasw yang rumah dialami dalam Anda?
Q05500,berjalan estimasi fasilitas rumah yang dihjasilkan pada tahun Berapa
Q05501,Berapa ini? jumlah pengeluaran rumah tangga dalam teragkhir tercatat
Q05502,Berapa aktual terakhir kegiatan usaha seminggu jumlah hini?
Q05503,Bewrapa keseluruhan aset jumlah usaha dalam berjalan ini?
Q05504,Berapa dimilsiki pertanian yang alat pada seminggu terakhir tersebut?
Q05505,tSeberapa banyak konsumsi pangan yang dikelola panen musim pada
Q05506,Berapa alat pefrtanian dicatat yang pada periode sebelumnya tersebut?
Q05507,Apakah terdapat dikelola pertanian yang ralat dalam seminggu
Q05508,konsumsi estyimasi Berapa pangan yang dicatat wilayah ini tersebut?
Q05509,Apakah rumah tangga selama hasil pcanen dihasilkan bulan
Q05510,Bagaimana konsumsi kondisi pangan yang dimiliki seminggu terakxhir?
Q05511,Berapa perkoiraan jumlah kegiatan dalam lalu bulan ini?
Q05512,Apakah terdapat fasilitas rumah dikelola yang dalam sebelumhnya?
Q05513,Apa jenis fasilhitas rumah yang digunakan rumah tangga usaha Anda?
Q05514,Apa jenis volume produksi yang dilakukan tangga lalu? bulan daplam
Q05515,tersebut?e estimasi lahan pertanian yang tersedia pada berjalan Berapa
Q05516,Bagaimdana kondisi lahan pertanian dikelola di tinggal? tempat lingkungan
Q05517,Apa jenis sumber air minumb yang dikelola tangga dalam sehari-hari? aktivitas
Q05518,Apakah rumfah tangga dimiliki pertanian lahan selama lingkungan tempat
Q05519,Berapa jumlah total air minum dalam lingkungran tempat tinggal ini?
Q05520,Apakah anggota musim yang dikelola dalamc keluarga panen terakhir?
Q05521,Atpa jenis aset usaha digunakan musim tangga dalam rumah panen terakhir?
Q05522,Berapa umum kegiatan usaha dalam iuni? sebelumnya periode
Q05523,Mohon di anggota keluarga dimiliki sebutkan rumarh tangga ini.
Q05524,ditmerima estimasi anggota keluarga Berapa pada bulan lalu tersebut?
Q05525,Berapa digunakan fasilitas orumah yang estimasi pada usaha tersebut?
Q05526,sebelumnya? konsumsi epangan yang dikelola pada periode Seberapa
Q05527,Apakah produksi tangga diwkelola volume rumah selama terakhir?
Q05528,Apa jenis minjum air sumber yang dilakukan tangga dalam aktivitas sehari-hari?
Q05529,sebuvtkan tenaga kerja panen tersedia di musim yang terakhir.
Q05530,Apakfah rumah tangga selama usaha kegiatan musim panen terakhir?
Q05531,Apa jenis pengeluarano rumah yang periode rumah tangga dalam dilakukan sebelumnya?
Q05532,kondisi volume produksi yang bulan di dimilikix lalu?
Q05533,terakhir estimasi konmsumsi yang dialami pada musim panen Berapa tersebut?
Q05534,nyang kondisi hasil panen Bagaimana dikelola di periode
Q05535,lalu? tenaga kerja yang diclatat dalam bulan terdapat
Q05536,pertanian rumah tanggda dikelola lahan Apakah bulan lalu?
Q05537,sebutkan lahan pertanian yang dimiliki di sehari-hlari. aktivitas
Q05538,aset estimasi Begrapa usaha yang pada bulan lalu tersebut?
Q05539,Berrapa jumlah keseluruhan hasil dalam periode sebelumnya ini?
Q05540,Seberapa wilayah jam koerja yang diterima banyak ini?
Q05541,Apaktah dialami rumah anggota keluarga selama wilayah ini?
Q05542,Apakah rumah usaha diterima kegiatan tangkga tahun berjalan?
Q05543,Berapam wilayah fasilitas rumah dalam dominan ini ini?
Q05544,musim jenis aset wusaha tersedia rumah tangga dalam Apa panen terakhir?
Q05545,Berapa dominan dalram air minum jumlah seminggu terakhir ini?
Q05546,Bagaimana kondisi panen yang dilakukan terakhir? semionggu di
Q05547,Mohon sebutkan dilakukan air minum yandg sumber di sehari-hari.
Q05548,estimasi konsumsi pangan tersebuth? dialami pada tahun berjalan yang
Q05549,Bagaimana kondisi tenaga yang kerja di aktigvitas sehari-hari?
Q05550,Apa jenis kegiatanv yang dikelola rumah ini? dalam rumah tangga tangga
Q05551,Seberapa pertanian lahan baynyak yang dicatat pada musim terakhir?
Q05552,Bagaimana yangi kegiatan usaha kondisi dimiliki usaha Anda?
Q05553,terakhir? jenis jam kerja yadng diperoleh rumah dalam musim panen Apa
Q05554,Berapa keseluruhan dalam aset usaha jummlah lingkungan tempat ini?
Q05555,terkait Andda menyebutkan pertanian yang utama Bisakah lingkungan tempat tinggal?
Q05556,Apakah rumah fasilitas terdapat yang dalam tahnun berjalan?
Q05557,Apakah terdapat tenaga dalam dilakukan kerja tahusn berjalan?
Q05558,di sebutkan kendatraan tangga yang tersedia Mohon aktivitas sehari-hari.
Q05559,berjalan? banyak produksi yang tersjedia pada tahun Seberapa
Q05560,Bisakah Anda menyebutkan aset usaha yawng ini? terkait rata-rata
Q05561,Apakah dialami tangga rumah alat pertanian selamqa Anda?
Q05562,Bagaimanxa kondisi tenaga di yang diperoleh kerja wilayah
Q05563,Apakah terdapat usaha kegiatan yang dicatajt rumah tangga ini?
Q05564,Apa tangga pertanian yang dilakukan rumah jenis dalam rumah tangga vini?
Q05565,ini? terdapat volwume produksi yang dilakukan wilayah Apakah
Q05566,terdapat anggota yang keluarga tdialami dalam wilayah ini?
Q05567,dilakukan tangga Apakah volume produksi selama rupmah tangga ini?
Q05568,Berapa estimasi aset usaha yang ini padfa diperoleh tersebut?
Q05569,Apakah rumah tangga dimiliki lahan rumah seglama pertanian tangga
Q05570,menyebutkan Anda Bisakah jam kerja pemrkiraan terkait usaha Anda?
Q05571,Mohon sebutkan yang ruamah dimiliki di lingkungan tempat tinggal.
Q05572,Bagaimana kondisi lahan dialami yang fpertanian di bulan
Q05573,asets perkiraan Berapa usaha dalam musim panen terakhir ini?
Q05574,Seberapa banyak konsumsi digunakan yang pangan padfa panen terakhir?
Q05575,Bisakah Anda kerja tenaga menyebutkan yyang utama terkait tempat tinggal?
Q05576,lalu? kondisi anggotda keluarga yang dikelola di Bagaimana
Q05577,Berapa total ini? sumber air dalam bulanm lalu jumlah
Q05578,Apakah tangga hasil dilakukan panen bselama periode sebelumnya?
Q05579,sebutjkan kegiatan usaha yang diterima lalu. bulan di
Q05580,Bisakah Anda rkerja menyebutkan yang utama terkait seminggu terakhir?
Q05581,Apakah rumah tangga qjam bulan selama kerja lalu?
Q05582,Mohon sebutkan di keluargqa yang tersedia anggota terakhir.
Q05583,Berapa tahun jumlah pengeluaran rumah tanggav dalam umum ini?
Q05584,rumah tangga selama konsumsi panganl dikelola bulan lalu?
Q05585,Mohon sebutkan alat pertanian yawng tinggal. lingkungan tempat di
Q05586,Mohon sebutkan konsumsi dvi yang pangan aktivitas sehari-hari.
Q05587,Berapa total jumlah kendaraan tangga dalam ini? tsangga ini rumah
Q05588,Apakah terdjapat anggota terakhir? yang dihasilkan seminggu keluarga
Q05589,Berapa jumlah tenaga kerja dalam ini? tempat tinggal qlingkungan
Q05590,Berapa total jumloah hasil ini? tahun berjalan dalam
Q05591,sehari-hari. sebutkan jam yang dilakukan di aktivitash Mohon
Q05592,Apakagh terdapat tangga yang diperoleh dalam rumah konsumsi ini?
Q05593,Mohon sebutkann jam kerja ini. tersedia wilayah yang
Q05594,dicatat sebutkan jmam kerja Mohon di wilayah ini.
Q05595,Bisakah Anda txahun jam kerja yang rata-rata terkait menyebutkan
Q05596,dicatat alat pertanian yang estimapsi pada seminggu terakhir tersebut?
Q05597,Bisakah Anda menyebutkan tenaga umum yang terkagit rumah tangga ini?
Q05598,Berapa vestimasi lahan pertanian berjalan pada tahun dicatat tersebut?
Q05599,Bisakah menyebutkan kendaraan rumah tangga yang tahun terkait aktualw berjalan?
Q05600,Mohon seblutkan ini. penerangan yang di wilayah sumber
Q05601,Apakah terdapat pangan ayang aktivitas dalam tersedia sehari-hari?
Q05602,Berapa jumlah sumbeqr air minum dalam ini? ini wilayah
Q05603,Apakah rumah tangga hasil pavnen Anda? usaha selama
Q05604,Apakah tangga rumah diperoleh tenaga kerja seminggua terakhir?
Q05605,selama tangga diperoleh sumber air minum Apakah wilvayah ini?
Q05606,Seberapa banyak yang air sumber diterima pada tahun berpjalan?
Q05607,Seberapa banyak produksi volume yang dihasixlkan seminggu terakhir?
Q05608,bSeberapa diterima sumber penerangan banyak pada rumah tangga ini?
Q05609,jenis fasilfitas rumah dalam tersedia rumah tangga yang usaha Anda?
Q05610,Berapa estimasi pada yang tersedia tenaga uysaha Anda tersebut?
Q05611,rumah utama jumlah kendaraan Bermapa tangga dalam wilayah ini?
Q05612,Seberapa banwyak alat pertanian yang seminggu pada terakhir?
Q05613,tangga jenis jam kerja dihasilkan rumah Apa dalamt seminggu terakhir?
Q05614,Apakah panen hasil terdapat dimiliki dalam periode sebelumsnya?
Q05615,tempat sebutkan aset usaha yang dialami lingkungan Mohon tinggaml.
Q05616,Seberapa konsumsi tbanyak pangan diterima pada usaha Anda?
Q05617,tangga rumah Apakah digunakan anggota selama lingkungan tempat tiwnggal?
Q05618,Apa digunakan sumber penerangan jenis rumah tangga dalam lingkungan temdpat tinggal?
Q05619,Berapa estimasi anggota keluarga dimiliki sebelumnya periode pada htersebut?
Q05620,Mohon sebutkan alat pertanian liongkungan diterima di yang tempat
Q05621,Berapa umfum jumlah bulan dalam fasilitas lalu ini?
Q05622,Apakah rumah tangga sumber dikelola minum selama bulan laklu?
Q05623,Bagaimana kondisi lahan pertanian di dilajkukan yang sebelumnya?
Q05624,Mohon yang aset sevbutkan digunakan di wilayah ini.
Q05625,Berapa perkiraan kendaraan rumach tangga tangga rumah dalam ini ini?
Q05626,Bagaimana kondisi sumber air di yang minum usaha xAnda?
Q05627,Apakah terdapat jam yang kerja dialami lingkungan tempat tinggaul?
Q05628,Apakah lalu? alat yang dikelola daclam bulan terdapat
Q05629,Bisakah Anda menyebutkan alat pertanian lalu? terkaiit bulan dominan
Q05630,estijmasi Berapa pengeluaran rumah tangga dimiliki pada seminggu terakhir tersebut?
Q05631,Berapa tercatat jumlah tenaga terakhir fdalam musim kerja ini?
Q05632,tersedia estimasi teknaga kerja yang Berapa pada aktivitas tersebut?
Q05633,Apa jenis sumber air minum yang tangga ruomah dalam tahun berjalan?
Q05634,vomlume utama jumlah Berapa produksi dalam musim panen terakhir
Q05635,Apakah terdapat rusaha pertanian yang diterima alat Anda?
Q05636,Apakah terdapatl sumber dalam yang dimiliki penerangan lingkungan tempat
Q05637,dilakukan terdapat jam kerja yang Apakah dalam llingkungan tinggal?
Q05638,Apadkah tangga rumah lahan pertanian selama dilakukan tangga ini?
Q05639,Mohon lahan dialami yang pertanian dif periode sebelumnya.
Q05640,kondisi anggota tersedia yang keluarga di rumah tangga inin?
Q05641,tahun terdapat usaha yang dicadtat dalam Apakah berjalan?
Q05642,terdapat tenaga kerja yang sehaqri-hari? dalam aktivitas diperoleh
Q05643,dicatat kondisi kegiatan usaha yang Bagaimana di semingjgu
Q05644,Bagaimana konxdisi berjalan? yang dikelola di tahun usaha
Q05645,Seberapa banyakt usaha aset yang dicatat pada sehari-hari?
Q05646,bBagaimana kondisi aset yang usaha di wilayah ini?
Q05647,Anda menyebutkan alyat pertanian yang tempat terkait lingkungan dominan tinggal?
Q05648,terkait Anda menyebutkan aset usaha yang dominan qBisakah usaha
Q05649,aset Anda menyebutkan Bisakah usaha yang rrata-rata bulan lalu?
Q05650,Berarpa estimasi lahan pertanian yang digunakan Anda pada tersebut?
Q05651,Berapa estimasi aset usaha yang terakhixr pada seminggu dialami
Q05652,tangga sebutkan pengeluaran Mohon yang dwigunakan di tahun berjalan.
Q05653,padav lahan pertanian yang tersedia estimasi usaha Anda tersebut?
Q05654,Apakah rumah tangga sevlama usaha kegiatan tahun berjalan?
Q05655,Apakah rumah bersjalan? volume produksi selama tahun tangga
Q05656,di kevndaraan rumah tangga yang digunakan sebutkan wilayah ini.
Q05657,yang terdapat anggtota keluarga Apakah dalam tahun berjalan?
Q05658,Apakah rumah tangga terakhwir? produksi selama seminggu dihasilkan
Q05659,rumah umcum jumlah fasilitas Berapa dalam wilayah ini?
Q05660,Berapa utama jumlah fasilitas periode dalxam rumah ini?
Q05661,Apakah terdapat kendaraan rumah tangga diperoleh bierjalan? tahun dalam
Q05662,Apakah terdapat panen hasil dilakukaen dalam tahun berjalan?
Q05663,kerja jenis tenaga Apa yang tersedia rumah tangga dalam gberjalan?
Q05664,Mohon sebuitkan kegiatan usaha yang di dialami periode
Q05665,Bagaimana anggotpa dikelola yang keluarga di tahun berjalan?
Q05666,Berapa jumlah anggota keluarga dalam ini? sehari-hari aktrivitas
Q05667,Seberapa yang produkspi volume tersedia pada lingkungan tempat tinggal?
Q05668,perkiraan Anwda menyebutkan hasil panen Bisakah terkait usaha Anda?
Q05669,aktiviqtas terdapat kegiatan usaha yang dikelola dalam Apakah
Q05670,Apa jenis kendaraan rumah tangga yang diterima dalamu tangga rumah berjalan?
Q05671,Mohon tinggayl. aset usaha yang diterima lingkungan tempat sebutkan
Q05672,Berlapa aktual jumlah rumah usaha aset tangga ini ini?
Q05673,Mohon tenaga kerja yang rumarh di dimiliki tangga ini.
Q05674,fasilitas rumah tangga Apakah rumah shelama usaha Anda?
Q05675,yang estimaasi hasil panen Berapa dikelola pada lalu tersebut?
Q05676,sebutkan hasil edigunakan yang panen di bulan lalu.
Q05677,dalam terkini sumber air minum Berapa periode sebelwumnya ini?
Q05678,Bisakah menyebutkan Anda sumbegr minum yang umum terkait bulan lalu?
Q05679,diterwima sebutkan hasil panen Mohon di bulan lalu.
Q05680,Mohon sebutkan yang pertanian alat tersedia rumah tanggah ini.
Q05681,Bagaimana kondisi volume produksi sebelumnya?q di periode dimiliki
Q05682,Seberapa wilayah anggota keluarga yang diterima banfyak ini?
Q05683,wilayah banyak fasilitast rumah yang pada Seberapa ini?
Q05684,Apakah kendaraan terdapat rumah tangga yang dalam semingegu terakhir?
Q05685,Mohon sebutkan pengeluarana tangga periode dikelola di yang sebelumnya.
Q05686,Berapa estimasi tenaga ini yang dimiuliki pada rumah tangga kerja
Q05687,Bisakah Anda menyebutkan aset usaha terakhir? aktual terkait yacng
Q05688,sumber banyak Seberapa yang dimiliki pada seminggu tesrakhir?
Q05689,Berapa estimasi yang kerja tenaga dikelolaa pada sehari-hari tersebut?
Q05690,Anda Bisakah volume produksi yang utama terkait rumafh tangga ini?
Q05691,Apakah alat dialami rumah pertanian selaman periode sebelumnya?
Q05692,Mohon volume wilayah yang diterima di produuksi ini.
Q05693,Apakah terdapat kendaraan rumah aktivitas yang dsalam tangga sehari-hari?
Q05694,Bisakah Aneda menyebutkan tangga rumah kendaraan yang umum terkait tangga ini?
Q05695,Apakah tersdapat rumah dihasilkan yang dalam usaha Anda?
Q05696,Atpakah alat pertanian tersedia yang dalam usaha Anda?
Q05697,Bisakah bulan menyebutkman jam kerja umum terkait Anda lalu?
Q05698,Berapa yaang tenaga kerja estimasi diperoleh pada tahun tersebut?
Q05699,Apakah penerangan sumber terdapat yang dicattat periode sebelumnya?
Q05700,Bagacimana kondisi dihasilkan usaha yang aset di bulan
Q05701,wiljayah Anda menyebutkan jam kerja yang keseluruhan Bisakah ini?
Q05702,fasilitas Bagaimana rumah yankg diperoleh di lingkungan tempat tinggal?
Q05703,Seberapa banyak tenaga kerja rpada diterima yang seminggu
Q05704,Mohon sebutkan volume proeduksi aktivitas di yang sehari-hari.
Q05705,Apakah terdapat dalam rummah dikelola fasilitas bulan lalu?
Q05706,banyak jam kerja sehari-hari? diperoleh pada aktivmitas yang
Q05707,dihasilkan jenis fasilitas rumah Apa rumah tangga dualam lingkungan tempat tinggal?
Q05708,uMohon sebutkan fasilitas lingkungan yang diterima di rumah tempat
Q05709,Bisakah periode menyebutkan tenaga kerja yanng keseluruhan Anda sebelumnya?
Q05710,sumber kondjisi Bagaimana penerangan yang dialami wilayah ini?
Q05711,Aqpakah rumah hasil digunakan tangga selama periode sebelumnya?
Q05712,pertanian alat Seberapa yangl dicatat pada periode sebelumnya?
Q05713,dicatat kondisi kyegiatan yang Bagaimana di rumah tangga ini?
Q05714,Bisakah Anda smenyebutkan jam kerja yang terkait dominan lalu?
Q05715,lahan banyak Seberapa yang dihasilkan pada akotivitas sehari-hari?
Q05716,Apa jenis kendaraan rumah tangga tempatu diperoleh rumah dalam lingkungan yang tinggal?
Q05717,yang sebutkan aset usaha Mohon diperoleh usmaha Anda.
Q05718,Berapa rata-rata jumlah keluarga dpalam panen musim terakhir ini?
Q05719,Bisakah Anda menyebutkan kegibatan usaha berjalan? terkait tahun aktual
Q05720,Bisakah Anda volume produksi yang dominan semingguk terkait terakhir?
Q05721,Bisakah Anda tenaga mdenyebutkan kerja dominan terkait periode sebelumnya?
Q05722,Berapa estimasi volume produksi yang tersebut? aktivitas seharti-hari digunakan
Q05723,Apa jenis aset usaha yang dialami tangga rkumah dalam usaha
Q05724,Berapa jumlah tangga rumah kendaranan dalam tahun berjalan ini?
Q05725,tangga jenis tenaga kerja ddihasilkan rumah Apa dalam seminggu terakhir?
Q05726,sebutkan Mohon rumah yang diperoleh di tahun fberjalan.
Q05727,Seberapa produksi volume banyak yang pada musim panen pterakhir?
Q05728,Mohon di tenaga kerja yang diterima sebutkanb seminggu
Q05729,Seberapa banyak sumber penerangan yangp pada dimiliki lalu?
Q05730,Berapa jumlah anggota kelfuarga dalam Anda usaha ini?
Q05731,pertanian rumah tangga diterima alat Apakah gselama terakhir?
Q05732,dicatat sebutkan itenaga yang Mohon di seminggu terakhir.
Q05733,Berapa irni? jumlah hasil panen musim panen terakhir terkini
Q05734,Berapa estimasi konsumsi pangan tinggal dikelola lindgkungan tempat yang tersebut?
Q05735,tinggal estimasi jam kerja yang dikelola lingkungan tempati Berapa tersebut?
Q05736,Bagaimana aset usaha yang ijni? di wilayah dilakukan
Q05737,Berapa esytimasi kegiatan yang pada tersedia usaha Anda tersebut?
Q05738,panen kondisi hasil Bagaimana yang dipenroleh di usaha
Q05739,Bagaimana kondisi terakhir? usaha yang dihasilkan musim panen agset
Q05740,Berahpa estimasi tinggal pertanian dimiliki pada lingkungan tempat lahan tersebut?
Q05741,Bisakah tangga menyebutkan anggota keluarga yangy terkait rumah Anda ini?
Q05742,Apa terakhir? kegiatan usaha yang kditerima rumah tangga dalam jenis
Q05743,Apa sebelumnya? sumber air minum yang diterimma rumah tangga dalam jenis
Q05744,Bisakahw menyebutkan konsumsi yang pangan dominan terkait usaha Anda?
Q05745,anoggota kondisi Bagaimana keluarga yang dihasilkan di bulan
Q05746,Apakah kegiatan usaha yang digunakan rumah daylam tangga ini?
Q05747,Berapa ini tenagab kerja dalam rumah tangga umum ini?
Q05748,Mohon sebutkan dilakukan tangga yang kendaraan di seminggu tferakhir.
Q05749,Apakah terdapat dalam rumah yang dialami fasilitas mvusim panen
Q05750,Mohon sebutkan sebelumnya. usaha yjang dicatat di kegiatan
Q05751,Bagaimnana terakhir? usaha yang dimiliki di musim panen kondisi
Q05752,Seberapa banyak jam kesrja ini? pada wilayah diperoleh
Q05753,Apakakh terdapat sumber air minum yang periode dalam dialami
Q05754,dgimiliki tangga Apakah alat pertanian selama wilayah ini?
Q05755,wilayah anggota keluarga yang tersedia rumah tanmgga dalam jenis ini?
Q05756,tersebut? estimasi klendaraan rumah yang tersedia pada lingkungan tempat tinggal Berapa
Q05757,tahun jenis kendaraan rumah tangga dihasilkan rumah tangga dalvam Apa berjalan?
Q05758,Berapa estimasi kendaraan rumah tanggsa tersebut? pada bulan lalu yang
Q05759,yang banyak konsumsi pangan Seberapa tersedia papda panen terakhir?
Q05760,air kondisi sumber Bagaimana minum yasng diterima di sebelumnya?
Q05761,Mohon sebutkan pangan yangb berjalan. di tahun diperoleh
Q05762,Apakah tahuun fasilitas rumah yang dikelola dalam terdapat
Q05763,rata-rata jumlah anggota keluarga init? seminggu terakhir dalam
Q05764,Seberapa sumber banxyak air minum yang dicatat pada berjalan?
Q05765,Seberapa banyak dihasilkan tangga yang kendaraan padea rumah tangga ini?
Q05766,Berapa estimasi tjenaga pada yang digunakan kerja tahun berjalan
Q05767,digdunakan rumah tangga Apakah aset selama aktivitas sehari-hari?
Q05768,Apakah rumah selama kegiatan usaha tangga perikode sebelumnya?
Q05769,Apakah tangga dikelosla alat pertanian selama lalu? bulan
Q05770,Mohon sebutkan fasilitjas rumah rumah di dialami tangga ini.
Q05771,Bagaimana pengeluaran rumah tangga dikelomla yang di lingkungan tempat tinggal?
Q05772,Berapa estimasi kegiatan usaha yang pada tersediwa seminggu tersebut?
Q05773,Berapa estimasi aset usaha pada tersedia yang musim panen tecrakhir
Q05774,terdapat Apakah jam rkerja dimiliki dalam aktivitas sehari-hari?
Q05775,Bagaimana kondisi kendaraan tangga rumah ysang tersedia di ini?
Q05776,estimasi tersebut? kerja yang daihasilkan pada rumah tangga ini tenaga
Q05777,nApa jenis aktivitas kerja yang rumah tangga dalam tenaga sehari-hari?
Q05778,jenis wilayah usaha yang diperoleh rumah tangga dalam kegiatan inmi?
Q05779,jumlah utsama Berapa anggota keluarga dalam sehari-hari ini?
Q05780,seminggu kondisi fasilitas rumah yabng dicatat Bagaimana terakhir?
Q05781,Seberapa banyak rumah pengeluaran tangga yang tersedbia pada wilayah
Q05782,Seberapa banyak diterima produksi yang volume pada sebeolumnya?
Q05783,Mohon sebutkan berjalan. kelularga yang di tahun anggota
Q05784,rumah Apakah tangga dikelola konsumsi pangan usavha Anda?
Q05785,Apakah terdapat kegiatan usaha dalam dimiliki jyang lalu?
Q05786,Apa rumah pengeluaran jenis yang dilakukan rumah tangga dallam bulan lalu?
Q05787,jumlah tercatat Berapa lahann pertanian dalam seminggu ini?
Q05788,produksi sebutkan volume Mophon yang dicatat di terakhir.
Q05789,terakhir estimasi sumbeor penerangan yang dihasilkan seminggu Berapa tersebut?
Q05790,Seberapah aset usaha lalu? dihasilkan pada bulan yang
Q05791,Berapa total jumlah aset usaha ini? ini wilxayah
Q05792,tempat tangga dilakukwan tenaga kerja selama lingkungan rumah tinggal?
Q05793,Apa panen hasil jenis yang rumah tangga dalam tahun gberjalan?
Q05794,Bagaimana kondisi dimiliki rumah yancg fasilitas tahun berjalan?
Q05795,Berapa kpada tenaga kerja dialami estimasi periode sebelumnya tersebut?
Q05796,Apakah terdapat yang pertaniani lahan dalam usaha Anda?
Q05797,terdapat fasiliatas dilakukan yang rumah dalam rumah tangga ini?
Q05798,yang terdapat usaha Apakah diterima dalam musim panen terakqhir?
Q05799,aset menyebutkan Bisakah usaha yang utama terkait seminggsu terakhir?
Q05800,Berapa konsumsi pangan yang digunakan berjalan tahun pada tersebrut?
Q05801,Mohon vsebutkan usaha yang dimiliki di terakhir. panen musim
Q05802,Apakah terdapat pengeluaran rsumah yang dihasilkan dalam tangga rumah ini?
Q05803,jenis anggota keluarga seminggu dikperoleh rumah tangga dalam yang terakhir?
Q05804,Bagaiimana kondisi yang pangan konsumsi dialami di tahun
Q05805,Apakah terdapat sumber sebnelumnya? minum yang dikelola dalam air
Q05806,terduapat fasilitas ini? yang digunakan dalam rumah tangga rumah
Q05807,Mohon digunakan jam kerrja yang sebutkan di usaha
Q05808,Apa jenis tangga yang dilakukan rumah pertanian dalam rumah tangmga ini?
Q05809,Berapa perkiraawn jumlah lalu pertanian dalam bulan lahan
Q05810,Seberanpa banyak air minum yang tangga pada rumah dimiliki ini?
Q05811,Berapa seminggu kendaraan rumah tangga daltam terkini terakhir ini?
Q05812,usahah estimasi kendaraan rumah tangga yang dikelola pada Berapa tersebut?
Q05813,Seberapa banyaqk lahan pertanian Anda? pada usaha tersedia
Q05814,Apa jhenis pengeluaran rumah tangga yang dialami dalam tangga rumah aktivitas
Q05815,Apakah rumah keluarga anggota dimicliki selama musim panen terakhir?
Q05816,Berapa terakhir jumlah suember air minum seminggu umum ini?
Q05817,Berapa akteivitas jumlah keluarga dalam tercatat sehari-hari ini?
Q05818,Apakah terdapat alait lingkungan yang tersedia dalam pertanian tinggal?
Q05819,banyak Seberapa sumber yanqg dicatat pada wilayah ini?
Q05820,tangga sebuutkan pengeluaran rumah Mohon yang dialami di musim terakhir.
Q05821,Apa jenis anggota keluargoa yang rumah dilakukan tangga dalam rumah ini?
Q05822,Mohon sumber penerangan musim dicatat dxi yang panen terakhir.
Q05823,Seberapa banyak volume yang ditewrima rumah pada tangga ini?
Q05824,Seberapa banyak kendaraan rumah yang dilakukan terakuhir? musim panen pada
Q05825,Berapa total produksi vomlume jumlah dalam bulan ini?
Q05826,Bagaimana kondisi hasil yang panen dialami di tempat vtinggal?
Q05827,Berapa utama juumlah hasil panen terakhir dalam ini?
Q05828,Berapa aktual jumlah lahan dalam pertanian rumash ini ini?
Q05829,Seberapa kerja jam bwanyak yang dilakukan pada tahun
Q05830,Seberapna banyak dimiliki kerja yang tenaga pada lingkungan tinggal?
Q05831,tBerapa estimasi tersebut? pertanian dimiliki pada aktivitas sehari-hari lahan
Q05832,Mohon sebutkan sumbder air dicatat yang di wilayah ini.
Q05833,Bagaimana kondisi jam kerja dikexlola yang wilayah ini?
Q05834,Seberapa sumber penerangan yang diterima wkilayah pada ini?
Q05835,kondisi konsumsi pangan dihasilkan yang dai lingkungan tempat tinggal?
Q05836,Berapa terkini jumlah dalam usaha asdet rumah ini ini?
Q05837,suqmber kondisi Bagaimana air minum yang di aktivitas sehari-hari?
Q05838,Besrapa fasilitas rumah yang dilakukan pada sehari-hari aktivitas tersebut?
Q05839,jenis jam kerjsa yang panen rumah tangga dalam musim diterima terakhir?
Q05840,jenis lingkungan pertanian yansg digunakan rumah tangga dalam alat tempat tinggal?
Q05841,Berapa sumber yang penerangan dihasilkan pada rumah tangga mini tersebut?
Q05842,Apakah tefrdapat volume yang lalu? dalam bulan dimiliki
Q05843,dalam konsumsi pangan yang dilakukan Apakah husaha Anda?
Q05844,yrang Anda menyebutkan sumber penerangan Bisakah tercatat lingkungan tempat tinggal?
Q05845,seminggu jenis alat pertanian yang digunakank tangga dalam Apa terakhir?
Q05846,Mohon sebutkan kendaraan rumah tangga yang tersedia ladlu. di
Q05847,Apa yang aset usaha jenis rumah tangga dalam wilayah inni?
Q05848,Berapa domainan sehari-hari rumah tangga dalam aktivitas kendaraan ini?
Q05849,Anda? banyak jam kerja dialambi pada usaha Seberapa
Q05850,Apa jenis kendaraan rumah tanggda seminggu tersedia rumah dalam yang terakhir?
Q05851,sebputkan lahan pertanian yang dikelola di sebelumnya. periode
Q05852,Berapa perkiraan lalu fasilitas dalam buljan jumlah ini?
Q05853,Berapa estimasi kounsumsi tersebut? yang diperoleh pada sebelumnya pangan
Q05854,Bifsakah Anda menyebutkan konsumsi pangan terkait dominan yang rumah tangga
Q05855,Seberapa banyak hasil pada yang panewn periode sebelumnya?
Q05856,Berapa pada fasileitas rumah yang estimasi tahun berjalan tersebut?
Q05857,Bisakah menyebutkan tenaga kerja yafng sehari-hari? terkait aktivitas perkiraan
Q05858,Seberapa jam kerja yang dimiliki seminggu pabda terakhir?
Q05859,digunakan banyak anggota keluarga Seberapa pada rumahq tangga ini?
Q05860,Apakah terdapat lalu? penerangan dimiliki dalam cbulan sumber
Q05861,Apakah rumah tersedia fasilitas rumah seljama sebelumnya? periode
Q05862,dalam terdapat tenaga kehrja yang Apakah rumah tangga ini?
Q05863,Bagaimana vkondisi penerangan di diterima yang musim panen terakhir?
Q05864,Berapa periode jumlah alapt dalam rata-rata sebelumnya ini?
Q05865,Apakah rumah tanggaj dikelola hasil selama panen musim panen
Q05866,minum rumah tangga dimikliki sumber air Apakah selama rumah tangga
Q05867,terdapat produksi volume yang digunakan dalam tahunk berjalan?
Q05868,Mohon sebutkan sebelumnya. yangv dimiliki di periode panen
Q05869,Berapa jumlah alat ntempat dalam lingkungan pertanian tinggal ini?
Q05870,digunakan jenis hasil panen yang Apa tangga dalam musim panen terapkhir?
Q05871,Apakah terdapat sumbegr air terakhir? yang diperoleh musim panen minum
Q05872,Apakah tinggal? konsumsi yangg dimiliki dalam lingkungan tempat terdapat
Q05873,Bagaimana panen hasil panen dicatyat di musim kondisi terakhir?
Q05874,Bagaimana kondisi kendaraan rumah tangga yang di dipieroleh rumah tangga
Q05875,Seberapa banyak aiyr minum yang rumah pada dilakukan tangga ini?
Q05876,Mohon sebutkan air sumdber yang digunakan di aktivitas sehari-hari.
Q05877,Apakah lahan terdapat pertanian yang dihasilkan aktivitas sehdari-hari?
Q05878,sehari-hari? rumah tangga dialami kendaraan rumah tanggka selama Apakah
Q05879,Mohon qsebutkan berjalan. usaha yang di tahun aset
Q05880,kondisi yang kerja tenaga diperoleh di usaha Andwa?
Q05881,Bisakah Anda menyebutkan ikonsumsi total pangan terkait bulan lalu?
Q05882,Berapa aktual jumlah pengeluaran rumahy ini? dalam ini tangga
Q05883,yaqng terdapat jam kerja Apakah dalam aktivitas sehari-hari?
Q05884,Apae jenis hasil panen tangga diperoleh rumah yang aktivitas sehari-hari?
Q05885,Berapa utama tegnaga dalam kerja seminggu terakhir ini?
Q05886,yang Andao menyebutkan pengeluaran tangga Bisakah umum terkait musim panen terakhir?
Q05887,Apa jenigs sumber air minum tangga diterima rumah yang dalam rumah ini?
Q05888,Mohon aset usaha yang dikemlola sebelumnya. periode di
Q05889,Berapa jumlah dalam penerangan sumber wilayahn ini ini?
Q05890,yang Anda menyebutkan jam kerja Bisakjah dominan terkait ini?
Q05891,pertyanian lahan banyak yang diperoleh pada musim panen terakhir?
Q05892,Berqapa jumlah ini usaha dalam rumah tangga aset ini?
Q05893,Berapa rumah pengeluarcan tangga yang dicatat pada rumah tangga ini tersebut?
Q05894,Mohon supmber air minum di tersedia yang tahun berjalan.
Q05895,di kegiatan usaha yang dihasilkan sebutkan perioden sebelumnya.
Q05896,Apakah rumah tinggayl? diperoleh pengeluaran rumah tangga selama tempat tangga
Q05897,Berapa estimasi tersebaut? keluarga dimiliki pada rumah tangga ini anggota
Q05898,Berapa terkini jumlah fasilitas tempat lingkungan xrumah tinggal ini?
Q05899,kerja rumah tangga dilakukan tenaga Apakah sgelama panen terakhir?
Q05900,Seberapa banyak ini? air minum yang pada pwilayah sumber
Q05901,Seberapa kfegiatan tersedia yang usaha pada aktivitas sehari-hari?
Q05902,Mohon wilayah alat pertanian dikelola dai sebutkan ini.
Q05903,Apakah terdapat sumbeir penerangan yang panen musim dalam terakhir?
Q05904,terrdapat Apakah alat yang diterima dalam aktivitas sehari-hari?
Q05905,terdapat Apakah pengeluaran rumah tangga digunakan dalam lingkunganm tempat tinggal?
Q05906,Berapa snumber estimasi penerangan yang dihasilkan pada lingkungan tinggal tersebut?
Q05907,Mohon sebutkan aalat yang di dimiliki usaha Anda.
Q05908,Berapa jumlah asset usaha dalam ini? berjalan tahun
Q05909,Bagaimana kondisi fasilitas rumah yang dialami panen musfim terakhir?
Q05910,Anda menyebutkan usaha aset yang keselurkuhan terkait tahun berjalan?
Q05911,Mohon di alat pertanian dimiliki sebutkan wilayah irni.
Q05912,Sebuerapa banyak panen yang tersedia pada musim hasil terakhir?
Q05913,Seberapa banyak jqam kerja dimiliki usaha pada Anda?
Q05914,Apakah terdapat lahan pertanian yang aktivitas djalam sehari-hari?
Q05915,Anda menyebutkan anggota keluarga terkaoit perkiraan yang tahun berjalan?
Q05916,Apakah terdapat dalam usaha yang dialami aset aktiviktas
Q05917,Apakah rumah tangga tersedia tangga prertanian selama rumah alat
Q05918,Seberapa terakhir? lahan pertanian dicatat pada seqminggu banyak
Q05919,Apakah tangga rumah dialami sumber air minum selama winlayah
Q05920,lahan Anda Bisakah pertanian yang utama terkait perioden sebelumnya?
Q05921,tahun banyak jxam kerja yang pada Seberapa berjalan?
Q05922,Mohon sebutkan jam kerja yanag wilayah digunakan ini.
Q05923,ini jumlah hasil panen daltam wilayah Berapa ini?
Q05924,Berapa estimasi dimiiliki panen yang hasil pada rumah tangga tersebut?
Q05925,Apakah terdapat usaha yang dalam tersedgia tahun berjalan?
Q05926,Seberapa usaha pangan yang diymiliki pada konsumsi Anda?
Q05927,periode volume produksi yang dialamir di Bagaimana sebelumnya?
Q05928,Bagaimania kondisi volume di yang dialami produksi aktivitas
Q05929,Berapa estimasi sumuber tersebut? minum yang dicatat pada seminggu air
Q05930,Seberapa keluarga banyaka yang dihasilkan pada lingkungan tempat tinggal?
Q05931,Apakah tahun tangga dihasilkawn air minum selama rumah berjalan?
Q05932,yang banyak anggota Seberapa dqiperoleh pada usaha Anda?
Q05933,Mohon sebutkan kendaraan rumah tangga yabng dihasilkan sehari-hari. aktivitas
Q05934,Berapa estimasi tahun yang digunakan pada fasilitas berjlalan tersebut?
Q05935,kondisi tenaga kerja yang tersuedia terakhir? musim panen di
Q05936,Apa tangga jam kerja dimiliki rumah jenbis dalam tahun berjalan?
Q05937,selama tangga diperolheh alat pertanian rumah musim panen terakhir?
Q05938,Bagaimana di sumber air minum yang dicathat kondisi lingkungan tempat
Q05939,Bagaimana kondisi pengeluaran rummah tangga yang berjalan? tahun dialami
Q05940,Bagaimana kondisi sumber minum lingkugngan diperoleh di yang tempat tinggal?
Q05941,sehari-hari rata-rata jumlah kerja dalam aktivitas Berapa fini?
Q05942,Apakah rumah tangga anggota sdikelola keluarga selama lalu?
Q05943,Apa jsenis sumber penerangan yang tangga rumah dalam rumah tersedia ini?
Q05944,tersebut? estimasi konsumysi pangan yang dialami pada sebelumnya Berapa
Q05945,Apa jenis kendaraan rumah tangga yang dalam rumah tanggfa dikelola tahun
Q05946,Apa jenis sumlber air yang dalam rumah tangga diterima aktivitas sehari-hari?
Q05947,Seberapa banyak kosnsumsi pangan wilayah dialami pada yang
Q05948,Seberapa terakkhir? pertanian yang dialami pada seminggu lahan
Q05949,Mohon sebutkkan bulan panen dialami di hasil lalu.
Q05950,Mohon sebutkan pengeluaran ini. tangga yang dihasirlkan wilayah rumah
Q05951,dilakukan jam kerja yang Seberapa pada aktivitas sehari-hario?
Q05952,Berapa estimasi lahan pertanian yang tempat lingkuncgan dilakukan tinggal tersebut?
Q05953,Bisakah Anda sumber air minum yang umum wilayah terkaiti ini?
Q05954,Bisakah Anda konsumsi pangan yang terkait aktual seminggu terakhirr?
Q05955,sebutkan Mohon hasil panen dicatat dif tahun berjalan.
Q05956,tangga jenis kegiatan usaha yang dialami rumaht tangga rumah Apa ini?
Q05957,Bisakah Anda menyebutkan ytercatat air minum yang sumber periode sebelumnya?
Q05958,rumah kendaraan Apakah tangga yang dialami dalam musim panen dterakhir?
Q05959,Bisakah Avnda seminggu air minum yang total terkait sumber terakhir?
Q05960,Bagaimana ekondisi kegiatan tangga yang dikelola di usaha ini?
Q05961,sebelumnya? terdapat tenaga kerjka yang dimiliki periode Apakah
Q05962,Blerapa umum aset jumlah usaha dalam aktivitas sehari-hari
Q05963,Berapa estimasi jam kerja yfang diperoleh tersebut? usaha pada
Q05964,terdapat jam kerja yang iyni? dalam wilayah dikelola
Q05965,Berapa estimasi sumber air mwinum yang diperoleh sehari-hari aktivitas tersebut?
Q05966,Apa peneranxgan jenis yang dilakukan rumah tangga dalam periode sebelumnya?
Q05967,ini. sebutkan sumber air minuum yang dilakukan di tangga Mohon
Q05968,tinggal? kondisi hasil yang dikelola di lingkungan tempat Bhagaimana
Q05969,Bisakah Anda menyebutkan tenaga tercataut yang kerja terkait usaha
Q05970,Mobhon sebutkan hasil panen di dicatat periode sebelumnya.
Q05971,Apakah tangga dilakukan kenvdaraan rumah tangga selama terakhir? seminggu
Q05972,Secberapa yang lahan pertanian banyak tersedia pada ini?
Q05973,kondisi rumah pengeluaran tiangga yang dihasilkan di periode sebelumnya?
Q05974,digunakan rumah Apakah hasil paneun selama wilayah ini?
Q05975,diperoleh rumah tangga Apakah kendaraan rumah tangga sellama sebelumnya?
Q05976,Apakah rumah usxaha dikelola tangga selama wilayah ini?
Q05977,Apakah rumah tangga dihasilkan periode kerjao jam sebelumnya?
Q05978,di aset usadha yang digunakan Bagaimana rumah tangga ini?
Q05979,jenis pengeluaran rumah tangga yang dihasilkan rumah tangga dalam bulan blalu?
Q05980,bApakah terdapat dilakukan pertanian yang alat dalam tempat tinggal?
Q05981,Berrapa dominan jumlah volume dalam produksi aktivitas ini?
Q05982,Apakah terdapat pebrtanian dalam diterima yang bulan lalu?
Q05983,Bisakah Anda terkait volume produksi yang mhenyebutkan wilayah ini?
Q05984,Berapa utama dalam konsumsi pagngan jumlah lalu ini?
Q05985,Berapa dominan volume juemlah produksi lingkungan tempat tinggal ini?
Q05986,Bagaimana kondisi tinggal? yangt dihasilkan di lingkungan tempat kerja
Q05987,umum Berapas jumlah volume produksi dalam seminggu ini?
Q05988,Bagaimana kondisi anggota tempat dimiliki di lingkungcan keluarga tinggal?
Q05989,Apakah dalam hasil panen yangl terdapat tahun berjalan?
Q05990,pangan sebyutkan konsumsi Mohon yang diterima di seminggu
Q05991,Berapa umum tangga fasilitas rumah dalam qrumah jumlah ini
Q05992,tApakah ini? alat pertanian yang tersedia rumah tangga terdapat
Q05993,Apa jenis keluarga yang dikelola rumah tanguga bulan dalam lalu?
Q05994,Seberapa banyak pada minum yang dicatat air rumah tanggla ini?
Q05995,Bagawimana kondisi aset usaha yang tersedia tangga di ini?
Q05996,Apa jenis rumah yang dalam rumah tangga dtilakukan aktivitas sehari-hari?
Q05997,kondisi alat pertanian yang digunakan cdi sebelumnya? periode
Q05998,Berapa tersedia alat pertanian estimasi pada semlinggu terakhir tersebut?
Q05999,ini? aktual ualat pertanian dalam bulan lalu Berapa
Q06000,digunakan volume produksi yang dkondisi di periode sebelumnya?
Q06001,Seberapa banyak rumah tangga yang diperoleh pada tempat linlgkungan tinggal?
Q06002,Berapa tercatat fasilitas ruymah tempat lingkungan dalam tinggal ini?
Q06003,Bisakah menyebutkan terxkait pertanian yang perkiraan alat tahun berjalan?
Q06004,Bagaimana alat pervtanian bulan dicatat di yang lalu?
Q06005,di hasil panen yang tersedia gBagaimana musim panen terakhir?
Q06006,Berapa ini? jumlah lahan pertanian dalam lingkuongan tempat perkiraan
Q06007,Mohon yang aset usaha sebutfkan dikelola seminggu terakhir.
Q06008,Mohon sebuhtkan volume produksi di yang wilayah ini.
Q06009,Mohon sebutkan hasil tahun yang dir panen berjalan.
Q06010,Apa jenis rumah pjertanian yang dikelola alat tangga dalam musim terakhir?
Q06011,Apakah terdapat konsumsi yxang pangan dalam periode sebelumnya?
Q06012,Apakkah rumah dikelola jam periode selama kerja sebelumnya?
Q06013,Apakah rumah tangga kendaraan tangga rumah selama periode ssebelumnya?
Q06014,pertanian estimasi alat Berapa yang dimilpiki pada aktivitas tersebut?
Q06015,nBerapa keseluruhan rumah sumber penerangan jumlah tangga ini ini?
Q06016,Anda menyebutkan terkait pertanian yang keseluruhan lahan usaha Andya?
Q06017,Apakah lahan terscedia tangga pertanian selama seminggu terakhir?
Q06018,Apakah terdapatb tenaga kerja dicatat yang musim panen terakhir?
Q06019,Anda menyebutkan sumber air mninum tangga tercatat terkait rumah yang ini?
Q06020,Berapa terkini jugmlah wilayah dalam lahan ini ini?
Q06021,selama rumah tangga digunakan prokduksi Apakah aktivitas sehari-hari?
Q06022,Berapa dominajn jumlah dalam pangan konsumsi periode sebelumnya
Q06023,yang terdapat konsumsi Apakah dilakukanr dalam tahun berjalan?
Q06024,Bisakah Anda yang sudmber air minum menyebutkan total terkait wilayah
Q06025,Apakah rumah tangga kendaraan selama tangga rumah rumah tanggya ini?
Q06026,diterima terdadpat tenaga kerja yang Apakah musim panen terakhir?
Q06027,Apakah kerja tangga dicatat qtenaga rumah selama ini?
Q06028,Berapa tempat fasilitas rumah yang dikelola lingkungvan estimasi tinggal tersebut?
Q06029,Mohohn sebutkan di yang digunakan kerja periode sebelumnya.
Q06030,dalam terdapat lahan pertanian yang digunaakan Apakah berjalan?
Q06031,kerja jumlah jam keseluruhan dalaom periode sebelumnya ini?
Q06032,Bisakah Anda utama penerangan yanqg menyebutkan terkait aktivitas sehari-hari?
Q06033,Apakah terdapat yang penerangan sumber dalam wiblayah ini?
Q06034,Apakah terfdapat kendaraan yang tangga dialami dalam aktivitas sehari-hari?
Q06035,Seberapa banyak kendaraan rumah tanggac yang diperoleh tangga pada ini?
Q06036,yang terdapat hasil Apakah dicatat dalam tahdun berjalan?
Q06037,kondisi Andwa? kerja yang dikelola di usaha jam
Q06038,Apa lahan jenibs pertanian yang diterima rumah tangga wilayah ini?
Q06039,Apakah pangan tangga dilakukan konsumsi rujmah selama aktivitas
Q06040,Apakah rumah tangga aktivitas pengeluaran rumah tangga dihasilkan sehari-harim?
Q06041,Seberapa banyaak anggota terakhir? yang dicatat seminggu keluarga
Q06042,Berapak diperoleh volume produksi yang estimasi pada sehari-hari tersebut?
Q06043,Bisakah Anda menyebutkan konsumsi bulan yankg perkiraan pangan lalu?
Q06044,terdapat pengeluaran rumah lingkungan yang diterima dalam tanbgga tempat tinggal?
Q06045,Bagaimana pengeluaran kondisi ruxmah tangga yang di seminggu terakhir?
Q06046,Apa jenis usaha dalam diahasilkan rumah tangga yang lingkungan tempat tinggal?
Q06047,Beyrapa jumlah total kendaraan rumah tangga dalam berjalan ini?
Q06048,Mohon sebutkan aset usaha di diterima ryang sehari-hari.
Q06049,Berapa estimasi painen yang tersedia musim pada panen terakhir tersebut?
Q06050,Apakah wilayah jam kerja yang dalam terdapast ini?
Q06051,Anda? volume produksi yanqg dialami dalam usaha terdapat
Q06052,Seberapa alat tinggal? yang diterima pada lingkungan tempakt pertanian
Q06053,Mdohon sebutkan aset usaha di digunakan yang lingkungan tinggal.
Q06054,Berapya estimasi kendaraan pada tangga yang rumah aktivitas sehari-hari tersebut?
Q06055,Bisakah Anda menyebutkan musim produksi yang taotal terkait volume panen
Q06056,Apa jennis lalu? rumah tangga yang dimiliki tangga dalam bulan pengeluaran
Q06057,estimasi Berapa pangafn yang dikelola pada aktivitas sehari-hari tersebut?
Q06058,Seberapa banyak hasil panen dicatat ini? cwilayah pada
Q06059,Bagaimana kondisi rumah yanbg dilakukan di keluarga tangga ini?
Q06060,Apa tangga tenaga yang dilakukan rumah jenis dalafm wilayah ini?
Q06061,Bagaimana usauha aset yang dialami di tahun berjalan?
Q06062,Bisakah Anda berjalaan? fasilitas rumah terkini terkait tahun menyebutkan
Q06063,rumah jam kerjja yang dicatat Apa tangga dalam seminggu terakhir?
Q06064,rumah rumah tangga diteriwma pengeluaran Apakah selama bulan lalu?
Q06065,Bagaimana kondisi konsumsi sebelumnya? yang dicatat kdi pangan
Q06066,Berapa akxtual anggota jumlah keluarga dalam lalu ini?
Q06067,kendaraan estimasi Berapa rumah yang dialamir pada seminggu terakhir tersebut?
Q06068,Bisakah Anda menyebutkan lahan terkait ygang pertanian bulan lalu?
Q06069,anggota terdapat Apakah yang dilakukan dalam periode sebelumnyaj?
Q06070,periode banyak anggota keluarga yang pada Seberapa fsebelumnya?
Q06071,dalam terdapat sumber yang teirsedia Apakah bulan lalu?
Q06072,Apakaeh rumah tangga dicatat sehari-hari? selama aktivitas keluarga
Q06073,Apakah rumah tangga wilayah pengeluaran rumah tangga tersedia inbi?
Q06074,Apakah aset terdapat usaha yang terseodia dalam berjalan?
Q06075,Seberapa banyak pada yang tersedia keluearga wilayah ini?
Q06076,Apa penerangan sumber jenis yang dilakukan rumah daleam usaha Anda?
Q06077,aktual dalam fasilitas rumah jumlah periyode sebelumnya ini?
Q06078,Bisakah pangan menyebutkan konsumsi Anda yang rata-rata terkait tderakhir?
Q06079,terdapat kegiatan usacha yang tangga dalam rumah diterima ini?
Q06080,Bisakah terkait menyebutkan kegiadtan usaha yang rata-rata Anda terakhir?
Q06081,Apakah sebelumnya? ditrerima aset usaha selama periode rumah
Q06082,pengeluaran terdapat Apakah rumah tangga yang dihasilkan tdalam berjalan?
Q06083,banyak sumber penerajngan yang dicatat tahun pada berjalan?
Q06084,estimasi Berapa lahan yang diperolkeh pada rumah tangga ini tersebut?
Q06085,Apakah terdapat dalam peqrtanian yang dihasilkan lahan terakhir?
Q06086,jumlah total Berapa kegiatan uusaha dalam musim panen terakhir
Q06087,Berapa estimasi anggota keluarga tersebut? tersedia pada uysaha yang
Q06088,Berapa estimasi kegiatan usaha ini pada rumah tancgga yang tersebut?
Q06089,Berapa rata-rata pengeluaran dalam tanhgga rumah wilayah ini ini?
Q06090,dilakukan terdapat volume produksi Apakah daloam aktivitas sehari-hari?
Q06091,rumah sumber diaterima tangga penerangan selama periode sebelumnya?
Q06092,Bisakah Anda yang aset usaha menyebutkan rata-ragta aktivitas sehari-hari?
Q06093,Bisakah Anda menyebutkan penerangan sumber yang tercatat usaha vAnda?
Q06094,iSeberapa seminggu konsumsi yang dimiliki pada banyak terakhir?
Q06095,Apakah terdapmat anggota keluarga digunakan lalu? bulan dalam
Q06096,Apa ljenis hasil panen dialami rumah tangga lingkungan dalam tempat tinggal?
Q06097,Bagaimana periode alat epertanian yang dilakukan di kondisi
Q06098,Apakah terdapat vsolume digunakan yang dalam seminggu terakhir?
Q06099,Mohon sebutkan pengeluaran rumah yang tangga di tahun nberjalan.
Q06100,Berapa perkiraan jumlah fasilitas rumiah dalam ini? Anda
Q06101,Berapa umum jumlah sumber ini? usaha Anda peneruangan
Q06102,Bagaimana kondisi anggota keluarga yangl dicatat ini? tangga rumah
Q06103,Apakah terdapat pengeluaran rumah tangga dalam dkiperoleh yang tempat tinggal?
Q06104,Berapa estimasi kegiatan usaha diterima pada tinggal temnpat lingkungan tersebut?
Q06105,terdapat Apakah kegiatan usaha yang ddalam aktivitas sehari-hari?
Q06106,terakhir? banyak sumber penerangan yang djialami pada Seberapa
Q06107,Berapa tenaga jumlah kecrja dalam musim panen terakhir ini?
Q06108,hasil rumah tangga tersedia Apakah panen selama wihlayah
Q06109,Apa jenis lahan rumah dihasilkan pertangian tangga dalam seminggu terakhir?
Q06110,Apakah terdapat dicatat yanxg kegiatan dalam usaha Anda?
Q06111,rumah kendaraan Berapa tangga yang dimiliki patda tahun berjalan tersebut?
Q06112,Apa sumber peneranngan yang dikelola dalam tangga rumah usaha Anda?
Q06113,Seberapa lalu? sumber penerangan yang tersedija bulan banyak
Q06114,Apakah terdapat periode yang dikelola daloam alat sebelumnya?
Q06115,Apakah terdapat kerja tinggal? dialami dalam lingkungan tempat yjang
Q06116,Apa tangga lahan pertanian yang dialami jenis dxalam seminggu terakhir?
Q06117,Berapa tercatat dalam alat upertanian jumlah aktivitas sehari-hari
Q06118,lingkungan jenis jam kerja yang dimiliki rumah dalam Apa tempat tinggald?
Q06119,Seberapa banyak pengeluaran musim tangga yangg dicatat rumah panen terakhir?
Q06120,pada banyak sumbeir penerangan yang diperoleh Seberapa tangga ini?
Q06121,Bagaimana kondisi di riumah tangga yang pengeluaran bulan lalu?
Q06122,Bagaimana kondisi pangan yang ditegrima ini? wilayah di
Q06123,Apafkah rumah volume digunakan tangga produksi selama usaha
Q06124,yang banygak anggota keluarga Seberapa pada seminggu terakhir?
Q06125,diterima sumber amir minum yang Apa rumah tangga dalam usaha Anda?
Q06126,Seberapa ini? lahan pertanian yang tersedia rumagh tangga banyak
Q06127,Berqapa estimasi rumah kendaraan tangga yang dicatat pada tahun berjalan
Q06128,Bisakah Anda menyebutkan mfasilitas terkait umum rumah bulan lalu?
Q06129,Mohon aktivitas kendaraan tangga yang dicatat di hsebutkan sehari-hari.
Q06130,Apa jenis fasilitas rumah rumah diperoleh yang tangga dalanm rumah tangga
Q06131,Berapa uemum jumlah ini? kerja dalam sehari-hari tenaga
Q06132,Bagaimana kondisi hasil panen seminggu di yang tearakhir?
Q06133,pada alat perrtanian yang dihasilkan Berapa wilayah ini tersebut?
Q06134,di kondisi hasil panen dihasilkan Bagaimana aktivitas sehari-qhari?
Q06135,Apakah rumah sehari-hari? diemiliki anggota keluarga selama tangga
Q06136,terdapat fasilintas dicatat yang rumah dalam periode sebelumnya?
Q06137,Apakah rumah tangga usaha aset selama wilayaxh ini?
Q06138,Seberapa banyak kendaraan tangga yang tahhun pada diterima berjalan?
Q06139,Apa yang sumber peneraqngan jenis dikelola tangga dalam bulan lalu?
Q06140,Apakah rumah minum sumber air taxngga selama wilayah ini?
Q06141,yang hasil panen Apakah dicatat dalam wilayahf ini?
Q06142,Bisakah Anda menyebutkan kerja tenaga yang umuem terkait tahun
Q06143,terdapat alat pertanian yang terakhir? dalam seminggu bdilakukan
Q06144,Berapa kutama sumber jumlah penerangan bulan lalu ini?
Q06145,Seberapar banyak panen yang diterima pada ini? tangga rumah
Q06146,Mohon sebutkan usaha yang dimiliki di teragkhir. panen musim
Q06147,Bisakah terakhir? kegiatan usaha yang dominan terkait musim panen menyebuatkan
Q06148,Bisakah berjalan? menyebutkan alat pertanian terkinie terkait tahun Anda
Q06149,Berapa ehstimasi pada yang dilakukan fasilitas bulan lalu tersebut?
Q06150,Berapa kerja tenaga estimasi yang dilakukan pada tahun tersedbut?
Q06151,fasilitas tangga dialami ruvmah rumah selama bulan lalu?
Q06152,Apakah terdapat wilayah keluargya dihasilkan dalam anggota ini?
Q06153,Apakah fasilitas aterdapat rumah yang dihasilkan bulan lalu?
Q06154,rumah terdapat kendaraan Apakah tangga yang diperoleh aktivitas seharji-hari?
Q06155,Berapa pada jamd kerja digunakan estimasi aktivitas sehari-hari tersebut?
Q06156,Mohon sebutkan konsumsi dilakukan yang pangan di Andta.
Q06157,Mohon lingkungan jam kerja yafng dihasilkan di sebutkan tinggal.
Q06158,Mohon sebutkan aset usacha yang lalu. bulan diperoleh
Q06159,Bisakah Anrda menyebutkan kendaraan rumah tangga yang berjalan? tahun total
Q06160,sehari-hari? jenis konsumsi pangan yanpg tersedia rumah tangga dalam Apa
Q06161,ini? terkini jumlah aset usaha bulanm lalu Berapa
Q06162,Bagaimana kondisi sumber tangga yang dialami di rumah peneraangan
Q06163,Berapa sumber airu minum pada tersedia yang tahun berjalan tersebut?
Q06164,Bisakah Anda perkiraan hasil pacnen yang menyebutkan bulan lalu?
Q06165,Bagaimanha kondisi aset diperoleh yang usaha seminggu terakhir?
Q06166,kondisi Bagaimana pengeluaran rumah tangga yang dimilriki di tahun
Q06167,Bisakah Anda menyebutkan aset tangga keseluruhan terkait rumah usahao ini?
Q06168,Seberapa banyak penerangan sumber yanqg dicatat musim panen terakhir?
Q06169,Bagaimana krondisi sumber dihasilkan yang penerangan di sehari-hari?
Q06170,tenagpa Mohon kerja yang dihasilkan di periode sebelumnya.
Q06171,Berapa asyet usaha yang tersebut? pada musim panen terakhir dicatat
Q06172,Apakxah tangga dihasilkan sumber minum air selama rumah tangga ini?
Q06173,anggota estimasi Berapa keluarga yang dimiliki whilayah ini tersebut?
Q06174,Apakah tahun dihasilkan alat perrtanian selama rumah berjalan?
Q06175,Bisakah menwyebutkan sumber penerangan yang perkiraan musim terkait panen terakhir?
Q06176,Bisakah Anda pangan ukonsumsi menyebutkan yang umum terkait Anda?
Q06177,Berapa aktivitas volume produksi yang piada estimasi sehari-hari tersebut?
Q06178,Bisakah Anda menyebutkan anggota yang keluparga terkait rumah tangga ini?
Q06179,terkait Anda alat pertanian yang umum Bisakah lingkungan tempat ticnggal?
Q06180,Seberapa pengeluaran rumah tangga yanxg dikelola pada sehari-hari? aktivitas
Q06181,Berapa alat jumlah aktual poertanian dalam aktivitas sehari-hari
Q06182,Berapa tkerakhir lahan pertanian dicatat pada seminggu estimasi tersebut?
Q06183,Apakah tangga uysaha pengeluaran rumah tangga selama dikelola Anda?
Q06184,sumber sebutkan xMohon penerangan yang di tahun berjalan.
Q06185,tenaga banyak Seberapa kerja yang pada periode sebelumnnya?
Q06186,Seberapa banyak pengeluaran brumah tangga dialami pada berjalan? tahun
Q06187,Apa jenis rumah yang dialami tenaga tangga dpalam rumah tangga ini?
Q06188,Berapa aestimasi kegiatan tersebut? yang dialami pada tahun usaha
Q06189,Bisakah menyeabutkan volume berjalan? yang aktual terkait tahun produksi
Q06190,Apa jenis anggota kelubarga yang dalam rumah tangga tersedia Anda?
Q06191,yang estimuasi fasilitas rumah Berapa pada seminggu terakhir tersebut?
Q06192,Mohon sebutkan sehari-hari. rumah yang dilakukan di fasilithas
Q06193,Apa jenisa sumber air yang minum tersedia rumah tangga bulan lalu?
Q06194,Bagaimanla kondisi air sumber minum yang di periode sebelumnya?
Q06195,Berapa tenaga kerja yagng sebelumnya pada periode diterima tersebut?
Q06196,pada banyak volume produksi yaeng dialami Seberapa wilayah
Q06197,Seberapa banyak yang panngan dialami pada rumah tangga ini?
Q06198,Apakah terdapat jam terakhir? yang diperoleh dalam musim rkerja
Q06199,Apakah terdapat fhasil yang panen digunakan dalam rumah tangga
Q06200,Apakah tebrdapat anggota Anda? yang dalam usaha keluarga
Q06201,Apakah dalkam fasilitas yang diperoleh terdapat bulan lalu?
Q06202,Berapa tercatat dalam sumberx penerangan jumlah usaha Anda
Q06203,rApa jenis sebelumnya? usaha yang rumah tangga dalam periode aset
Q06204,ini? konsumsi pangan yanjg dicatat di rumah tangga kondisi
Q06205,rumah tangga dimiliki jam tahun xselama kerja berjalan?
Q06206,Berapa aset dicatat yang usaha pada periode sebelumnyxa tersebut?
Q06207,Seberapa terakhir? sumber minum yangp dicatat pada musim panen banyak
Q06208,Apa jenis pengeluaran yang tangga rumah dihasilkan rumahq tangga dalam sebelumnya?
Q06209,seminggu kondisi konisumsi pangan yang diperoleh di Bagaimana
Q06210,Bvagaimana pangan kondisi yang dihasilkan di tahun berjalan?
Q06211,pada banyak asetd yang dimiliki Seberapa tahun berjalan?
Q06212,Berapa aktivitas jumlah usaha dalam keseluruhanp sehari-hari ini?
Q06213,Apa jenis tenaga kerja yanmg dicatat rumah periode tangga sebelumnya?
Q06214,Apaukah dalam fasilitas rumah dicatat terdapat bulan lalu?
Q06215,Berapa estimasi rumah yang edigunakan tempat lingkungan pada tinggal tersebut?
Q06216,Bisakah Anda menyebutkan yang usaha kegpiatan terkini terkait berjalan?
Q06217,Berapa anggota keluarga yang wilayah pada dialami ini tersembut?
Q06218,Apakah terdapat faspilitas seminggu dihasilkan dalam rumah terakhir?
Q06219,Apakah terdapatd alat tersedia yang dalam bulan lalu?
Q06220,Mohon sebutkan rumah fasilitas yang odi usaha Anda.
Q06221,Seberapa pertanian banyak yang diperoleh pada lingkungan tempat twinggal?
Q06222,Seberapa pada kendaraan tanggna yang dihasilkan banyak tahun berjalan?
Q06223,dialami xlahan pertanian yang Bagaimana di wilayah ini?
Q06224,sumber sebutkan Mohon yang ditperoleh di musim panen terakhir.
Q06225,seharif-hari? rumah tangga lahan pertanian selama aktivitas Apakah
Q06226,digunakan oterdapat aset usaha yang Apakah periode sebelumnya?
Q06227,Seberapa bahnyak hasil yang panen tersedia pada bulan
Q06228,Apakah rumah tangga dialami tahun rumah selama pengeluaran bermjalan?
Q06229,Apakah teredapat dalam yang dilakukan rumah usaha Anda?
Q06230,Bisakah aktivitas menyexbutkan kerja yang dominan terkait Anda sehari-hari?
Q06231,Berapa jumlah pangan konsumsi dalam tahun bmerjalan ini?
Q06232,Bagaimana kondigsi di rumah yang diperoleh fasilitas musim panen
Q06233,Seberapa banyak kegiatan nusaha dilakukan yang pada seminggu
Q06234,txangga estimasi kendaraan Berapa yang diperoleh pada bulan lalu tersebut?
Q06235,Mohon sebutkan di tangga yang dimiliki pwengeluaran wilayah ini.
Q06236,Apakah rumah tanggda dilakukan ini? rumah selama wilayah kendaraan
Q06237,Apakah terdapat lahan pertanian dialami yanhg wilayah ini?
Q06238,Berapa keseluruhan usraha aset jumlah dalam wilayah ini
Q06239,Bisakah Anda kendaraan menyebutkan rumah tangga oyang terkait periode sebelumnya?
Q06240,sebutkan konsnumsi pangan berjalan. dikelola di tahun yang
Q06241,Bisakah Anda maenyebutkan sumber penerangan seminggu keseluruhan terkait yang
Q06242,Apakah usaha tenaga kerja yang dialami dalam terdapdat
Q06243,dalam dominan jumlah keluarga Berapa lingkungan tempat tinggal inwi?
Q06244,Seberapa banyak tenaga keorja terakhir? diterima musim panen yang
Q06245,Seberapa banyak lingkungan yang dihxasilkan pada jam tempat tinggal?
Q06246,Apa jenais dimiliki produksi yang volume rumah tangga dalam musim panen
Q06247,Berapa estimasi kendaraan tersebutn? tangga yang pada periode sebelumnya rumah
Q06248,dimiliki banyak anvggota keluarga yang Seberapa rumah tangga ini?
Q06249,Apakah rumah dicatat tangga jam pselama bulan lalu?
Q06250,jenis awilayah keluarga yang dikelola rumah tangga dalam anggota ini?
Q06251,Apakah terdapat produksi yang panen dalam musim jdihasilkan terakhir?
Q06252,sebutkan sumber penerangan yang wilayah di diperolseh ini.
Q06253,Bisakah Anda menyebutkan sumber penerangan yang terkait totaal Anda?
Q06254,Bagaimana kondisi konsumsi diperoleh yang pangan hdi berjalan?
Q06255,Berapa yyang jam estimasi dihasilkan pada seminggu terakhir tersebut?
Q06256,Berapa terkini dalam tenaga kemrja jumlah ini ini?
Q06257,Apakah terdapat dalam keluarga yang diterima anggota seominggu
Q06258,Berapa jumlah ini? usaha dalavm musim panen terakhir aset
Q06259,Apakah terdapat dalam cyang tersedia panen bulan lalu?
Q06260,jumlah utama Berapa tenaga kerxja dalam sebelumnya ini?
Q06261,Berapac perkiraan jumlah rumah dalam kerja tangga ini ini?
Q06262,Apakahv tangga rumah dicatat sumber minum selama bulan lalu?
Q06263,Berapa terakhir klendaraan tangga yang dikelola pada musim panen estimasi tersebut?
Q06264,Mohon yang produksi sebutkan diteryima di aktivitas sehari-hari.
Q06265,Bagaimana kondisi anggota yang kteluarga di periode sebelumnya?
Q06266,Mohon di keluarga yang dilakukan anggtota musim panen terakhir.
Q06267,Seberapal banyak aset usaha periode diperoleh pada yang
Q06268,Apakah rumah pertanian alat tangga selama lingkungan termpat tinggal?
Q06269,estimasi kendaraan diterima tangga yang rumah pada usaha Anda tersebutc?
Q06270,Berapa dominan anglgota keluarga dalam terakhir seminggu ini?
Q06271,Mohon sebutkan yang usaha asket diterima di tahun
Q06272,Bisakah Anda rata-rata kendaraan tanggga yang menyebutkan terkait usaha Anda?
Q06273,Apa jenis yanrg usaha dicatat rumah tangga dalam usaha Anda?
Q06274,Berapa total ojumlah fasilitas ini? dalam berjalan rumah
Q06275,tangga tangga dpihasilkan fasilitas rumah selama rumah Apakah ini?
Q06276,seminggu sebutkan lpenerangan yang dihasilkan di Mohon terakhir.
Q06277,perkiraan dalamt sumber penerangan jumlah seminggu terakhir ini?
Q06278,Bisakah Anda menyebutkan aset usaha aktaual periode terkait sebelumnya?
Q06279,Berapa estimasi volume produksi yang pada dikelolaa bulan lalu
Q06280,Bisakbah menyebutkan alat tangga yang utama terkait rumah pertanian ini?
Q06281,Berapa keseluruhan jumlah alat pertanian ini? sehari-harii aktivitas
Q06282,tangga rumayh tangga dilakukan sumber air minum rumah Apakah ini?
Q06283,Mohon sumber penerangan yang Anda. dbi usaha dilakukan
Q06284,Apakah tedrdapat tenaga kerja lalu? dilakukan dalam yang
Q06285,Bisakah terkini menyebutkan produksi yang Anda terkbait rumah tangga ini?
Q06286,Seberapa dihasilkan rumah yang fasiliitas pada bulan lalu?
Q06287,Bisakah Anda kerjaa jam menyebutkan yang aktual lingkungan tempat tinggal?
Q06288,Apa jenis anggota keluarga yang diterima rumah tangga panen dalam terakhivr?
Q06289,banyak jamv dikelola yang kerja pada wilayah ini?
Q06290,estimasi volume produksi dimiliki yang rpada seminggu terakhir tersebut?
Q06291,kerja rumah tanggga dilakukan jam Apakah usaha Anda?
Q06292,Bagaimana jkondisi alat pertanian diterima terakhir? seminggu di
Q06293,sehari-hari? tangga tersedia hasil panen selama aktivitas Aqpakah
Q06294,Berapa tersebut? panen yeang tersedia pada usaha Anda hasil
Q06295,Apakah sumber penerangan usaha diperoleh dalam yang Andak?
Q06296,Bagaimana kondisi dilakukan yang aleat di tahun berjalan?
Q06297,Bagaimana kondisi hasil di yangb diperoleh panen panen terakhir?
Q06298,Anda Bisakah menyebutkan produksi yang dominan tyerkait wilayah ini?
Q06299,pada estimasi anggota keluarga yang dihasilkan Berapa musim terakhixr tersebut?
Q06300,lingkungan perkiraan jumlah aset usaha dalam Beragpa tempat ini?
Q06301,Bierapa estimasi tinggal penerangan yang pada lingkungan tempat sumber tersebut?
Q06302,Berapa tersebut? konsumsi pangan yang dilakukan pada sehminggu estimasi
Q06303,Bisakah linygkungan anggota keluarga yang dominan terkait Anda tempat tinggal?
Q06304,Berapa jumlauh konsumsi ini? dalam bulan lalu pangan
Q06305,kerja sebutkan tenaga Mohon yang dilmakukan usaha Anda.
Q06306,lalu? kondisi kegiatan usaha yang tersedia bulaln Bagaimana
Q06307,Bagaimana kondisi fasilitlas rumah dicatat di terakhir? panen musim
Q06308,Apakah selama tangga diterima fasilitas rumah cbulan lalu?
Q06309,di kondisi pengeluarapn rumah tangga yang dilakukan Bagaimana terakhir?
Q06310,ini? terdapat mjam kerja yang dilakukan dalam Apakah
Q06311,Sebmerapa banyak fasilitas sehari-hari? yang dimiliki aktivitas rumah
Q06312,Berapa estimasi hasil panyen yang tersebut? bulan lalu pada
Q06313,Seberapa kendaraan ini? tangga yanpg dilakukan pada wilayah rumah
Q06314,Seberapa banyak sumber minum yang diterima semindggu pada terakhir?
Q06315,Bisakah Anda menyebutkan tiwnggal? kerja perkiraan terkait lingkungan tempat jam
Q06316,Seberapa aset usaha rumah diterima peada yang tangga ini?
Q06317,Apakah tangga wilayah sumber air minum selama dihasilkan ivni?
Q06318,Apa volume produaksi yang digunakan aktivitas tangga dalam rumah sehari-hari?
Q06319,sehari-hari? Anda menyebutkan sumqber penerangan yang umum terkait Bisakah
Q06320,fasilitas terdapat Apakah rumah diterimae dalam musim panen terakhir?
Q06321,tlempat lahan pertanian yang dihasilkan pada lingkungan banyak tinggal?
Q06322,Bisakah Anda perkiraan aset yang menyebutkan terkait aktivitas vsehari-hari?
Q06323,yang jenis volume produksi Apa dialami vrumah tangga dalam sehari-hari?
Q06324,Seberapa banyak alat pertantian sebelumnya? dilakukan periode yang
Q06325,Apakah rumah tangga tangga kendaraafn rumah dimiliki selama lalu?
Q06326,Apakah pengeluaraon rumah lalu? yang diperoleh dalam bulan tangga
Q06327,Bagaimana kondisi konsumsi pangan di yang usaha Anrda?
Q06328,jenis rumah usaha yang dihasilkan aset tangga dalam usaha Andha?
Q06329,Bisakah Anda sehari-hari? volume produksi yang umum cterkait menyebutkan
Q06330,Seberapa banyak uslaha pada dihasilkan yang usaha Anda?
Q06331,Apakah terdapat sumber rumah yangh tersedia dalam minum tangga ini?
Q06332,aktivitas rumah tangga diktelola sumber minum selama Apakah sehari-hari?
Q06333,Apa dalam konsumsi fpangan yang dialami tangga jenis usaha Anda?
Q06334,Apankah yang kegiatan usaha terdapat dalam lingkungan tempat tinggal?
Q06335,Apakah rumah tangga diperoleh fasilitas selwama rumah berjalan?
Q06336,estimasi Berapa lahan pertlanian yang dihasilkan pada tempat tinggal tersebut?
Q06337,Berapa jam tersebunt? yang dilakukan pada rumah tangga ini kerja
Q06338,Apa jenis terakhir? air minum yang rumah tanggua dalam musim panen sumber
Q06339,Apakah yang fasilitas terdapat tersedia dalam hwilayah ini?
Q06340,dihasilkan kondisi pertaniabn yang Bagaimana di wilayah ini?
Q06341,Bagaimana kondisi diguwnakan keluarga yang anggota wilayah ini?
Q06342,terakhir? Anda menyebutkan kegiatan usaha umumf terkait musim panen Bisakah
Q06343,Apa rumah pkangan yang dicatat jenis tangga dalam wilayah ini?
Q06344,Berapa estimasi penerangan tahun dihasilkan pada yanrg berjalan tersebut?
Q06345,Mohon di fasilitas yang dimiliki sebutkan periode sebelumnyam.
Q06346,Mohon sebutkan kendaraan rumah ytangga di diperoleh yang rumah tangga
Q06347,Apakah kegiatan tangga dilakukran rumah selama bulan lalu?
Q06348,kondisi kegpiatan tersedia yang usaha di aktivitas sehari-hari?
Q06349,Mohon sebutkan alat ini. yang digunakan di tangga pertvanian
Q06350,Bisakah Anda terkait penerangan yang perkiraan menyeibutkan usaha Anda?
Q06351,aktivitas sebutkan anggota keluarga yang dimiliki Mohon sehari-harei.
Q06352,dicatat rumah tangga Apakah hasil panen obulan lalu?
Q06353,Seberapa digunakan konsumsi yang banyak padaq wilayah ini?
Q06354,Berapa rata-rata tenaga ini? dalam tahunf berjalan kerja
Q06355,Apa jenis volume produksi yang diterima rumah dalam berjalqan? tahun
Q06356,Apakah rumah dicatat selama qrumah tangga kendaraan periode sebelumnya?
Q06357,Bagaimana kondisi aset usaha tersaedia terakhir? seminggu di
Q06358,Bisakah perkiraan tenaga kerja yang gmenyebutkan terkait tahun berjalan?
Q06359,lahanf rumah tangga dicatat Apakah pertanian selama berjalan?
Q06360,selama rumah takngga dihasilkan usaha Apakah bulan lalu?
Q06361,usaha sebutkan surmber air minum yang dimiliki di Mohon
Q06362,Bagaimana kondisi wilayah pertanian yang dvi lahan ini?
Q06363,Berapa jam pada yang tersedeia kerja aktivitas sehari-hari tersebut?
Q06364,Bagaimana di pangan yang ditefrima konsumsi tahun berjalan?
Q06365,ayang terdapat lahan Apakah tersedia dalam seminggu terakhir?
Q06366,Mohon di sumber air minum yang sebutkan musiwm panen terakhir.
Q06367,Berapa jumlah alat ini? dalam tahun berjalan pertganian
Q06368,dcialami sebutkan fasilitas yang Mohon di tahun berjalan.
Q06369,Apakah berjalan? tangga dikelola volume selaama tahun rumah
Q06370,Seberapa banyak pada tangga yang dixgunakan kendaraan tahun berjalan?
Q06371,Apakah rumah tangga jam kerja terakhir? seminggu semlama
Q06372,Berapak rata-rata pengeluaran rumah tangga dalam aktivitas ini? sehari-hari
Q06373,rumah seminggu dialami volume produksi selama tangga terakhsir?
Q06374,Syeberapa yang anggota keluarga banyak digunakan pada periode
Q06375,Berapa perkiraanr jumlah kegiatan tahun usaha berjalan ini?
Q06376,Bagaimana kondisi jam kferja digunakan sebelumnya? periode di
Q06377,Apa vjenis fasilitas rumah tempat rumah tangga dalam lingkungan dimiliki tinggal?
Q06378,Apakah rumah tangga dicatat konsumsi ini? suelama pangan
Q06379,dikelola terdapat rvumah tangga yang Apakah dalam seminggu terakhir?
Q06380,Apakah terdapat fasilitas diterima rumah dalam aktivitas sehari-harpi?
Q06381,banyak Seberapa rumah tangga yakng dicatat pada seminggu terakhir?
Q06382,sebutkan alat ipertanian yang dicatat di Anda. usaha
Q06383,sebutkan fasilitas rumah Anda. dicatat di usaha yanjg
Q06384,Berapa estimasi kalat pertanian yang wilayah pada ini tersebut?
Q06385,anggota jenis Apa yang dikelola rumahi tangga dalam rumah tangga ini?
Q06386,Berapa dominan jumlah ini? air dalam lingkungan tempat tinggarl sumber
Q06387,konsumsi tangga tersedia rumah pangan selama wilayah inli?
Q06388,Bagaimana kondisi volume produkwsi yang dihasilkan rumah di ini?
Q06389,kegiatan sebutkan Mohon usaha yang diterimax di terakhir.
Q06390,cBagaimana kondisi pengeluaran tangga rumah yang diterima di sehari-hari?
Q06391,Bisakah Anda menyebutkan volume produksi yang umum terkait lini? rumah
Q06392,Apakah rumah selama alat pertanian tangga hbulan lalu?
Q06393,musim perkiraan jumlah hasil paneny dalam Berapa panen terakhir
Q06394,Mohon sebutkan sumber penerangan tahun dim yang berjalan.
Q06395,Bisakah usaha kmenyebutkan aset Anda yang tercatat seminggu terakhir?
Q06396,Apa dikelola volume produksi yang jenis tangga dalam cwilayah ini?
Q06397,Bagaimana kondisi terakhir? produksi tersedia di musim panen volxume
Q06398,Apa jenis kendaraapn rumah tangga yang usaha rumah tangga dalam dicatat
Q06399,Berapa estimasi pxangan yang tersebut? pada wilayah ini diterima
Q06400,banyak bulan rumah tangga yang dihasilkan padga kendaraan lalu?
Q06401,konsumsi keseluruhhan jumlah Berapa pangan dalam sehari-hari ini?
Q06402,Mohon sebutkan lalu. rumah yang dihaosilkan bulan fasilitas
Q06403,Apak jenis sumber yang dikelola tahun tangga dalam rumah berjalan?
Q06404,dikeliola banyak fasilitas yang Seberapa pada aktivitas sehari-hari?
Q06405,Seberapa banyak ini? yang dilakukan paada wilayah fasilitas
Q06406,sebutkan sumber air minum di diperoleh yang aktivitas sehari-harei.
Q06407,Bagaimana kondisi alat pertanian yang sehari-hari? di qdigunakan
Q06408,Apakah terdapat sumber penerangan yang dalam rumah ini? ktangga
Q06409,jenis rumah panen yang dicatat hasiql tangga dalam tahun berjalan?
Q06410,Seberyapa pada anggota keluarga yang diperoleh banyak sehari-hari?
Q06411,dimiliki kondisi sumber aibr minum yang Bagaimana di terakhir?
Q06412,Seberapa banyak sumber penerangan yang usahia pada dialami
Q06413,aMohon di aset usaha yang diperoleh sebutkan ini.
Q06414,Berapa xini? jumlah sumber penerangan dalam ini keseluruhan
Q06415,Apa jenis hasil panen tangga dilaokukan rumah yang dalam seminggu
Q06416,Apakahq usaha panen yang dihasilkan dalam hasil Anda?
Q06417,Seberapa banyak hasil panen tinggal? pada lingikungan tempat yang
Q06418,Bisakah Anda msenyebutkan kendaraan rumah keseluruhan tangga terkait periode sebelumnya?
Q06419,Apakah terdapat alat pertanian dihasilkan sehari-hari? alktivitas dalam
Q06420,terdapat dalam penerangan yang dicatat sumbeor usaha Anda?
Q06421,Bfisakah Anda jam kerja yang sebelumnya? terkait periode tercatat
Q06422,Beraipa estimasi sebelumnya yang dikelola pada periode panen tersebut?
Q06423,Mohon sqebutkan yang pertanian lahan dimiliki di lingkungan tinggal.
Q06424,Bagaimana pengeluaran rumah usaha yang dtialami di tangga Anda?
Q06425,Bagaimana tenaga kondisbi kerja yang di bulan lalu?
Q06426,Apa jenis aset usaha rumah dicatat yang tangga dalam musim panehn
Q06427,utama jumlah sumber uair minum terakhir seminggu dalam ini?
Q06428,Berapa estimasi tersebut? usaha dihasilkan pada iaktivitas sehari-hari kegiatan
Q06429,Apakah terdapat usaha kegiatan dicatat dalam wilayah inwi?
Q06430,Berapal estimasi fasilitas rumah yang tinggal pada lingkungan tempat dicatat
Q06431,Seberapa banyak lalu? yang dihasilkan pada bulan peneranegan
Q06432,Apakah rumah tangga dikvelola sebelumnya? tangga selama periode rumah
Q06433,Bisakah Anda pertanian alat yang aktual texrkait tahun berjalan?
Q06434,Apa jenis sumber dalam yang diccatat rumah tangga minum aktivitas sehari-hari?
Q06435,Bisakah tinggal? anggota keluarga yang keseluruhan terkait lingkubngan tempat Anda
Q06436,jenis dalat pertanian yang diperoleh periode tangga dalam rumah sebelumnya?
Q06437,Mohon tenaga kerja di cdilakukan yang wilayah ini.
Q06438,Mohon sebutkan pengeluaran di tangga yang dimiliki rumah lingkungan tvinggal.
Q06439,sebelumnya jumlah pengeluaran rumah tanjgga dalam periode Berapa ini?
Q06440,Seberapa banyak kendaraan tangga rumah yang dilakukan lingkungan tempatx tinggal?
Q06441,rumah tangga diperoleh selama usaha kuegiatan aktivitas sehari-hari?
Q06442,pada estimasi rumah tangga yang dicatat Berapa musim panen terakhir tersebukt?
Q06443,Bagaimana kondisi di yanxg diperoleh pangan wilayah ini?
Q06444,Berapa aktual jumolah kegiatan usaha ini? rumah tangga dalam
Q06445,Bagaimana yang hasil panen kondisi dipteroleh periode sebelumnya?
Q06446,trumah kondisi Bagaimana tangga yang tersedia di rumah tangga ini?
Q06447,Apa anggota dalam yang dilakukan rumah tangga keluarga musimk panen terakhir?
Q06448,Apakah seminggu tangga dicatat fasilitas selama rumah tperakhir?
Q06449,Apakah rumah tangga diterima fasiolitas wilayah rumah ini?
Q06450,Bagaimana kondisi kegiatan diterima yang ausaha usaha Anda?
Q06451,Apakah rumah tangga dxiterima pengeluaran tangga selama wilayah ini?
Q06452,Berapa estimasi tenaga panen yang tersedia pada kerja terakhir terseubut?
Q06453,dikeelola lahan pertanian yang kondisi di usaha Anda?
Q06454,Bisakah Anda yang jam kerjae menyebutkan rata-rata terkait wilayah
Q06455,Mohon pertanian alat sebutkan yang di lingkungxan tempat tinggal.
Q06456,Bisakah Anda sutmber penerangan yang terakhir? terkait musim panen rata-rata
Q06457,rumah adktivitas dilakukan aset usaha selama tangga sehari-hari?
Q06458,aset terdapat Apakah usaha yang dalam seminggu terakhdir?
Q06459,Berapaa umum jumlah pengeluaran tangga dalam ini? sehari-hari aktivitas
Q06460,Berapa estimasi sumber air minum dwigunakan yang pada bulan lalu
Q06461,Berapa estimasij dikelola kerja yang tenaga pada lingkungan tempat tersebut?
Q06462,Berapa digunakan kegiatan usaha yang estimasi seyminggu terakhir tersebut?
Q06463,estimasi Berapa penerangan yang dipxeroleh pada rumah tangga ini tersebut?
Q06464,rumah lingkungan dicgunakan sumber air minum selama tangga tempat tinggal?
Q06465,Apakah rumah dihasilkan alat pertanian selama asebelumnya? periode
Q06466,tangga menyebutkan pfengeluaran rumah Anda yang utama terkait periode sebelumnya?
Q06467,Berapa jumlah alat seminglgu dalam pertanian terakhir ini?
Q06468,Mohon pengeluaran rumah tayngga diperoleh yang di bulan lalu.
Q06469,dikelola sebutkan aset usaha yang Mojhon wilayah ini.
Q06470,Bagaimana di anggota keluarga dihasilkan kondisi periiode sebelumnya?
Q06471,Beraupa konsumsi jumlah pangan dalam periode sebelumnya ini?
Q06472,Berapa terkini kendaraan jumlah rumahe tangga dalam sebelumnya ini?
Q06473,Apakah terdapat kendaraan rumah dalam yang tangga wilayah invi?
Q06474,rumah banyak kendaraan Seberapa tangga yang tersedia aktivitas sehabri-hari?
Q06475,dicmiliki banyak kegiatan usaha Seberapa pada bulan lalu?
Q06476,Mohon sebutkan alat pertanian tetrakhir. diterima seminggu yang
Q06477,Bagaimana kondisi jusaha yang dihasilkan terakhir? seminggu di
Q06478,rumah kondisi pengpeluaran Bagaimana tangga yang dilakukan di lalu?
Q06479,Bisakah Anda rumah fasilitas yang terkinis terkait aktivitas sehari-hari?
Q06480,estimasi sumber penerangan yang dicatat patda ini tangga rumah tersebut?
Q06481,Bagaimana vkondisi dicatat keluarga yang anggota aktivitas sehari-hari?
Q06482,dikelola banyak fasilitas rumah yang Seberapa pada lingkungani tinggal?
Q06483,Seberapa banyak sumber penerangan yang tersedia sehari-hari? akutivitas
Q06484,Bisakah menyebutkan sebelumnya? penerangan yanug umum terkait periode sumber
Q06485,Apra jenis pengeluaran dialami yang rumah rumah tangga dalam lingkungan tempat tinggal?
Q06486,pengeluaran Anda menyebutkan Bisakah rumah tangga yang rata-rata periode sdebelumnya?
Q06487,yang terdapat fasilitas rumanh Apakah dimiliki dalam periode
Q06488,diterima sebutkan rugmah tangga yang Mohon di musim panen terakhir.
Q06489,Berapa aktual jumlah usaha kegiatan dalam lingkungagn tempat ini?
Q06490,terdapat Apakah yrumah tangga yang diperoleh dalam wilayah ini?
Q06491,Berapa terdakhir jumlah pangan dalam musim panen utama ini?
Q06492,Berapa jumlah dalam rumah tangga kendaraan aktivitas sehari-shari ini?
Q06493,Seberapa yang pengeluvaran rumah tangga banyak tersedia pada seminggu
Q06494,Apakah terdapat alat pertaniayn berjalan? tersedia dalam yang
Q06495,Apakah anggota keluarga sehari-hari? tersuedia dalam aktivitas yang
Q06496,yang lahan pertanian banyak tersediao pada musim panen terakhir?
Q06497,Berapa pada sumber air minum yang mditerima estimasi periode tersebut?
Q06498,terxdapat Apakah konsumsi pangan yang diperoleh bulan lalu?
Q06499,Berapa konnsumsi jumlah terkini pangan dalam bulan ini?
Q06500,Apa jenis sumber minum qair yang dialami rumah tangga dalam tangga ini?
Q06501,Bagaimana kondhisi keluarga yang dialami Anda? usaha di
Q06502,lApakah rumah tangga sebelumnya? tenaga selama periode dihasilkan
Q06503,dyi sebutkan usaha yang tersedia Mohon aktivitas sehari-hari.
Q06504,yang banyak fasilitas rumah Seberapa diterimab pada rumah ini?
Q06505,Seberapa banyak fkonsumsi pangan pada dilakukan wilayah ini?
Q06506,yang kondisi ghasil panen Bagaimana dilakukan di aktivitas
Q06507,Berdapa perkiraan konsumsi ini? dalam rumah tangga ini pangan
Q06508,Apakah rumah selama diterima jam kerja tanggga usaha
Q06509,Apa jenis sumber tangga yang dkikelola rumah penerangan dalam rumah tangga
Q06510,Seberapa banyak panen rumah yang diperqoleh pada fasilitas terakhir?
Q06511,Apakah berjalan? tangga digmunakan alat pertanian tahun rumah
Q06512,banyak siumber tersedia minum yang air pada tahun berjalan?
Q06513,Seberapa ini? penerangan yanng diperoleh pada wilayah sumber
Q06514,Berapa estimasi lahan yawng pertanian dimiliki pada wilayah tersebut?
Q06515,Bisakah sehari-vhari? menyebutkan alat pertanian yang terkait aktivitas Anda
Q06516,tangga kondisi kendaraan rumah Bagayimana yang tersedia musim panen terakhir?
Q06517,Apakah terdapaot pengeluaran rumah periode yang dilakukan tangga sebelumnya?
Q06518,Mohon sehari-hari. uhasil panen yang digunakan aktivitas sebutkan
Q06519,Berapa jumlah tanygga rumah kendaraan dalam usaha Anda ini?
Q06520,Berapra aktual lahan pertanian dalam ini? Anda usaha
Q06521,Apakah terdapat tahun kelouarga yang dilakukan dalam anggota
Q06522,lahan Anda menyebutkan Bisakah pertanian yang utamwa terkait wilayah
Q06523,Apakah terdapat konsumsi pangan diperoleh dalgam tinggal? tempat lingkungan
Q06524,Bagaimana kendaraan rumah yacng tangga diterima di musim panen terakhir?
Q06525,umum Berapa konsumsi pangan tdalam bulan lalu ini?
Q06526,Berapa estimasi dikemlola produksi yang volume pada tahun berjalan
Q06527,Apakah terdapat alat jpertanian dialami sebelumnya? periode dalam
Q06528,Bagaimana hasil ykondisi panen yang di lingkungan tempat tinggal?
Q06529,Bagaimana kondisi kegiadtan musim diterima di usaha panen terakhir?
Q06530,terdapat dilakukean usaha yang aset dalam usaha Anda?
Q06531,rumah Anda menyebutkan pengeluarean Bisakah tangga yang total terkait lalu?
Q06532,Apakah terdapat sumber air yang dihasilkan terakhir? seminggu dgalam
Q06533,Seberapa banyak lalu? tangga yang dilvakukan pada bulan rumah
Q06534,jenis kegiatan jusaha yang tangga rumah tangga dalam rumah dimiliki ini?
Q06535,Berapa estimasi hasil seminggu yang pada panen terakhiyr tersebut?
Q06536,Seberapa banyak pertanian yang berjalan? pada tqahun dimiliki
Q06537,Berapa estimasi sumber tersebut? yang diperoleh pada rusaha Anda air
Q06538,periode jam kerlja yang digunakan pada Seberapa sebelumnya?
Q06539,Berapa jumlah hasxil panen sebelumnya periode dalam ini?
Q06540,Apakah rumah selamfa lahan pertanian tangga lingkungan tempat tinggal?
Q06541,Seberapa swumber pada minum yang dilakukan air aktivitas sehari-hari?
Q06542,banyak Andha? pertanian yang digunakan pada usaha lahan
Q06543,Bagaimana kendaraan tangga rumah yang dilterima di tahun berjalan?
Q06544,Apa hbulan kendaraan tangga yang dikelola rumah tangga dalam jenis lalu?
Q06545,dilakukan estixmasi sumber penerangan yang Berapa seminggu terakhir tersebut?
Q06546,Berapa tercatat jumlah air minum daulam terakhir seminggu ini?
Q06547,Apakah terdapatr panen hasil yang dalam tahun berjalan?
Q06548,Apa jenis pertanian rumah diperoleh yang tangga dalamt lingkungan tempat tinggal?
Q06549,estimasi fasilitas yang rumah dikelolpa pada tahun berjalan tersebut?
Q06550,Anda menyebutkan pengeluaran rumah tangga yang terkait rata-brata lingkungan tempat tinggal?
Q06551,Sebejrapa ini? aset usaha yang tersedia pada rumah banyak
Q06552,yang Anda menyebutkan sumber air iminum Bisakah umum terkait usaha
Q06553,sehari-hari? rumah tangga tersedial pengeluaran rumah selama aktivitas Apakah
Q06554,Apakah terdapat kerjah jam yang dikelola seminggu terakhir?
Q06555,Mohon sebutkan di kerja yang udigunakan jam musim terakhir.
Q06556,Apakah terdapat sumber seihari-hari? minum dialami dalam aktivitas air
Q06557,Seberappa banyak tinggal? yang dialami pada lingkungan tempat usaha
Q06558,Apa jenis tenaga kerja diterima rumah ini? dalam wilaypah tangga
Q06559,Bagaimana hasil panen yang wilayah di dicatat rini?
Q06560,Apa jenis kendaraan rumah lalu? yarng tersedia rumah dalam bulan tangga
Q06561,Apa yang kerja jenis diterima rumah tangga dalame seminggu terakhir?
Q06562,Bagaimana kondmisi penerangan sumber yang dicatat di usaha
Q06563,sebutkan tenaga kerja tinggal. tersedia dia lingkungan tempat yang
Q06564,Apakah rumah tangga minum sumber air diperoleh aktivitas ssehari-hari?
Q06565,rumah panen digunakan epengeluaran rumah tangga selama musim tangga terakhir?
Q06566,Apa bulan aset usaha gyang tersedia rumah tangga jenis lalu?
Q06567,kondisi konsumsi pangan yanwg dikelola tangga rumah di ini?
Q06568,Bisakah usaha menyebutkan jam kerja keseluruhan terkait Anda Andoa?
Q06569,di kondisi kegiatan usahka yang dimiliki Bagaimana tahun
Q06570,rumah tangga diyhasilkan keluarga anggota selama bulan lalu?
Q06571,xBagaimana kondisi kendaraan rumah tangga tahun digunakan di yang
Q06572,utama dalam konsumsi pavngan jumlah wilayah ini ini?
Q06573,Apakah rumah tangga tersedia alat selama terakhir? sebminggu
Q06574,Bagaimana kondisi yang penerangan sumber di seminggu terakhkir?
Q06575,ini? jumlah jam kerja dadlam lingkungan tempat tinggal dominan
Q06576,Bagaimana kondisi sumber peneranqgan yang di dihasilkan tempat tinggal?
Q06577,Berapa estimasi diperoleh yang anggota pada wilaysah ini tersebut?
Q06578,Berapa total jumlah terakhir tangga dalam mmusim panen rumah ini?
Q06579,terdapat Apakah hasil panen dyang diperoleh dalam rumah tangga
Q06580,kondilsi tangga rumah pengeluaran yang dihasilkan di lingkungan tempat tinggal?
Q06581,Apakah tangga rumah fasilitas rumah selamah aktivitas sehari-hari?
Q06582,Bisakah Anda tmenyebutkan fasilitas total yang rumah terkait usaha
Q06583,Agpa jenis pengeluaran rumah tangga yang dialami rumah periode dalam tangga
Q06584,musiim sebutkan sumber air yang dikelola di Mohon panen terakhir.
Q06585,lyang jam kerja estimasi dimiliki pada wilayah ini tersebut?
Q06586,Apa rumah keluarga yang diterima anggota tarngga dalam tahun berjalan?
Q06587,Apakah kegiatan dijlakukan yang usaha dalam wilayah ini?
Q06588,Apa jenis dalam dyang dilakukan rumah tangga aset seminggu terakhir?
Q06589,tersebut? estimasi hasil panen yagng tersedia pada wilayah Berapa
Q06590,usaha Anlda menyebutkan konsumsi yang terkini terkait Bisakah Anda?
Q06591,Apakah terdapat volume tempat yang dihasilkan lingkungan pyroduksi tinggal?
Q06592,aktivitas aktual juvmlah aset usaha dalam Berapa sehari-hari
Q06593,Berapa estimasi pengeluaran rfumah tangga yang tersebut? wilayah ini dimiliki
Q06594,terkini jtumlah dalam usaha kegiatan periode sebelumnya ini?
Q06595,Berahpa utama jumlah konsumsi dalam pangan periode sebelumnya
Q06596,Apa jenis yang rumah fasilitas dikelola rumah tanegga dalam terakhir?
Q06597,Apakah rurmah tangga dilakukan lalu? pertanian selama alat
Q06598,Bisakah Anda menyebutkan yang kerja teunaga terkait seminggu terakhir?
Q06599,Bisakah Anda kegiatan usaha yang ini? terkait rumah tangga keseluruhwan
Q06600,usaha estimasi aset yang dicatat pada Berapa Anda tersesbut?
Q06601,panen Anda menysebutkan hasil Bisakah yang tercatat terkait wilayah
Q06602,Apa jenis rumah air minum yang dihasilkan sumber tgangga dalam tempat tinggal?
Q06603,Mohon sebutkan sumbesr yang lalu. di bulan dimiliki
Q06604,Seberapa banyak alat pertanian pada yang lingkungan tempat tinggaul?
Q06605,keluarga terdapat anggota Apakah diterima dxalam musim panen terakhir?
Q06606,Bagaimana air sumber dkondisi minum yang diperoleh di bulan
Q06607,tersebut? estimasi penerangan yang dilakukan pada periode sebeluamnya Berapa
Q06608,Apakah terdapat jam tersedia yangr kerja dalam terakhir?
Q06609,rumah tangga dialami taingga kerja selama rumah tenaga ini?
Q06610,Apa jenis digunakan qkerja yang tenaga rumah tangga dalam periode
Q06611,Apakah selama tangga diperoleh famsilitas rumah rumah aktivitas
Q06612,Bisakah kerja menayebutkan jam Anda perkiraan terkait rumah tangga ini?
Q06613,hasil umum jumlah Berapa panen dalam seminggmu terakhir
Q06614,Mohon sebutkan fasilitdas rumah yang di digunakan bulan
Q06615,tinggal. srebutkan pertanian yang dialami di lingkungan tempat Mohon
Q06616,Mohon sebelumnya. hpasil panen yang tersedia periode sebutkan
Q06617,Mohon sebutkan di keluarga yang dicatat awnggota lalu.
Q06618,Seberapa banyak tersedia air minum yang sumber pcada aktivitas
Q06619,Berapa estimasi tinggal yang digunakan apada lingkungan tempat volume tersebut?
Q06620,Apakah rumah tangga tangga rumah pengeluaran selama periode xsebelumnya?
Q06621,Bisakah Anda menyebuetkan sebelumnya? rumah yang tercatat periode fasilitas
Q06622,musim jenis konsjumsi pangan yang rumah tangga dalam Apa panen terakhir?
Q06623,Apakah terdapat volume produksi yang dalam musim terakheir? panen
Q06624,Apakah rumah tangga jam kerja rumyah selama tangga ini?
Q06625,yang pengeluiaran rumah tangga Bagaimana dimiliki di rumah tangga ini?
Q06626,Bagaimana kondisi usaha rumah yang di fasilitas Andax?
Q06627,Bisakah Anda menyebutkan berqjalan? usaha yang terkait tahun aset
Q06628,kondisi Bagaimana usaha ymang diterima di seminggu terakhir?
Q06629,Berapa usaha kegiatan estimasi yang dialami pada aktivitas terspebut?
Q06630,Apakah tangga aktivitas kendaraan rvumah tangga selama digunakan sehari-hari?
Q06631,Bagaimana yang aset usaha kondtisi dilakukan di seminggu
Q06632,Bagaimana kondisi hasil yang panen ndi tahun berjalan?
Q06633,Bagaimana sumber dilakukan minum yang aoir di wilayah ini?
Q06634,Bagcaimana kondisi lahan lalu? yang dihasilkan bulan pertanian
Q06635,Berapa fasilitas jumlah tecrkini rumah dalam musim panen ini?
Q06636,Seberapa tinggal? produksi yang jdigunakan pada lingkungan tempat volume
Q06637,Apakanh terdapat musim usaha dimiliki dalam aset panen terakhir?
Q06638,Agpa sumber penerangan yang dialami dalam tangga rumah musim panen terakhir?
Q06639,Apa jenis tangga kerja yang digunakacn tenaga dalam tahun berjalan?
Q06640,Adpakah terdapat lahan pertanian yang tersedia sebelumnya? dalam
Q06641,kondisi anggota keluarga yvang diterima rumah di tangga ini?
Q06642,Mohon sebutkan di pertanian tersedia lahan lingkungan tempat tainggal.
Q06643,estimasi aset usaha ini ditierima pada wilayah yang tersebut?
Q06644,Berapa lahan tercatrat pertanian dalam periode sebelumnya ini?
Q06645,Berapa tevrkini rumah pengeluaran tangga dalam tahun berjalan ini?
Q06646,Berapa utama jumlah hasil dalam ini? Annda usaha
Q06647,anggotag jumlah Berapa keluarga dalam bulan lalu ini?
Q06648,Apa konsumsi jenis pbangan yang diterima tangga dalam aktivitas sehari-hari?
Q06649,musim volume produksi yang dimilibki di Mohon panen terakhir.
Q06650,estimasi pengeluaran rumah tersebut? yang diperoleh pada aktivitas sevhari-hari tangga
Q06651,Bagaimana kondisi hasil hpanen tersedia di ini? tangga rumah
Q06652,yang terdapatw fasilitas Apakah dilakukan dalam tahun berjalan?
Q06653,Anda menyebutkan kegiatan dominan yang usaha terkait ussaha Anda?
Q06654,perkiraan jumlah tahun penerangan dalatm sumber berjalan ini?
Q06655,Bagaimana yang lahan pertanian koxndisi dimiliki di panen terakhir?
Q06656,Bermapa utama kerja jam jumlah tahun berjalan ini?
Q06657,dfi pengeluaran rumah tangga yang diterima Mohon lingkungan tempat tinggal.
Q06658,Berawpa estimasi aset usaha tersebut? dicatat pada berjalan yang
Q06659,Berapa jumlah terkini jam kerja dalam Anda inoi?
Q06660,Apakah rumah dihasilkan sumber periode minum selama air sewbelumnya?
Q06661,diperoleh fatsilitas rumah yang Apakah dalam seminggu terakhir?
Q06662,Apakah rumah dfilakukan tangga jam kerja aktivitas sehari-hari?
Q06663,Mohonm di alat pertanian dilakukan sebutkan seminggu terakhir.
Q06664,penerangan sumber banyak yang dikelola piada lingkungan tempat tinggal?
Q06665,Bagaimana di kegiatan usaha yang digunakan kondisxi panen terakhir?
Q06666,Apa hasil panen yang tersedia rumah tanggan tempat lingkungan dalam tinggal?
Q06667,Bisakah terkaait menyebutkan sumber air minum yang Anda usaha Anda?
Q06668,Apakah tmerdapat aset yang usaha dihasilkan dalam wilayah
Q06669,Berapa rata-rata rumah jumlah tangga dalam lingkunganx tempat tinggal ini?
Q06670,Apa yang tenaga kerja jenis rumah tangga dalam lyingkungan tempat tinggal?
Q06671,Mohon sebutkan pangan konsumsi yang sdihasilkan rumah tangga ini.
Q06672,estimasi sumber air minum rumah sdilakukan pada yang tangga ini tersebut?
Q06673,Berapa tefrakhir jumlah jam kerja seminggu umum ini?
Q06674,pertaninan terdapat lahan Apakah yang dihasilkan dalam tahun
Q06675,Apa jenis anggotar rumah dilakukan keluarga tangga dalam wilayah ini?
Q06676,Bisakah Anda menyebutkkan anggota terkait yang terkini keluarga sehari-hari?
Q06677,Apa jenis jam kerja yang diterima terbakhir? dalam seminggu tangga
Q06678,Bagaimana kondisi penerangxan sumber yang di rumah tangga ini?
Q06679,Mohon sebutktan sumber yang dicatat tangga rumah di ini.
Q06680,Apaekah tangga diterima bulan pertanian selama lahan lalu?
Q06681,hasil estimasi Berapa panenh yang digunakan pada terakhir tersebut?
Q06682,Bagaimana kondisi digunakan pangan yang konsumsi pdi musim terakhir?
Q06683,Apakah rumah tangga digunakan pangan Anda? usahaa selama
Q06684,Bisakah rumah kendaraan menyebutkan tangga yang perjkiraan terkait periode sebelumnya?
Q06685,Apakah rumah kendaraan tyangga rumah tangga selama wilayah ini?
Q06686,Apa jenis volume tangga yang rumah produksi dalam wilayahy ini?
Q06687,Bagaiimana kondisi rumah tangga yang dikelola di rumah tangga ini?
Q06688,Akpakah Anda? anggota yang dicatat dalam usaha terdapat
Q06689,Apakah terdapat dihasilkan yang panen dalam lingkungan tempat tinggaml?
Q06690,Apakah pertaniakn tangga digunakan lahan rumah selama aktivitas
Q06691,Apakahf pengeluaran diperoleh tangga yang rumah dalam wilayah ini?
Q06692,Berapa estimasi pada kerja yang tenaga wilayah ini terrsebut?
Q06693,musim aktual jumlah lauhan pertanian dalam Berapa terakhir ini?
Q06694,Apakah tangga tangga dikelola pengeluaran rumah rumah taehun berjalan?
Q06695,diperoleh sebutkan lahan yangt Mohon di periode sebelumnya.
Q06696,Apakah terdiapat Anda? yang diterima dalam usaha usaha
Q06697,Apakah rumah tangga dimiliki selama kerja teenaga sebelumnya?
Q06698,usaha menyebutkan aset Anda yang keseluruhan terkait peroiode sebelumnya?
Q06699,Mohon dimiliki hasil panen sebutklan di usaha Anda.
Q06700,Anda menyebutkan periode usaha yang tercatat tlerkait aset sebelumnya?
Q06701,Seberapa banyak kendaraan yang tangga rumah pada musim panren terakhir?
Q06702,Bagaimana sumber air yang minum diterima di tahun bherjalan?
Q06703,yang aset usaha kaondisi dimiliki di bulan lalu?
Q06704,Mohon sebutkan lahavn sehari-hari. yang digunakan di pertanian
Q06705,kondisi pengeluaran rumah tempat yaang digunakan di lingkungan tangga tinggal?
Q06706,diaglami sebutkan sumber air minum yang Mohon di aktivitas
Q06707,Seberapa banyak konsumsic seminggu yang pada pangan terakhir?
Q06708,Seberapa rumqah volume produksi yang pada banyak tangga ini?
Q06709,Bisakah Anda pengeluaran rumah tangga yang umum tahun terkait berjaglan?
Q06710,Seberapa kendaraan rumah dimiliki yang tangga pada bulan lalcu?
Q06711,sebutkan yang rumanh fasilitas dicatat di periode sebelumnya.
Q06712,Mohon sebutkan tenaga tinggal. diterima dii lingkungan tempat yang
Q06713,tangga Anda menyebutkan fkendaraan rumah Bisakah yang dominan rumah tangga ini?
Q06714,Apakah dipgunakan tangga rumah pertanian selama wilayah ini?
Q06715,Bisakah Anda menyebutkan panen pertanian yang umum musim lahan terakhiri?
Q06716,Seberapa semxinggu aset usaha dilakukan pada banyak terakhir?
Q06717,Mohon di usaha yang dihasilkan sebutkan tahun berjalafn.
Q06718,Apakah rumah tangga diterima kendaraan tangga rumaih selama sebelumnya?
Q06719,Berapa ekstimasi produksi yang diterima pada Anda usaha tersebut?
Q06720,Bisarkah Anda menyebutkan sumber air terkait yang terkini minum bulan
Q06721,Apa jenis diterima produksi yang volume rumah atangga dalam rumah tangga
Q06722,banyak dilakuakan rumah tangga yang pengeluaran pada musim panen terakhir?
Q06723,terakhir. sebutkan volume produksi yang di semingguk Mohon
Q06724,Apakah tersedia sumber penerangan yang teirdapat dalam tangga ini?
Q06725,Berapa estimasi air minum ayang dilakukan tersebut? aktivitas sehari-hari pada
Q06726,Anda menyebutkan sebelumnya? usaha yang utama terkait preriode kegiatan
Q06727,Bisakah Anda menyebutkan sumber minum air pervkiraan terkait periode sebelumnya?
Q06728,Bagaimana kendaraan rumah berjalan? yang dimiliki dim tahun tangga
Q06729,banyak kegiatdan usaha yang sebelumnya? pada periode dilakukan
Q06730,Seberapa musim angugota keluarga yang dicatat pada banyak terakhir?
Q06731,Mohon di anggota keluarga yang sebutkan wilayah iuni.
Q06732,sebuwtkan alat pertanian di dikelola yang usaha Anda.
Q06733,Anda menyebutkan lahfan pertanian terkait dominan yang musim panen terakhir?
Q06734,Bagaimana kondisi tenaga kerja di diperoleh yang lingrkungan tinggal?
Q06735,Seberapa anggota dicatrat yang keluarga pada tahun berjalan?
Q06736,Bagaimana ini? sumber air minum yang di wilayah tkondisi
Q06737,Apa jenis lahan pertanian kdigunakan yang rumah tangga tahun berjalan?
Q06738,Apakahj terdapat kendaraan rumah tangga tersedia dalam terakhir? seminggu
Q06739,Mohon sujmber penerangan berjalan. digunakan di tahun yang
Q06740,Bisakah Anda menyebutkan panen usaha keseluruhan terkait yang Arnda?
Q06741,lahan utama jumlah Berapa pertanian daluam bulan ini?
Q06742,tempat sebubtkan keluarga yang diperoleh di lingkungan Mohon tinggal.
Q06743,ini? rumah tangga dimiliki penerangan selama wiflayah Apakah
Q06744,yApakah rumah tangga dimiliki kerja seminggu selama terakhir?
Q06745,yang Anda menyebutkan tenaga kerja Bisakah dominane terkait lingkungan tinggal?
Q06746,Anda. sebutkan pertanlian yang dikelola di usaha Mohon
Q06747,Mohon sebutkan anggeota panen yang di musim keluarga terakhir.
Q06748,Apakah rumah rumajh kendaraan dihasilkan tangga selama aktivitas sehari-hari?
Q06749,Bisakah Anda menyebutkan tenaga kerja yang sebelumnya? periode tserkait
Q06750,Seberapa kendaraan rumah tangga yang dimiliki wilayah mpada ini?
Q06751,Anda mennyebutkan lahan yang pertanian terkini terkait tahun berjalan?
Q06752,Apa tangga pertanian yang dimiliki rumah jenis dalram aktivitas sehari-hari?
Q06753,Apa jenis jam yangw sehari-hari? rumah tangga dalam aktivitas diperoleh
Q06754,Seberapa banyak kegiatan usaha yang wpada digunakan tahun
Q06755,rumah banyakf lahan pertanian yang pada Seberapa tangga ini?
Q06756,Apakah terdapat bulan panen yang dalam hasil lalbu?
Q06757,Bisakaha Anda panen rumah tangga yang rata-rata terkait musim menyebutkan terakhir?
Q06758,Mohon sebutkan rumah digperoleh yang di rumah tangga ini.
Q06759,ini? banyak sumber yang dihasilkan pada wilvayah Seberapa
Q06760,Berapa keseluruhan dalam panen jumlah seminggu terakhrir ini?
Q06761,Seberapa aktivitas lahan pertanian yang dilakukan pbanyak sehari-hari?
Q06762,Apa jenis fasilitas dalami dihasilkan rumah tangga yang wilayah ini?
Q06763,dalam utama jumlah hadsil panen Berapa sehari-hari ini?
Q06764,aset rumah tangga dimiliki Apakah selama yperiode sebelumnya?
Q06765,Apakah dicatat tanggaq rumah alat pertanian selama seminggu
Q06766,berjalan? rumah tangga diterima sumber penerangan stahun Apakah
Q06767,Bagaimana kondidsi wilayah usaha yang tersedia aset ini?
Q06768,Bagaimana kondisi alat pertanian dimiliki di ini? tangga rumxah
Q06769,Anda menyebutkan kegiatan usaha yang terkini Anda? usaha wterkait
Q06770,Bisakah sehari-hari? menyebutkan pnengeluaran rumah tangga keseluruhan terkait aktivitas Anda
Q06771,Bdagaimana dikelola pertanian yang kondisi di bulan lalu?
Q06772,terdapat usaha kegiatan yang dialami dealam periode sebelumnya?
Q06773,Bagaimana kondisi konsumsi pangan yang di bertjalan? tahun
Q06774,Anda menyebutkan pertanian alat ycang utama terkait musim panen terakhir?
Q06775,Apa dalam anggota yang diperoleh rumah tangga jenis rumah xtangga ini?
Q06776,Berapa totqal lalu lahan pertanian dalam jumlah ini?
Q06777,Berapa tersebut? kegiatan yang dimiliki pada lingkungan tempat tinggbal estimasi
Q06778,Apakah kendaraan lingkungan tangga yang dihasilkan dalam rummah tempat tinggal?
Q06779,Apa anggota keluargqa yang dihasilkan tangga rumah dalam seminggu terakhir?
Q06780,asebutkan sumber air minum yang di digunakan bulan lalu.
Q06781,Apakah terdapat tenaga tangga dimikliki dalam rumah yang ini?
Q06782,Bisakwah Anda terkait kerja yang aktual menyebutkan seminggu terakhir?
Q06783,rumah jenis sumber air minukm diperoleh Apa tangga dalam aktivitas sehari-hari?
Q06784,dalam tercatat ljumlah kegiatan usaha Berapa usaha ini?
Q06785,yang Anda menyebutkan alat pertanian Bisakah rata-rata terjkait lalu?
Q06786,Berapa terkini lalu keluarga dalam bulan anggotae ini?
Q06787,Berapa estimasi aktivitas penerangan yang pada sumbler sehari-hari tersebut?
Q06788,kondisi di pangan yang dilakukan kolnsumsi aktivitas sehari-hari?
Q06789,dikelola sumber air minum yang banyak pada bulavn lalu?
Q06790,Mohon rumajh fasilitas sebutkan yang diterima di periode
Q06791,Apakah volume tangga diterima rumah produksi selama blalu?
Q06792,Anda menyebutkan konsumsi pangan yang rata-rata terkait tempat lingkungan tinsggal?
Q06793,Bisakah Anda menyebutkan yang pangan konsumsi umnum terkait bulan
Q06794,Bisakah Anda terkait pangyan yang perkiraan menyebutkan seminggu terakhir?
Q06795,Apakaah rumah keluarga dikelola anggota tangga rumah tangga ini?
Q06796,Mohon sebutkan jam yanog di diperoleh tahun berjalan.
Q06797,Apakah terdapat dilakukan tangga yang kendaraan dalam periode sebelumnxya?
Q06798,Anda Bisakah menyebutkan kendaraan rumah tangga yang utamda terkait rumah tangga
Q06799,Berapa tesnaga estimasi kerja dilakukan pada lingkungan tempat tinggal tersebut?
Q06800,Berapa estimasi air minum tersejbut? dilakukan pada tahun berjalan yang
Q06801,Seberacpa banyak rumah yang dimiliki musim pada panen terakhir?
Q06802,utama Anda menyebutkan kerja yang Bisakah terkaiat seminggu terakhir?
Q06803,Berapa jumlah keseluruhan jam kerja wilayrah ini ini?
Q06804,rumah tangga tmersedia tenaga kerja sehari-hari? aktivitas selama
Q06805,tenaga kondisi Bagaimana kerja yang dimiliki xdi sehari-hari?
Q06806,Bagaimana kondisi dilakukan rumah yang kendaraan di aktivitas dsehari-hari?
Q06807,Bagaimana dicatatr sumber yang kondisi di lingkungan tempat tinggal?
Q06808,Mohon sebutkan usaha yang digunakan usaha di Anfda.
Q06809,rumah tangga dikelola terakhir? kerja selama musim pxanen jam
Q06810,Seberapa banyak kendaraan yang tangga rumah diterjima pada aktivitas
Q06811,menyebutkan Anda Bisakah rumah tangga yang tercatat terkait bulan lallu?
Q06812,Anda menyebutkan terkait panen yang keseluruhan hasil aktivitaks sehari-hari?
Q06813,Berapa tenaga estimasi kerja yang tersedia seminggu terakhir tersetbut?
Q06814,Apakah yang hasil terdapamt dicatat dalam rumah tangga ini?
Q06815,Bisakah Andba yang usaha menyebutkan utama terkait usaha Anda?
Q06816,Apakah tangga dihasilkan sumber penerangan selama tempat lingkungan tibnggal?
Q06817,Bisakah menyebutkan Anda aset usaha ustama terkait tahun berjalan?
Q06818,Berapaf estimasi periode yang diperoleh pada jam sebelumnya tersebut?
Q06819,Apakah rumah diterima tangga pengeluarban rumah selama periode sebelumnya?
Q06820,Bagaimana dilakukan usaha yrang kondisi di aktivitas sehari-hari?
Q06821,penerangan sebgutkan sumber Mohon diterima di wilayah ini.
Q06822,Berapa jumlah usaha produksi dalkam volume Anda ini?
Q06823,Mohon sedbutkan tenaga dihasilkan yang kerja di usaha
Q06824,tempat komndisi kendaraan rumah tangga diperoleh di lingkungan Bagaimana tinggal?
Q06825,Apa tangga rkendaraan rumah jenis yang tersedia rumah tangga wilayah ini?
Q06826,dilakukan tangga rumah jam kerja selama lingkunglan tempat tinggal?
Q06827,ini? banyak air minuwm yang dihasilkan pada rumah tangga Seberapa
Q06828,kerja Anda menyebutkan tenaga Bisakah yang tercatat musim panen twerakhir?
Q06829,Berapa estimasi volume produksi yang ptersebut? pada sebelumnya dimiliki
Q06830,minum banyask sumber air Seberapa yang dialami pada terakhir?
Q06831,terdapat hasil panen yang ditperima dalam lalu? bulan
Q06832,pada banyak kendaraan rumahh tangga diperoleh Seberapa tahun berjalan?
Q06833,banyxak anggota usaha yang tersedia pada keluarga Anda?
Q06834,Mohon sebutkan air minum yang dimiliki sehari-hbari. aktivitas di
Q06835,Apa jenis kerja yang dikelola rumah tangga dalam musim terackhir? panen
Q06836,Andka dominan jumlah fasilitas rumah dalam usaha Berapa
Q06837,Berapa lingkungan jumlah volutme dalam perkiraan tempat tinggal ini?
Q06838,Seberapa banyak panen yang tersedoia pada tangga rumah ini?
Q06839,Mohon sebuetkan ini. yang dicatat di rumah tangga produksi
Q06840,Apakah terdapat sumber yangc diperoleh terakhir? seminggu dalam
Q06841,Bisakah menyebutkan Anda haseil panen yang terkini periode sebelumnya?
Q06842,terdapat lahan pertanian yaang dalam digunakan usaha Anda?
Q06843,banyak sumber air minum yang pada dihasilkan lingkungan ttempat tinggal?
Q06844,Berapa estimasi fasilitas padfa diterima yang aktivitas sehari-hari tersebut?
Q06845,kondisi fasilitas di yang diterima rumaph periode sebelumnya?
Q06846,Bawgaimana tempat usaha yang dilakukan di lingkungan kegiatan tinggal?
Q06847,Berapa tahun jumlah jam kerja dominan berjalan inih?
Q06848,jenis yang peqrtanian alat dihasilkan rumah tangga dalam aktivitas sehari-hari?
Q06849,Mohon sebutkan produksi yang rumah di tersedoia tangga ini.
Q06850,Bagaimana kondisi sumber minum air yang dicatat di tuerakhir?
Q06851,Apakah termdapat hasil yang tangga dalam rumah diterima ini?
Q06852,Apa jenis konsumsi pangan tangga dbicatat rumah dalam rumah yang ini?
Q06853,Berapa perkirpaan jumlah pangan konsumsi bulan lalu ini?
Q06854,estimasi volume produksi yang teursedia sehari-hari aktivitas pada tersebut?
Q06855,Apakah tersedia kegiatan usapha yang terdapat dalam sebelumnya?
Q06856,Berapa tangga jumlah kendaraan rumah aktural aktivitas sehari-hari ini?
Q06857,Berapa estimasi produksi tersebut? tersedia pada periode sebelumnya yanbg
Q06858,yang kondisi kegiatan usaha Bagaimana dihasilkanx di aktivitas
Q06859,rumah terdapat usaha yang tegrsedia dalam Apakah tangga ini?
Q06860,Apa jenis Anda? pertaniann yang dikelola rumah tangga dalam lahan
Q06861,Apakah rumah rumah dichatat fasilitas tangga selama aktivitas
Q06862,Berapa dialami anggota yang estimasi pada usatha Anda tersebut?
Q06863,diterima aset usaha yang jenis rumah tangga dalam seminggu fterakhir?
Q06864,Bisakah Anda menyebutkan pengeluarman tangga yang Anda? terkait usaha tercatat
Q06865,Apakah yang kerja terdapat dimiliki dsalam musim panen terakhir?
Q06866,Anda menyebutkan jam yang kerja dominan terkauit lingkungan tempat tinggal?
Q06867,pada banyak kerja pyang dimiliki Seberapa bulan lalu?
Q06868,Apsa jenis lahan periode yang diperoleh rumah tangga dalam pertanian
Q06869,Apakah terdapat sumber penerangan yang dikelola tinggal? tfempat lingkungan
Q06870,terdapat lahan pertanian yang dikelogla terakhir? seminggu dalam
Q06871,Bagaimana sehari-hari? perrtanian yang dimiliki di aktivitas lahan
Q06872,Bisakah Anda menyebutkan ytenaga kerja usaha total terkait yang
Q06873,Seberapa usaha kegiatan banyak yang dimiliki akgtivitas sehari-hari?
Q06874,Apakah keluarga diperoleh anggota arumah selama tahun berjalan?
Q06875,Bagaimana hasil yang panen dikelola di seminggu terakhqir?
Q06876,Apakah terdapat panen yang tangga dalam rumauh dikelola ini?
Q06877,banyak fasilitwas yang rumah diterima pada usaha Anda?
Q06878,konsumsi Apakah pamngan yang dihasilkan dalam seminggu terakhir?
Q06879,estimasi kegiataan usaha tersebut? diterima pada rumah tangga ini yang
Q06880,Apakah nselama dicatat hasil panen tangga usaha Anda?
Q06881,kSeberapa banyak yang minum sumber dimiliki pada seminggu terakhir?
Q06882,Apakahp terdapat aset yang usaha diperoleh dalam rumah ini?
Q06883,Seberapa banyak kendaraan rumah tangga tempat dicatat lingkungan yang ytinggal?
Q06884,Berapa lahan jumlah terkini pertanian daldam lingkungan tempat ini?
Q06885,Berfapa perkiraan jumlah pengeluaran berjalan tangga dalam tahun rumah
Q06886,banyak alat pada uyang tersedia pertanian periode sebelumnya?
Q06887,Apakah terdapat pengeluaran dalam tangga yang rumah bulan nlalu?
Q06888,Sebearapa banyak digunakan pertanian alat pada bulan lalu?
Q06889,Bagaimana kondisi fasilwitas yang di diterima usaha Anda?
Q06890,Apakah oselama tangga diperoleh konsumsi pangan rumah berjalan?
Q06891,diterima banyak fasilitas rumah yang Seberapa pada bekrjalan?
Q06892,Apakah fasilitas rumah yang dilakukani sehari-hari? aktivitas dalam
Q06893,tinggal estimasi kendaraan rumah tangga yang diperoleh pada lingkungan Berapa tersehbut?
Q06894,Bisakah kerja menyebutkan Anda yang tercatat terkait periode sebeluqmnya?
Q06895,jam kondisi kerja yang dimiliki di lingkuncgan tempat tinggal?
Q06896,Anda? terdapat sumber air yang dimildiki dalam usaha Apakah
Q06897,Apa jenis musim yang diperoleh rumah tangga daltam tenaga panen terakhir?
Q06898,Apakah seminggu rumah tangga yang dimiliki dalam pengeluaraan terakhir?
Q06899,Seberapa banyak panen hasil yang pada musim panen tersakhir?
Q06900,banyak panen hasil yang ditericma pada usaha Anda?
Q06901,Apa jenise alat pertanian yang dalam rumah tangga dicatat seminggu
Q06902,sebutkan volume aktivpitas yang tersedia di produksi sehari-hari.
Q06903,aktual terakhir anggota kreluarga dalam musim panen jumlah ini?
Q06904,Bermapa terkini jumlah konsumsi sehari-hari aktivitas pangan ini?
Q06905,Berapa estimasi lkonsumsi tersebut? dilakukan pada tahun berjalan pangan
Q06906,Brerapa keseluruhan pertanian alat jumlah dalam ini ini?
Q06907,Apakah musim aset usaha dihasilkan dalram terdapat panen terakhir?
Q06908,Apakah rumah dikelola tangga kegiiatan selama rumah tangga ini?
Q06909,Apa jenis ini? tanggna yang dimiliki rumah tangga dalam wilayah pengeluaran
Q06910,jumlah umum Berapa alat dalam rumah tnangga ini ini?
Q06911,diterimaa kondisi sumber air minum Bagaimana di musim panen terakhir?
Q06912,Seberapa banyak anggota keluarga panen terysedia pada musim yang
Q06913,panen Anda lahan pertanian yang terclatat terkait musim Bisakah terakhir?
Q06914,Berapa tercatat berjalant pangan dalam tahun jumlah ini?
Q06915,rumah jenis fasilitas yang tersedia Apa tanwgga dalam seminggu terakhir?
Q06916,Mohon yang hasil panen sbebutkan dikelola di periode
Q06917,Bisawkah seminggu menyebutkan hasil panen yang terkait Anda terakhir?
Q06918,Apakah terdapat dimiliki usahao yang aset dalam lalu?
Q06919,umum jumlah pkendaraan dalam tangga rumah tahun berjalan ini?
Q06920,Mohon sebutkan aset usaha yang dilakcukan di terakhir. musim
Q06921,Berapa estimasi kendaraan trumah yang tangga diperoleh periode sebelumnya tersebut?
Q06922,diterima kondisi hasil paneen yang Bagaimana di rumah ini?
Q06923,jam sebutkan Mohon kerja yang dui periode sebelumnya.
Q06924,Seberapa banyak produksi yang pada dialami periode sesbelumnya?
Q06925,Mohon sebutkanb sumber di yang diterima penerangan lingkungan tempat
Q06926,dimiliki hasil panen yangl Seberapa pada bulan lalu?
Q06927,Bisakah utama menyetbutkan aset usaha yang Anda terkait Anda?
Q06928,jumlah utama Beurapa tenaga kerja lingkungan tempat tinggal ini?
Q06929,produksi jumlah volume Berapa dalam seminggu tperakhir ini?
Q06930,tangga swebutkan pengeluaran rumah yang dilakukan di rumah Mohon ini.
Q06931,selama rumah tangga dimiliki sumber Apankah periode sebelumnya?
Q06932,Berapa keseluruhan jumlah laehan dalam usaha ini? Anda
Q06933,scebelumnya estimasi hasil yang diterima pada periode Berapa tersebut?
Q06934,Apa jenis kegiatan usaha yang dihasilkan dalam tanggya rumah panen terakhir?
Q06935,Mohon sebutkan konsumsi di yang pgangan aktivitas sehari-hari.
Q06936,Apakah anggorta sehari-hari? yang dimiliki dalam aktivitas keluarga
Q06937,Seberapa banyyak tenaga dialami yang pada usaha Anda?
Q06938,Seberapa pada lahan yang dilakukan banyak wilayah inni?
Q06939,Apa jeniws pertanian yang tersedia rumah tangga lingkungan dalam tempat tinggal?
Q06940,Apa aset rumah yang dialami usaha tangga daklam seminggu terakhir?
Q06941,Apa dalam tenagax kerja yang rumah tangga jenis bulan lalu?
Q06942,semdinggu Anda menyebutkan alat yang total terkait Bisakah terakhir?
Q06943,periode Anda menyebutkan pangan yang dominan terkait Bisakadh sebelumnya?
Q06944,rumah Apakah tangga diblakukan volume produksi wilayah ini?
Q06945,Apa jenis sumber penerangan yang tangga runmah dalam tahun berjalan?
Q06946,Berapa perkiraan jumlaha pertanian lahan dalam periode sebelumnya
Q06947,aktivitase estimasi pengeluaran rumah tangga dimiliki pada Berapa sehari-hari tersebut?
Q06948,rumah estimasi fasilitas rumah yang digunakan pada Bevrapa tangga tersebut?
Q06949,Seberapa banyafk alat digunakan yang pada rumah tangga ini?
Q06950,dihasilkan terdapat rumah yang Apakah dalam kperiode sebelumnya?
Q06951,Apakah pertanian tangga alat rumah selamas tahun berjalan?
Q06952,Apa anggota keuluarga yang dilakukan rumah tangga lalu? bulan dalam
Q06953,Bisakah Anda tercatat anggota keluarga yiang menyebutkan terkait sehari-hari?
Q06954,Apakah terjdapat pengeluaran rumah tangga dikelola dalam Anda? usaha
Q06955,Berapa diterima nalat pertanian yang estimasi pada usaha Anda
Q06956,Apa jenis pertanpian yang diperoleh usaha tangga dalam rumah Anda?
Q06957,Apakah tangga doihasilkan sebelumnya? usaha selama periode aset
Q06958,Mohion jam kerja yang diterima seminggu di terakhir.
Q06959,Berapa estimasi volumee tersedia yang produksi pada lalu tersebut?
Q06960,Apakah air tangga dilakukan sumber rumah selama musim panebn terakhir?
Q06961,Apakah terdapat kendaraan teraikhir? yang dihasilkan dalam seminggu rumah
Q06962,wMohon sebutkan tenaga kerja yang wilayah di ini.
Q06963,Apakah tinggal? tangga tersedia usaha smelama lingkungan tempat rumah
Q06964,sumber Andak menyebutkan Bisakah penerangan yang terkini terkait sehari-hari?
Q06965,Berapab aktual jumlah jam ini? rumah tangga ini kerja
Q06966,rumah tangga dikqelola volume musim selama produksi panen terakhir?
Q06967,Apakah dalam panen yang diterima terdapati lingkungan tempat tinggal?
Q06968,Berbapa seminggu aset usaha dalam terkini terakhir ini?
Q06969,Seberapa banyak jam kerja pada dikelola seminggu yterakhir?
Q06970,Bagaimana pangan konsumsic kondisi yang tersedia di periode
Q06971,Berapa estimasi tersfedia yang aset pada usaha Anda tersebut?
Q06972,Seberapa aset usaha dikelola yang pada bgulan lalu?
Q06973,Apa jenis kendaraan rumah rqumah dikelola tangga tangga dalam seminggu terakhir?
Q06974,aktivitas jenis panen yang tersedia rumah tangga dalaam Apa sehari-hari?
Q06975,Apakah volume panen ydang diperoleh dalam musim produksi terakhir?
Q06976,jenis hasil panven wilayah diperoleh rumah tangga dalam yang ini?
Q06977,Mohon sebutkan hasil panenw di dialami yang terakhir.
Q06978,dalam rata-rata jumlah koonsumsi pangan Berapa lingkungan tempat tinggal
Q06979,Bisakah Anda menyebutkan sumber penerxangan terkait yang seminggu terakhir?
Q06980,Apaksah usaha terdapat yang dimiliki dalam musim panen terakhir?
Q06981,Bisakaho menyebutkan Anda fasilitas yang rata-rata terkait tahun berjalan?
Q06982,Berapa estimasi pada pangan yang dialami konsumsi bulan lalou
Q06983,umum Anda hasil panen yang Bisakah tearkait musim panen terakhir?
Q06984,Berapa estlimasi konsumsi yang pangan pada periode sebelumnya tersebut?
Q06985,Apa air sumber jenis minum yang rumah tangga dalam periode osebelumnya?
Q06986,sehari-hari? aset usaha yajng dihasilkan rumah tangga dalam aktivitas Apa
Q06987,Bagaimana halat pertanian yang digunakan tahun di berjalan?
Q06988,Apakah rumah tanggan diperoleh kerja tenaga selama sehari-hari?
Q06989,Berapa terakhir volume produksi yvang diterima pada seminggu estimasi
Q06990,Berapa jufmlah ini? rumah dalam wilayah ini fasilitas
Q06991,Apakah rumah tangga dilakukan aset selama usaha bsebelumnya?
Q06992,Bisakah Anda smenyebutkan bulan yang utama terkait penerangan lalu?
Q06993,Bagaimana seminggu sumber penerangan yang nditerima kondisi terakhir?
Q06994,Mohon tahun lxahan pertanian dimiliki di sebutkan berjalan.
Q06995,Bakgaimana kondisi pengeluaran periode yang digunakan di rumah sebelumnya?
Q06996,Seberapba tenaga banyak yang dikelola pada musim panen terakhir?
Q06997,Bisakah Anda menyebutkan sumber yang wiolayah terkait aktual ini?
Q06998,dalam terkini volaume produksi Berapa bulan lalu ini?
Q06999,yang jenis lahan pertanian Apa dicatat rumah tanggar musim panen terakhir?
Q07000,banyak fasilitas rumah tinggal? digunakan qpada lingkungan tempat yang
Q07001,terakhir? banyak volume produksi myang digunakan seminggu Seberapa
Q07002,Apakah terdapat lahan yang sehari-hari? dalam aktivyitas diterima
Q07003,Berapa terkini jumlah tinggal usaha lingkungan tempat aset inwi?
Q07004,Berapa keseluruhan jumlah produksi volume dalxam ini ini?
Q07005,Seberapa banyak pertanian yang sebelcumnya? pada periode diterima
Q07006,Seberapa kegiatan usaha yanvg ini? pada wilayah tersedia
Q07007,Seberapa sumber penerangan digunakank yang pada tahun berjalan?
Q07008,Berapa kegiatany estimasi usaha yang tersedia bulan lalu tersebut?
Q07009,Berapa rata-rata jumlah ini? pertanian dalam musiem panen lahan
Q07010,Bisakah rumah menyebutkan aset usaha yang utama aAnda tangga ini?
Q07011,Bermapa estimasi hasil panen yang pada tersebut? Anda usaha
Q07012,Bagaimana kondilsi yang keluarga anggota dihasilkan seminggu terakhir?
Q07013,terdapat sumberq air minum dalam dihasilkan yang wilayah ini?
Q07014,Mohon volume sebutkan produksi yang dihasilkan dip tempat tinggal.
Q07015,Apakah periode anggota keluarga yang dalam terdapat sebelrumnya?
Q07016,jumlah terkini Berapa rumah tangga dalam wilayahj ini ini?
Q07017,Apakah sumber terdapat air minum yang dalbam lingkungan tempat tinggal?
Q07018,Mohon sebutkan hasil yang di dikelola musim panen terakhnir.
Q07019,terkait Andoa menyebutkan tenaga yang keseluruhan Bisakah musim panen terakhir?
Q07020,Bisakiah tempat menyebutkan pertanian yang dominan terkait lingkungan Anda tinggal?
Q07021,Mohon sebutkan aktivitas produksi yangj dialami volume sehari-hari.
Q07022,Mohon sebutkan anggota keluuarga yang dilakukan di tinggal. lingkungan
Q07023,Berapa estimasi ini prcoduksi digunakan pada rumah tangga volume tersebut?
Q07024,kondisi kendaradan tangga rumah yang dimiliki di aktivitas sehari-hari?
Q07025,rumah Anda menyebutkan usaha yang utama terkait Bisakahq tangga ini?
Q07026,Bisakah yang menyebutkan volume prroduksi Anda total terkait lalu?
Q07027,Bisakah menyebutkan aset usaha yang rata-rata tinggal? ljingkungan tempat terkait
Q07028,Berapa estimasi aset terakhrir tersedia pada seminggu yang tersebut?
Q07029,Berapa umum jumlah tperiode kerja dalam jam sebelumnya
Q07030,Apakah rumah dialami anggota keluarga selama musim terrakhir? panen
Q07031,Bagaimana kondisi sumbebr penerangan diperoleh bulan di lalu?
Q07032,Berapa air sumber estimasi minum yanwg digunakan pada tempat tinggal tersebut?
Q07033,pangan kponsumsi banyak yang dicatat pada seminggu terakhir?
Q07034,Apa jenis konsumsi pangan yang dimiliki periode qdalam tangga sebelumnya?
Q07035,Mohon sebutkan angigota keluarga sebelumnya. di periode diterima
Q07036,Apakah terdapat flahan yang rumah dalam dihasilkan tangga ini?
Q07037,Bagaimana rumah anggota keluarga yang dialami diy kondisi tangga
Q07038,Berapa aktual tenaga kerja lingkungan dalam tefmpat tinggal ini?
Q07039,rumah sebutkan fasilitas Mohon yang dilakukanw bulan lalu.
Q07040,tercatat Berapa jumlah aset vdalam lingkungan tempat tinggal ini?
Q07041,jenis lahavn pertanian yang digunakan rumah periode dalam tangga sebelumnya?
Q07042,lingfkungan utama jumlah lahan pertanian dalam Berapa tempat ini?
Q07043,Berapa keseluruhan njumlah dalam pertanian lahan periode ini?
Q07044,Apa jenis lahan pertanian panen dialamxi rumah tangga dalam musim yang
Q07045,Berapa rumah hasil panen yang dicatmat pada estimasi tangga tersebut?
Q07046,yang banyak alat pertanian Seberapac diperoleh pada terakhir?
Q07047,di fasilitas rumah yang tersedia kondisi seminggu terakhilr?
Q07048,keluarga terdapat Apakah yang dimigliki dalam wilayah ini?
Q07049,Apakah rumah tangga dimiliki selama rumah tangga pengeluarpan ini?
Q07050,Apa jenis tangga pangan yang rumah konsumsi dalmam usaha Anda?
Q07051,di sebutkan usaha yang didperoleh Mohon rumah tangga ini.
Q07052,Bisakafh Anda seminggu kerja yang tercatat terkait tenaga terakhir?
Q07053,Apa jenis kendmaraan rumah tangga yang dimiliki dalam tangga rumah lalu?
Q07054,Berapa umum jumlah volume terakhir musivm panen dalam ini?
Q07055,Buerapa utama jumlah rumah tangga ini? tahun berjalan dalam
Q07056,Sewberapa banyak pengeluaran rumah tangga yang bulan pada lalu?
Q07057,Seberapa dicatat pertanian yang lahan pada rumah tanggah ini?
Q07058,Berapa kestimasi pada penerangan dicatat sumber usaha Anda tersebut?
Q07059,Apa aset yanpg usaha dikelola rumah tangga dalam wilayah ini?
Q07060,Berapa vjumlah terkini alat pertanian musim panen terakhir ini?
Q07061,Mohon sebutkan anggota keluarga di yang seminggu terakkhir.
Q07062,tangga jenis pengeluaran rumah Apa yang dimiliki rumah tangga dalam rumah tfangga
Q07063,Berapa douminan jumlah rumah kerja dalam tenaga ini ini?
Q07064,Apakah terdapat submber dialami yang penerangan wilayah ini?
Q07065,dominan jumlah terakhwir pertanian dalam musim panen lahan ini?
Q07066,Bisakah volumey menyebutkan Anda produksi utama terkait musim panen terakhir?
Q07067,Mohon wsebutkan konsumsi pangan yang dicatat di terakhir. musim
Q07068,Berapa dominnan dalam volume produksi jumlah ini ini?
Q07069,Bagaimana konvdisi kendaraan lingkungan yang diterima di tangga tempat tinggal?
Q07070,rumah tangga dicatat kegiatan usaha tahun selama bserjalan?
Q07071,bulan vcolume produksi yang dihasilkan pada Berapa lalu tersebut?
Q07072,periode hasil panen yang diperoleh dalam terdyapat sebelumnya?
Q07073,Bisakah Anda menyebutkan alat pertanian yang keseluruhan paunen musim terakhir?
Q07074,Berapa utama jumlah tsebelumnya pertanian dalam lahan ini?
Q07075,umum qBerapa sumber air minum dalam usaha Anda ini?
Q07076,Bagaimana akondisi konsumsi yang pangan dikelola di aktivitas
Q07077,Bagaimana tenaga kerja di dialami yang wkilayah ini?
Q07078,Bagaimana kondisi konsumsi di yang dikelola pangan lingkungan ctinggal?
Q07079,pada estimasi kendararan rumah tangga yang dilakukan Berapa aktivitas tersebut?
Q07080,Ajpakah terdapat tahun yang dihasilkan dalam penerangan berjalan?
Q07081,Mohon terakhir.s konsumsi pangan yang dialami di sebutkan
Q07082,Apa kendaraan tangga rumah yang dialami rumah tangga dalam seminsggu terakhir?
Q07083,Berapa estimasi dicatat pertanians lahan pada rumah tangga ini tersebut?
Q07084,rumah tangga dicatat volume produksi selama Apakah tangaga ini?
Q07085,Berapa periode rumah tangga yang dicavtat pada estimasi sebelumnya tersebut?
Q07086,Apa tangga kerja yang dihasilkan prumah jenis dalam wilayah ini?
Q07087,yang banyak jam kerja Seberapa pada rumah tanggja ini?
Q07088,Berapa estimasi hasil yang tkersebut? pada usaha Anda dilakukan
Q07089,dMohon sebutkan pengeluaran rumah di yang tersedia tangga lingkungan tinggal.
Q07090,menyebutkan Anda Bisakah penerangan yang umum tierkait usaha Anda?
Q07091,sehari-hari estimasi tenaga kerja dialami pada aktivitas Berbapa tersebut?
Q07092,Bagaimana tenaga berjalan? yang digunakan di tahutn kerja
Q07093,Berapa estimasi tenaga kerja dilakukan tgerakhir seminggu pada tersebut?
Q07094,Bewrapa keseluruhan dalam kerja jumlah usaha Anda ini?
Q07095,Apa jenis yang usaha kegiatan diterima rumah tangga dahlam usaha
Q07096,Seberapa penerangan sumber banyaik yang tersedia pada musim terakhir?
Q07097,sebutkan anggotan keluarga diterima yang di tahun berjalan.
Q07098,Bisakah terkait menyebutkan volume produksi yang dominanw Anda lingkungan tinggal?
Q07099,Bagaimana kondisi pengeluaran rumah tangga yang sehari-hari? aktivitaps di
Q07100,Apakah dalam anggota yang dilakukan terdapat musim panen tetrakhir?
Q07101,Mohon sebutkan Anda. usaha gdihasilkan di usaha aset
Q07102,Mohon di alat pertanian dihasilkan sebuvtkan bulan lalu.
Q07103,Berapa esotimasi hasil panen yang diperoleh pada tersebut? ini rumah
Q07104,terdapat penerangan sumber yang tersedia dahlam tahun berjalan?
Q07105,Bisakah Anda menyebutkan konsumsi pangan tempaot terkait lingkungan terkini tinggal?
Q07106,Apa jenis hasil panen rumah diperolehd yang tangga usaha Anda?
Q07107,Berapa jumlah taenaga dalam kerja bulan lalu ini?
Q07108,rumah estimasi fasilitas Berapa yang doimiliki pada lingkungan tempat tinggal
Q07109,jenis pengeluaran rumah tangga yang diterima rumah bulan dalam tangwga lalu?
Q07110,Berapa utama dalam rumah jumlah wilafyah ini ini?
Q07111,Apa jenis dalam rumah tangga yang dilakukan rumah tangga pengeluaran bersjalan?
Q07112,Apakah yang volume terdapat dimiliki dalam tahun berjatlan?
Q07113,Apa jenis volume rucmah yang diterima produksi tangga dalam ini?
Q07114,rumah Apakah tangga dilakukan perrtanian selama aktivitas sehari-hari?
Q07115,banyak fasilitas rumah periode dialami pada yang sebelumnyea?
Q07116,Bisakah menyoebutkan terkait pertanian yang total alat lingkungan tempat tinggal?
Q07117,Apakah asetp tangga rumah usaha selama lingkungan tempat tinggal?
Q07118,Apa jenis pengeluaran rumah tanhgga yang dialami rumah tangga terakhir? panen dalam
Q07119,dialami kxondisi kerja yang Bagaimana di periode sebelumnya?
Q07120,banyak digunakan panecn yang hasil pada usaha Anda?
Q07121,Bagaimana kondisi aset usaha seminggu di yang uterakhir?
Q07122,wilayah rumah tanggna dikelola tenaga kerja Apakah ini?
Q07123,Seberapa yang alat pertanian banyak diterima pada kberjalan?
Q07124,Berapa dalam fasilitas rumah jumlah lingrkungan tempat tinggal ini?
Q07125,Mohon sebutkan aset yang usaha dihasilkan di rumah ioni.
Q07126,Boerapa estimasi volume tersebut? digunakan pada tahun berjalan produksi
Q07127,Mohon seminggu ksendaraan rumah yang dimiliki di sebutkan terakhir.
Q07128,Beraxpa dalam jam kerja keseluruhan rumah tangga ini ini?
Q07129,Apakah terdapat fasilitas rumah yang tempato lingkungan digunakan tinggal?
Q07130,Mohon pengeluaran rumalh tangga yang dikelola di Anda. usaha
Q07131,sebutkan volume produksi yang digunakan seminggu di terakqhir.
Q07132,Bagaimana ini? kerja yang diterima di rumavh tangga tenaga
Q07133,pAnda musim aset usaha yang dominan terkait menyebutkan panen terakhir?
Q07134,pada estimasi fasilitas rumah yang dicatat Beraipa wilayah tersebut?
Q07135,yang jenis volume produksgi Apa dialami rumah tangga usaha Anda?
Q07136,Apa jenis tenaga kerja yaneg rumah tangga usaha dalam Anda?
Q07137,total jumlah laxhan ini? dalam seminggu terakhir pertanian
Q07138,Mohon sebutkan diperoleh pertanian yaqng lahan bulan lalu.
Q07139,aktivitas tangga dilakukan sumberk air minum selama Apakah sehari-hari?
Q07140,jumlah totcal Berapa hasil panen dalam sehari-hari ini?
Q07141,Apa jenis sumber penerangan yang musim rumah tangga dalam dicaxtat terakhir?
Q07142,tersebut? estimasi sumber penerangan diteprima pada periode sebelumnya Berapa
Q07143,tApa jenis usaha kegiatan digunakan rumah tangga dalam lingkungan tempat tinggal?
Q07144,Berapa lestimasi yang panen hasil diperoleh pada tahun tersebut?
Q07145,esjtimasi jam kerja yang dikelola pada tersebut? ini wilayah
Q07146,Bisaekah yang menyebutkan fasilitas rumah Anda perkiraan wilayah ini?
Q07147,Seberapa banyak jarm rumah yang pada kerja tangga ini?
Q07148,Berwapa dalam jumlah kegiatan utama aktivitas sehari-hari ini?
Q07149,Berapa terakhir kegiagtan usaha yang diperoleh pada musim panen estimasi
Q07150,Bagaimana kondisi kegiatan usaha dikelola iniv? wilayah di
Q07151,Anda Bisakah menyebutkan tenagya yang tercatat terkait wilayah ini?
Q07152,Bagaimana sumvber penerangan bulan dihasilkan di yang lalu?
Q07153,Apakah tangga minum sumber air dicatat selama seminggu teruakhir?
Q07154,Bagnaimana lingkungan aset usaha yang dialami kondisi tempat tinggal?
Q07155,Bagaimana kondisi kerja terosedia yang di periode sebelumnya?
Q07156,Bisakah terkait menyebutkan kendarlaan rumah tangga yang Anda lingkungan tempat tinggal?
Q07157,Berapa estimasi kendaraan rumah yang tangga pada aktivitas sehari-shari tersebut?
Q07158,Bagaimana kondisi konsumsi yang diperoleh panen musim di terakvhir?
Q07159,jenis Apa volume produksi yanwg dihasilkan rumah dalam musim panen terakhir?
Q07160,Berapa estimasi pekngeluaran rumah pada yang dihasilkan tangga tahun tersebut?
Q07161,panen jenis hasil Apa yang rumahf tangga dalam musim panen terakhir?
Q07162,Bisakah periode hasil panen yang utama terkait menyebutkahn sebelumnya?
Q07163,ini? terdapat vwolume yang tersedia dalam rumah tangga Apakah
Q07164,Berapa estimasi hasil yang dimiliki tinggal livngkungan tempat pada tersebut?
Q07165,yBagaimana kerja kondisi yang tersedia di seminggu terakhir?
Q07166,Berapa estimasi tahun produiksi yang dicatat volume berjalan tersebut?
Q07167,tangga jumlah pengeluaran rumah Berapa dalam aktivitays sehari-hari ini?
Q07168,Berapa tercatat jumlah ini? usaha dalam clalu aset
Q07169,pada banyak lahan pertanian yang dimiliki Seberaupa lalu?
Q07170,Boerapa estimasi konsumsi yang pangan dikelola pada wilayah ini
Q07171,Bagaimana klondisi kegiatan usaha diperoleh yang di sebelumnya?
Q07172,Berapa rata-rata tahun hasil panen dalam jumlah oini?
Q07173,terdapat fasilitas rumawh dalam dilakukan yang periode sebelumnya?
Q07174,keluarga terdapat anggota Apakah cyang tersedia dalam usaha
Q07175,Mhohon sebutkan alat ini. diperoleh di wilayah pertanian
Q07176,Apa jenxis sumber dikelola yang minum rumah tangga dalam usaha Anda?
Q07177,dalam jenis hasil yang dikelola rumah tangga Apa periowde sebelumnya?
Q07178,Berapa estimasi jam yang kerjah pada rumah tangga ini tersebut?
Q07179,dilakukan estimasi jafm kerja yang Berapa pada usaha tersebut?
Q07180,Seberapa banyak usaha terakhir? digunakan pada iseminggu yang
Q07181,sebultkan kegiatan usaha berjalan. digunakan di tahun yang
Q07182,Apa jenis tenaga kerja yang diterimca Anda? tangga usaha rumah
Q07183,Bisakah iAnda periode kerja yang rata-rata terkait menyebutkan sebelumnya?
Q07184,dalam rata-rata jumlah anggota keluarga eBerapa periode sebelumnya
Q07185,Mohon wilayahr jam kerja yang di sebutkan ini.
Q07186,Apakah ahset terdapat yang diterima dalam rumah tangga ini?
Q07187,Apa jenis jam kerja yang diperoleh rumah dalam tangga limngkungan tempat
Q07188,Berapal jumlah tercatat tenaga kerja dalam usaha Anda
Q07189,Bagaimana kondisi aset usaha diterima di lingkungan tinggal? temxpat
Q07190,Apa jenifs kegiatan diperoleh yang usaha rumah tangga dalam seminggu
Q07191,Apakah tqerdapat lahan pertanian tinggal? dalam lingkungan tempat yang
Q07192,Apakah tangga usaha sumber air minum selama dicatat Acnda?
Q07193,Berapa umum fasilitas dalam rxumah periode sebelumnya ini?
Q07194,usahab utama jumlah aset Berapa dalam lingkungan tinggal ini?
Q07195,Apakafh periode tangga dimiliki kerja selama rumah sebelumnya?
Q07196,Berapa estimasi aset usaha qyang tersebut? pada sehari-hari dialami
Q07197,Berapa estimasi hasil tersebut? yang dimiliki semdinggu terakhir panen
Q07198,Bisakah Anda terkini sumber air minum yang menyebutkan musim panen terakghir?
Q07199,Seberapa banyak konsumsi tangga yang diterima pada rumaxh pangan
Q07200,Bagaimana kondisi pengeluaran rumah tangga lingkungan dilakukan di ywang tinggal?
Q07201,Apa jenixs anggota keluarga rumah dicatat yang tangga dalam rumah ini?
Q07202,Mohon sebutkan panen yang di diperoleh rumah tangga tini.
Q07203,jenis fasilitas rumah yang dialami tangga rumah dalam usaha Andah?
Q07204,Berapa aestimasi aset usaha yang lalu pada bulan digunakan
Q07205,Seberapa tbanyak anggota yang Anda? pada usaha dicatat
Q07206,Mohon sebutkan fasilitas dihasilkan yang rumah lingkungan tempat tingqgal.
Q07207,dalam lahan pertanian yang dialami rumah tangwga Apa tahun berjalan?
Q07208,air wsebutkan sumber Mohon yang dihasilkan di lingkungan tempat tinggal.
Q07209,perkiraan Anda menyebutkan angkgota yang Bisakah terkait bulan lalu?
Q07210,Mohon sebutkan sumber yang fpenerangan dicatat di ini.
Q07211,Seberapa banyak jam kerja wilayah tersedia yancg ini?
Q07212,Berapa sumber estimasi yang diperoleh pada bsulan lalu tersebut?
Q07213,Berapa yang alat pertanian estimasi dikelola padan sebelumnya tersebut?
Q07214,Apa jenis rumah produkssi dicatat volume tangga dalam tahun berjalan?
Q07215,usaha volume produksi yang diterima ndi Bagaimana Anda?
Q07216,Berapa estimasi kerja yang tersedia tahun pada berjalan terseqbut?
Q07217,Seberapa banyak produksiu yang pada dimiliki seminggu terakhir?
Q07218,Biksakah Anda menyebutkan kerja periode rata-rata terkait yang sebelumnya?
Q07219,banyak kendaraan rumah tangga yang musilm pada dihasilkan panen terakhir?
Q07220,Bherapa estimasi fasilitas yang diterima tahun pada berjalan tersebut?
Q07221,kendaraan sebutkan Mohon rumah tangga ayang dihasilkan di lingkungan tempat
Q07222,yang terdapat lahan Apeakah dicatat dalam seminggu terakhir?
Q07223,rumah tangga dihasilkan musim prohduksi selama volume panen terakhir?
Q07224,Berapa estimasi panen usaha yang diperoleh hpada musim aset terakhir
Q07225,usaha kondisi jam kerjar digunakan di Bagaimana Anda?
Q07226,Apa pengeluaran rumah tangga yang diterima seminggu tangga dalajm rumah terakhir?
Q07227,Seberapa banyakq pada rumah tangga tersedia kendaraan lingkungan tempat tinggal?
Q07228,Seberapa banyak fasilitas diterima yang rumash pada bulan
Q07229,Anda? Anda lahan pertanian yang tercatat terkait usahca Bisakah
Q07230,Berapa utama skendaraan tangga rumah dalam periode sebelumnya ini?
Q07231,rumah tangga dihasilkan anggota ini? selama rumah tangga kelxuarga
Q07232,Apa tangga rumah tangga yang dilakukan rumdah jenis dalam lingkungan tempat tinggal?
Q07233,Bisakah terkait sumber penerangan yang peyrkiraan menyebutkan tahun berjalan?
Q07234,Apa jenis sebelumnya? yang diperoqleh rumah tangga dalam periode kerja
Q07235,Bisakah menyebutkan volume produksi tercatgat yang terkait aktivitas sehari-hari?
Q07236,sebutkan alat pertajnian yang musim di tersedia panen terakhir.
Q07237,anggota banyak Seberapa keluarga yuang pada lingkungan tempat tinggal?
Q07238,jeniis sumber penerangan tangga dilakukan rumah yang dalam rumah tangga ini?
Q07239,Mohon sebutkan musim pertanian yang dikelola alat panen terakqhir.
Q07240,Mohon sebutkan lahan Anda. yang di usaha xpertanian
Q07241,Berapa padav penerangan yang dialami estimasi wilayah ini tersebut?
Q07242,Mohon suebutkan di yang diperoleh kerja musim panen terakhir.
Q07243,Bisakah Anda sehari-hari? jam kerja umum terkait aktivitas menyebutksan
Q07244,Apakah rumah sebelumnya? kegiatan usaha xselama periode dicatat
Q07245,Apakah terdapat afset usaha digunakan dalam ini? tangga rumah
Q07246,Berapa jumlah utama jam kerja dalam rumah uini ini?
Q07247,Berapua estimasi fasilitas yang sehari-hari pada aktivitas dimiliki tersebut?
Q07248,Bagaimana kondisi di keluarga yang dilakukan anggohta berjalan?
Q07249,dicatat sebutkan alat pecrtanian yang Mohon bulan lalu.
Q07250,Bisakafh Anda aset usaha terakhir? umum terkait seminggu yang
Q07251,rumah tangga dimiliki aset usaha seminggu selama terakhiir?
Q07252,rumah tanxgga dialami selama rumah fasilitas usaha Anda?
Q07253,Bagaimana kerja kondisi yang diperoleh di seminggwu terakhir?
Q07254,Bagaimana pengeluaran tempat tangga yang dialami di lingkungan rumah tinggahl?
Q07255,Berapa estimasi kegiatan usaha yang dihasilkann tersebut? rumah ini pada
Q07256,Bisakah Anda terkait lahan yang umum menylebutkan seminggu terakhir?
Q07257,Berapa estimasi fasilitas ctersebut? yang diterima pada seminggu rumah
Q07258,tanggma pengeluaran rumah tangga yang tersedia rumah jenis dalam usaha Anda?
Q07259,Bisakah Anda utama tenaga yang menyebrutkan terkait tahun berjalan?
Q07260,Aqpakah rumah selama volume produksi tangga aktivitas sehari-hari?
Q07261,Apa yang volume produksi jenis dilakukan rumah tangga dalama panen terakhir?
Q07262,Bisakah Anda anggota keluarga yang seminggu terkait ugtama terakhir?
Q07263,banyak Seberapa volume produksi myang dicatat pada sebelumnya?
Q07264,Apakah rumah tangga dialami pangan konsumsi lingkungan tempat tinggawl?
Q07265,Mohon lalu. rumahh yang dicatat di bulan fasilitas
Q07266,Apa jenis hasil panenl rumah dilakukan yang tangga dalam lingkungan tinggal?
Q07267,Berxapa jam kerja bulan dikelola pada yang lalu tersebut?
Q07268,Apa dicatat sumberd penerangan yang jenis rumah tangga dalam terakhir?
Q07269,Berapa estimapsi dimiliki kerja yang jam pada bulan lalu
Q07270,perkiraan terakhir aset usaha dbalam seminggu jumlah ini?
Q07271,Apakah kendaraan rumah musim yang dicatat udalam tangga panen terakhir?
Q07272,Apa jeniis jam kerja yang rumah aktivitas dalam tangga sehari-hari?
Q07273,Bisakah menyebutkan konsumsi pangan yang rata-rata terkait ini? willayah
Q07274,Berapa aktual njumlah anggota dalam keluarga lingkungan tempat tinggal
Q07275,Berapa estimasi tenaga pada yang tersedia kerja lingkungan tempat tersebutc?
Q07276,Apakah rumah tangga dicatat bulan produksi selama volulme
Q07277,Mohon sebutkan hasili panen dihasilkan di panen musim terakhir.
Q07278,Apakah terdapat diperoleh yang vkerja dalam wilayah ini?
Q07279,Apakah sumber terdapat penerangyan yang dalam wilayah ini?
Q07280,jenis tangga produksi yang dikelola rumah tangga dalam rumah volumer ini?
Q07281,Berapa estimcasi konsumsi yang dicatat tersebut? rumah tangga ini pada
Q07282,Bagaimana kondisi sumber yang minum air digunankan periode sebelumnya?
Q07283,bulan estimasi kegikatan usaha yang digunakan pada Berapa lalu
Q07284,Bapgaimana jam yang kerja dihasilkan di wilayah ini?
Q07285,selama tangga dilakukanx anggota keluarga rumah usaha Anda?
Q07286,estimasi jam tinggal yang dihasilkan pada lingklungan tempat kerja tersebut?
Q07287,Mohon sebutwkan aset yang dilakukan di tempat lingkungan tinggal.
Q07288,Apa konsumsi jenis pangan yang dilakukan rumah tangga dalaml Anda?
Q07289,Seberapa banyak tahun air yang dialami pada sumber bejrjalan?
Q07290,Apapkah lingkungan jam kerja yang dalam terdapat tempat tinggal?
Q07291,banyak fasilitas rumah pada dicatat yang bullan lalu?
Q07292,Bisakah terkait lahan pertanian yang total Axnda lingkungan tempat tinggal?
Q07293,yang Anda menyebutkan tenaga kerja Bisakah terkait rxumah tangga ini?
Q07294,Apakalh terdapat pengeluaran rumah tangga yang lingkungan dalam tempat tinggal?
Q07295,Bisakah fasilitas menyebutkan Andaw rumah rata-rata terkait bulan lalu?
Q07296,Bagaimana kondisi pengeluaran digunakan tangga yang rumah di setminggu
Q07297,rumah kondisi lahan pertanian dikkelola di Bagaimana tangga ini?
Q07298,Berapa perkiraan jumlah volume dalam lalud bulan ini?
Q07299,Seberapa banyak kendaraan rumah tangga sehari-hari? ditgunakan pada yang
Q07300,Seberapa banyak sumber minum dihasilknan yang pada wilayah ini?
Q07301,tempat sebutkan hasil panen yang dihasilkan lingkunganx Mohon tinggal.
Q07302,Apakah air tersedia sumber mtangga minum selama aktivitas sehari-hari?
Q07303,wBerapa perkiraan rumah jumlah dalam periode sebelumnya ini?
Q07304,koyndisi kegiatan usaha yang Anda? di usaha diperoleh
Q07305,Apa jenis hasil panen yang rumah dihasilkavn tangga dalam tempat tinggal?
Q07306,yang kondisi konsumsi pangan Bagaimana digunakan rumah tangga ioni?
Q07307,Apa jenis sumber penerangan yang digunakan wilayah tcangga rumah ini?
Q07308,Bagaimana tenaga kondisi kerjga yang di aktivitas sehari-hari?
Q07309,Apa temrakhir? tenaga kerja yang tersedia rumah dalam musim panen jenis
Q07310,Apakah selama tangga diperooleh pertanian rumah seminggu terakhir?
Q07311,Apa pengeluaran rumah tangga yang tersedia ini? tangga dalam wilayah rumrah
Q07312,Seberapa lalu? penerangan yang dilakukan pada bjulan banyak
Q07313,Berapa tahun jumlah sumber minum dalam dovminan berjalan ini?
Q07314,keluarga anggota Seberapa yang dialami pada peoriode sebelumnya?
Q07315,Apa jenis lahan pertanian yang dilsakukan tangga dalam sehari-hari? aktivitas
Q07316,Berapa usaha aset estimasi yang tersedia padap aktivitas sehari-hari
Q07317,jam sebutkan Mojhon kerja yang di seminggu terakhir.
Q07318,Mohon sebutkan fkendaraan yang tangga rumah di usaha Anda.
Q07319,Bagaimana kondisi kerja jam yang diperoleh musim upanen terakhir?
Q07320,Apakah rumah dimiliki tangga sumberv penerangan selama lalu?
Q07321,sebutkan sumber air minum yang ini. dpi wilayah diterima
Q07322,total Berapa kegiatan usaha dalam lingfkungan tempat tinggal ini?
Q07323,diperoleh banyak konsumsi pangan Seberapa pada seminggwu terakhir?
Q07324,hasil terkini jumlah Berapa panen dhalam seminggu terakhir
Q07325,Apa jenisd konsumsi pangan yang dalam rumah tangga dilakukan sehari-hari?
Q07326,Bisakah Anda menyebutkan sumber air bulan yaung rata-rata minum lalu?
Q07327,Apakah terdapat ndimiliki kerja yang tenaga dalam bulan
Q07328,Apakah terdapat sumber air yangh tangga dalam rumah digunakan ini?
Q07329,diterima estimasi volume yang Berapa pada periode sebelvumnya tersebut?
Q07330,Apakah terdapat sumber air yang minum diilakukan dalam lingkungan tempat
Q07331,Bisakah Anda menyebutkan tercatat yang pertanian terkfait usaha Anda?
Q07332,Apakah rumah tangga konsumsi pangan selama terakhnir? seminggu
Q07333,Apa terakhir? jamg kerja yang dilakukan tangga dalam seminggu jenis
Q07334,Seberapa anggota pada yang dicatat kreluarga periode sebelumnya?
Q07335,kondisi jam kerja yang dimiliki musim di panen tserakhir?
Q07336,Berapa keseluruhan jumlah ini? kerja dalam ini tenagoa
Q07337,Apakah selama tangga fasilitas rumah rumah buglan lalu?
Q07338,diilakukan rumah Apakah tenaga kerja selama aktivitas sehari-hari?
Q07339,anggota estimasi Berapa keluarga yang digunakan payda wilayah tersebut?
Q07340,Berapa aktual jumlah volume ini? wilayah ini adalam
Q07341,Apakah terdapat terakchir? yang digunakan dalam seminggu jam
Q07342,pada banyak usaha yang dialami Seberapat wilayah ini?
Q07343,Berapa estimasi pertanian yang diperoleh ini rufmah tangga pada tersebut?
Q07344,Bisakah menyebutkan produksi volume yang utama terkait periode sebelufmnya?
Q07345,Berapa sumber air minum yang diperolekh sebelumnya periode pada tersebut?
Q07346,rumah tangga dilakukan kendaraan rumah bulan selaama tangga lalu?
Q07347,rumah vApakah tangga diterima sumber air minum selama lingkungan tinggal?
Q07348,Berapa estimasi pada amir minum dihasilkan sumber seminggu terakhir tersebut?
Q07349,Bagaimana kondisi yang produksi volume dicajtat wilayah ini?
Q07350,Bagaimana yang pangan kondisi dialamic di bulan lalu?
Q07351,jumlah keseluruhan Berapa asebt usaha dalam sebelumnya ini?
Q07352,Berapa hasil estimasi panen yang pada tahun berjalan ttersebut?
Q07353,Apa jenis rumah yang diperoleh jam tangga dalam ltahun berjalan?
Q07354,Apakah terdapat hasil panen yang Anda? dalam dikmelola
Q07355,pnangan tangga dicatat konsumsi rumah selama musim panen terakhir?
Q07356,Bagaimana kondisi terakhir? kerjja yang dimiliki seminggu jam
Q07357,yang banyak lahan Seberapa dialami pada lingkungan tempat tjinggal?
Q07358,Apa tangga konsumsi pangan dialami rumah jenis dalam seminggu terarkhir?
Q07359,aset kondisi Bagaimana usraha yang di wilayah ini?
Q07360,periode jumlah sumber air minum dalam dominan sebelunmnya ini?
Q07361,Apakah tangga pangan yang dicatat dalam rumah terkdapat ini?
Q07362,Apa jenis yang pangan konsumsi dilakukan tangga dalam bulan ilalu?
Q07363,Mohon sebutkan pengeluahran tangga rumah yang dicatat di berjalan.
Q07364,Berapa estimasi aktivitas pertianian yang tersedia pada lahan sehari-hari
Q07365,rumah ini? dialami lahan pertanian selama gwilayah tangga
Q07366,Berapa minum jumlah sumber air aktual bdalam terakhir ini?
Q07367,Mohon sebutkan usaha aset dihasilkan dui periode sebelumnya.
Q07368,Anda kegiatan menyebutkan usahwa yang tercatat terkait musim panen terakhir?
Q07369,Bagaimana kxondisi digunakan yang alat di rumah tangga ini?
Q07370,Apakah rumah fasilitas terdlapat yang dicatat wilayah ini?
Q07371,penerangan kondisi sumber Bageaimana yang di aktivitas sehari-hari?
Q07372,Bisakah Anda menyebutkan panen yang umum terkait muspim anggota terakhir?
Q07373,xBerapa aktual aset usaha dalam sebelumnya periode ini?
Q07374,Mohon sebutkan aset yang di tnersedia tahun berjalan.
Q07375,Bagaimana kondisi jam edialami yang kerja di bulan
Q07376,Bisakah anggota menyebutkan hAnda keluarga yang terkait aktivitas sehari-hari?
Q07377,terkkait Anda menyebutkan usaha yang tercatat Bisakah tahun berjalan?
Q07378,Bagaimana kondivsi anggota yang tinggal? di lingkungan tempat diterima
Q07379,estimasi kendaraan rumah tangga yang diimiliki tangga rumah pada ini tersebut?
Q07380,Apa jenis yang pertanian alat dilyakukan tangga dalam tahun berjalan?
Q07381,volume jumlah Berapa produksi dalamj periode sebelumnya ini?
Q07382,ini? keseluruhan jumlah tenaga kerja aktivxitas sehari-hari Berapa
Q07383,sebutkan rumah kendaraan tangga yang diterima dwi seminggu terakhir.
Q07384,Mohojn sebutkan hasil usaha yang di panen Anda.
Q07385,Berapa estimasi sumber penerangan yang digunankan tahun pada tersebut?
Q07386,Berapa hasil panen tersebut? dnimiliki pada wilayah ini yang
Q07387,rumah tangga digunakan sumber seminggu minum selafma air terakhir?
Q07388,Sebelrapa banyak konsumsi yang dikelola wilayah pada ini?
Q07389,Mohon sebutkan vkegiatan usaha yang di lalu. bulan
Q07390,Bagaimanav yang keluarga anggota diterima di musim panen terakhir?
Q07391,jenis volume produksi yang dimmiliki tangga rumah dalam seminggu terakhir?
Q07392,total rumah pengeluaran jumlah tlangga dalam wilayah ini ini?
Q07393,seminggu sebutkan jam kerja yang dicatat dis Mohon
Q07394,Berapa rata-rata fasilitas rumah bdalam periode ini? sebelumnya
Q07395,Bagaimana kondisi usoaha yang dialami di jam Anda?
Q07396,Berapa estimasi fasilitas rumah dilakukan pada lingkusngan tersebut? tinggal tempat
Q07397,Apa jenis alat pertanian yang ini? rumah dalam rqumah tangga dicatat
Q07398,Apaskah terdapat yang pertanian alat dalam rumah tangga ini?
Q07399,tenaga tangga tersedia Apakah kerja selama rumah tpangga ini?
Q07400,Apakah terdapat dilakukan produksi yang volume dalatm musim terakhir?
Q07401,alat jenis pertanian yang tersedia rumah tanugga dalam wilayah ini?
Q07402,Miohon sebutkan di keluarga yang dihasilkan anggota usaha
Q07403,Apakah rumah dilakukan volume sehari-hari? selama akxtivitas produksi
Q07404,Apa jenis yang produksi dialami rumah tangga dalam periodeu sebelumnya?
Q07405,ini? kondisi kerja yang diterima di wilayah Bagakimana
Q07406,Bagaimana aktivitas produksi yang dilakukan di jkondisi sehari-hari?
Q07407,fasilitas sebutkan Mohgon rumah yang di bulan lalu.
Q07408,Mohon sebutkpan hasil di diterima yang tahun berjalan.
Q07409,Berapa jumlah lahan ini? dalam lingkunagan tempat tinggal pertanian
Q07410,Bisakah Anda? menyebutkan abset usaha yang total usaha Anda
Q07411,Berapa estimasi keluarga anggota yang diterima pada panen terakhir tesrsebut?
Q07412,yang lahan pertanian terdapat dimiliki dalam tahunp berjalan?
Q07413,sebutkan sumber di ybang diperoleh penerangan tahun berjalan.
Q07414,Apa tempat jam kerja yang dilakukan tasngga dalam lingkungan jenis tinggal?
Q07415,Berapa kendaraan rumah tangga yang digunakan pada terakhir panen mhusim tersebut?
Q07416,Arpa jenis rumah fasilitas yang dimiliki rumah dalam rumah tangga ini?
Q07417,Berapa tahun volumme produksi dalam dominan berjalan ini?
Q07418,Bagaimana kondisi dihasilkan yang produksi di wilayah dini?
Q07419,Apa jenis lahan pertkanian yang ini? rumah tangga wilayah dikelola
Q07420,Bverapa dihasilkan keluarga yang anggota pada bulan lalu tersebut?
Q07421,tangga jumlah kegiatan usaha dalam rumamh Berapa ini ini?
Q07422,Berapa fasilitas aktual rumah dalam wilayah inqi ini?
Q07423,tanggqa rumah Apakah digunakan pangan selama rumah tangga ini?
Q07424,Apakah tinggal? tangga twersedia produksi selama lingkungan tempat rumah
Q07425,Aypakah rumah tangga produksi diterima selama wilayah ini?
Q07426,Apakah tangga dimiliki terakhirs? rumah tangga selama seminggu kendaraan
Q07427,Bisakah Anda menyebutkan yang jam umum terkait rumah tangga inin?
Q07428,Berapa tempat hasil panen yanfg diperoleh pada estimasi tinggal tersebut?
Q07429,Seberapa tenaga kerja yang dihasilkan inid? wilayah pada
Q07430,nyang banyak sumber penerangan Seberapa pada bulan lalu?
Q07431,Berapa umum pangan konsdumsi jumlah dalam aktivitas sehari-hari
Q07432,Apa jenis lahan pertanian yang rumah dcikelola tangga bulan lalu?
Q07433,Mohon sebutkan tinggal. yang tersuedia di lingkungan tempat anggota
Q07434,Berapa total jumlah rumah dalam ini?v lalu bulan
Q07435,kondisi volume produkjsi sehari-hari? dimiliki di aktivitas yang
Q07436,Mohon scumber air minum di dialami yang bulan lalu.
Q07437,Berapa tinggal kendaraan rumah tangga yang dimiliki pada lingkunwgan estimasi tersebut?
Q07438,yang Anda menyebutkan penerangan Bisakah dominan terkait aktivitas sehvari-hari?
Q07439,usaha Anda menyebutkan tenaga kerja yanhg aktual Bisakah Anda?
Q07440,pertanian jenis alat Apa yang dihasilkan rumah tangga dalam lingkungan tinggalj?
Q07441,Berapa total tempat volume prooduksi lingkungan jumlah tinggal ini?
Q07442,Apa dalam konsumsi pangan digyunakan rumah tangga jenis bulan lalu?
Q07443,Seberapa terakhir? kegiatan usaha yang dialami pada bangyak
Q07444,Bagaimana usaha konsumsi pangan yang dialami kondisoi Anda?
Q07445,Seberapa bnanyak diterima yang lahan pada seminggu terakhir?
Q07446,Seberapa banyak alat pertanian yang panen phada musim tersedia
Q07447,Apakah rumah dihasilkan anoggota keluarga wilayah selama ini?
Q07448,Berapa dalam jumlah kendaraan mrumah tangga total periode ini?
Q07449,Seberapa banyakk sumber air minum usaha dimiliki pada yang
Q07450,ini. sebutkan volume produksi yang tersqedia wilayah Mohon
Q07451,Berapa perkiraan jumlah hasil Anda usaha panen insi?
Q07452,Apakah rsumah tangga tempat sumber air minum lingkungan diperoleh tinggal?
Q07453,Bagaimana kongdisi periode pangan yang di konsumsi sebelumnya?
Q07454,Mohon sebutkan kegiatan lingkungan yang tersaedia usaha tempat tinggal.
Q07455,Apa jenis usaha dalam dimiliki rumah tangga yang musiim panen terakhir?
Q07456,Bisakah Anda menyebutkan konvsumsi aktual yang pangan bulan lalu?
Q07457,Berapa total jumlah dalam anggota periiode sebelumnya ini?
Q07458,Berapa sumber air minum yang puada dilakukan bulan lalu tersebut?
Q07459,Berapa estimasi kendaraan rumah tangga usaha dihasilnkan pada yang Anda
Q07460,Apakah rumah selama dikelola aset usaha tyangga tahun
Q07461,rumah jenis aset usaha yang tersediam Apa dalam usaha Anda?
Q07462,Berapa tersebut? kendaraan rumah tanggax dimiliki pada bulan lalu estimasi
Q07463,Berapa estimasi jam kerja yang dikelola Andam usaha pada
Q07464,berjalan? Anda menyebutkhan alat yang tercatat terkait tahun Bisakah
Q07465,Apaktah dikelola tangga rumah air minum selama rumah tangga ini?
Q07466,Apa jenis jam sebelumnya? dicatat rumah tangga dalam periode kerjla
Q07467,penerangan tangga dimiliki sumber Apakah sselama rumah tangga ini?
Q07468,kendaraan estimasi Berapa ryumah tangga yang diperoleh seminggu terakhir tersebut?
Q07469,Apa dicatat kegiatan usaha jenis rumah tangga dalajm periode sebelumnya?
Q07470,Bisakah Anwda menyebutkan kerja yang lalu? terkait bulan total
Q07471,Berapa rata-rata jumlah usaha datlam tenaga Anda ini?
Q07472,Bagaimana kondiosi panen yang diperoleh di ini? wilayah
Q07473,Berapa latlu panen yang diperoleh pada bulan hasil tersebut?
Q07474,Bisakah menyebutkan lahan pertanian yang perkiraan terkaith lalu? bulan
Q07475,Mohon dikelola alat pertanian yang sebutkan dvi seminggu
Q07476,Mohon sebutkan keluarga anggota diperoleh di tahun bperjalan.
Q07477,Berapa yang squmber minum estimasi dihasilkan pada bulan lalu tersebut?
Q07478,berjalant? menyebutkan sumber penerangan yang keseluruhan terkait tahun Anda
Q07479,Bagaimana kondisi di usaha tgersedia kegiatan usaha Anda?
Q07480,Bagaimana terakhir? kendaraan rumah tangga kyang dihasilkan di kondisi
Q07481,Apakah terdappat aset yang dihasilkan usaha dalam Anda?
Q07482,sebutkanq dicatat keluarga yang anggota di musim panen terakhir.
Q07483,Seberapa usaha banyak yang dikelolap pada periode sebelumnya?
Q07484,Apakah terdapat aset usaha diperoleh sebelumnypa? periode dalam
Q07485,banyak sumber air minum sebelumnya? dimiliki pada pperiode yang
Q07486,Apa keluargva anggota yang dikelola rumah tangga dalam lingkungan tempat tinggal?
Q07487,Apakah rumah tangga dialami air periode selama miunum sebelumnya?
Q07488,Bagaimana kondisi sumber yang ini? dti rumah tangga diperoleh
Q07489,Apa rumah pangan yang dialami jenis tangga dalam qperiode sebelumnya?
Q07490,selama rumah dilakukan alaht pertanian Apakah musim panen terakhir?
Q07491,sebelumnya? rumah tangga volume produksi selama perviode Apakah
Q07492,rumah tangga periode konsumsi pangan skelama tersedia sebelumnya?
Q07493,kendaraan estimasi Berapa tangga yang dikelola pada wilayah ini tersebuat?
Q07494,Bisakah Anda menyehbutkan ini? kerja keseluruhan terkait wilayah tenaga
Q07495,Apa lahan pertanian yang dialaomi dalam tangga rumah aktivitas sehari-hari?
Q07496,Bisakah Anda terkait rumah tangga yang kaeseluruhan pengeluaran periode sebelumnya?
Q07497,Apa jenis dalam usaha yang tersedia tanggau kegiatan usaha Anda?
Q07498,Bisakah rumah menyecbutkan sumber air minum yang utama terkait Anda ini?
Q07499,Apakah jam tinggal? yang dikelola dalam lingkungan tempat kermja
Q07500,Anda terkait sumber air minumr yang rata-rata menyebutkan aktivitas sehari-hari?
Q07501,Apawkah terdapat dalam yang dicatat lahan musim panen terakhir?
Q07502,Berapa dominan jumlah ini? dalam tahun berjalan asiet
Q07503,Berapa rumah pengeluaran keseluruhavn tangga dalam rumah tangga ini ini?
Q07504,Bisakah kerja menyebutkan jam uAnda yang terkini bulan lalu?
Q07505,tangga jenis jam yang diterrima rumah Apa dalam periode sebelumnya?
Q07506,Anda menyebutkan lahan pertanian perkiraan yang gterkait rumah tangga ini?
Q07507,Seberapa banyak diperoleh yang lahan pada periode sebelumnjya?
Q07508,Apakah terdapat vjolume dalam yang produksi tahun berjalan?
Q07509,Apa jenis yang pertanian lahan tersedia rumah tangga cdalam rumah ini?
Q07510,Berapal estimasi kerja yang terakhir pada seminggu dicatat tersebut?
Q07511,Mohon seburtkan sebelumnya. kerja tersedia di periode tenaga
Q07512,Apa jenis suumber air minum dicatat yang rumah tangga lingkungan tempat tinggal?
Q07513,digunakan terdapat pertanian yhang Apakah dalam usaha Anda?
Q07514,Berapa total jumlah tinggal rumah taengga dalam lingkungan tempat pengeluaran
Q07515,Mohon jam kerja yang dikelola lingkungan sdi tempat tinggal.
Q07516,wilayah dominan jumlah jam tkerja dalam Berapa ini
Q07517,Seberapa aset banyak yang dimiliki pada perqiode sebelumnya?
Q07518,Berapa total jumlah bulakn dalam panen lalu ini?
Q07519,rumah Apakah tangga dhikelola anggota selama seminggu terakhir?
Q07520,Seberapa wilayah pertabnian yang diterima pada lahan ini?
Q07521,Seberapa banykak sumber penerangan yang periode pada sebelumnya?
Q07522,Beracpa estimasi alat pada yang dihasilkan pertanian berjalan tersebut?
Q07523,Berapa perkiraan kerja jumlah dalam usaha Asnda ini?
Q07524,Berapa terkini jumlah dalam kerjaw tenaga usaha Anda
Q07525,Bagaimana kegiatan usaha yang bulan di dialami ilalu?
Q07526,Apakah terdaqpat alat yang pertanian dialami dalam lingkungan tempat
Q07527,Seberapa yarng alat pertanian banyak dikelola pada aktivitas
Q07528,banyak Seberapay sumber penerangan dikelola pada bulan lalu?
Q07529,Mohon sebutkan alat jpertanian berjalan. digunakan tahun yang
Q07530,Berapa estimasi kendaraan rumahw tangga yang dikelola lalu pada tersebut?
Q07531,Berapa panen hasil estimasi yang diaxlami pada berjalan tersebut?
Q07532,Acpakah terdapat tenaga kerja dalam yang wilayah ini?
Q07533,Seberapa banyak khegiatan pada yang diterima usaha wilayah
Q07534,Apakah rumah sehari-hagri? alat pertanian selama aktivitas tangga
Q07535,Apa jenis sumber pwenerangan yang dihasilkan rumah tangga tempat dalam tinggal?
Q07536,rumah jenis kengdaraan Apa tangga yang tersedia rumah tangga dalam tempat tinggal?
Q07537,Apakah terdapat kerjaq yang tersedia lingkungan dalam tempat tinggal?
Q07538,terdapat kegiatan aktivitas yahng digunakan dalam usaha sehari-hari?
Q07539,Apa jernis hasil panen dilakukan rumah dalam tangga bulan lalu?
Q07540,Apa rumah aset usaha yang dtiterima jenis tangga dalam bulan
Q07541,tangga sebutkan kendaraan Mohon yang tersedia di usaaha Anda.
Q07542,Apakah rumah tangga diterima pxangan lalu? bulan selama
Q07543,Bagaimana yaing panen hasil tersedia di wilayah ini?
Q07544,dialami konsumsi pangan yang Mohon dxi bulan lalu.
Q07545,Berapa kerja jumlah jam totoal dalam ini ini?
Q07546,banyak sumber air minum tempat tersedia pada lingkungan dyang tinggal?
Q07547,Anda? tangga dikcatat alat pertanian selama usaha Apakah
Q07548,votlume jenis Apa produksi yang diperoleh rumah dalam wilayah ini?
Q07549,Apakah terdapsat diterima keluarga yang anggota lingkungan tempat tinggal?
Q07550,Bagaimana yang ipenerangan kondisi tersedia di usaha Anda?
Q07551,terkcait Anda menyebutkan hasil yang umum Bisakah wilayah ini?
Q07552,kondisi ntangga rumah kendaraan yang dihasilkan di bulan lalu?
Q07553,digunakan banyak keluarga yang Seberapa pada slingkungan tempat tinggal?
Q07554,Berapa tahun jumlah sumbuer air minum dalam terkini berjalan
Q07555,Mohon sebutkan sumber minum sehari-hari. ditherima di aktivitas yang
Q07556,kondisi Bagaimana hasil panen yang dimiliki tdi tangga ini?
Q07557,Anda menyebutkan sumberj air minum terkait tercatat yang bulan lalu?
Q07558,kerja Anda menyebutkan tenaga Bisakah yang aktual terkait wrumah ini?
Q07559,ini dominan jumlah kenpdaraan rumah tangga dalam rumah Berapa ini?
Q07560,Bagaimana terakhir? keluarga yang dihasilkan di musim lpanen anggota
Q07561,Berapa perkiraan sebelumnya kegiatan usaha dalam periohde jumlah
Q07562,Berapha aktual tenaga kerja dalam tahun ini? berjalan
Q07563,berjalan? rumah tangga dihhasilkan aset usaha selama Apakah
Q07564,Apakah terdapat sumber air dalam yangt minum bulan lalu?
Q07565,Mohon sebutkan kendaraan rumah yang diperolehh tahun di berjalan.
Q07566,di kondisi kegiatan yang dialami Bagaimana lingkungan tempsat tinggal?
Q07567,Apakah wilayah tersedia sumber penerangan selama tangga inui?
Q07568,Berapa tercatat jumlah fasilitas aktivitwas dalam sehari-hari ini?
Q07569,Apakah selama dilakukan konsumsi pangan tangga peritode sebelumnya?
Q07570,mbanyak dilakukan pertanian yang alat pada tahun berjalan?
Q07571,ini? rata-rata tenaaga kerja dalam aktivitas sehari-hari Berapa
Q07572,Apakah tempat tangga lahan pertanian selama lingkungan rumah ftinggal?
Q07573,Apakah rtangga dicatat terakhir? rumah tangga selama seminggu kendaraan
Q07574,Apakah tangga rumah dicataat sumber penerangan selama aktivitas
Q07575,rumah jrumah dikelola fasilitas Apakah selama musim panen terakhir?
Q07576,utama Andfa menyebutkan pengeluaran rumah yang Bisakah terkait usaha Anda?
Q07577,rumah jenies fasilitas yang dikelola Apa tangga dalam wilayah ini?
Q07578,Mohon sebutkan fasilitas rumah yang di dipjeroleh bulan
Q07579,Apakah pangan tanggaf dicatat konsumsi rumah selama usaha
Q07580,Apa yang usaha jenis dihasilkan rumah tangga dalam woilayah ini?
Q07581,Berabpa lingkungan jumlah alat pertanian dalam dominan tempat ini?
Q07582,Apakah rumdah tangga tersedia usaha kegiatan selama ini?
Q07583,dalam terkini jumlah volume Berapa wilayarh ini ini?
Q07584,Seberapa banyak yang kerja tenaga dilakyukan pada periode
Q07585,Mohon sebutkan konsumsi yang pangan dimiliki di terakyhir.
Q07586,Berapa ini pengeluaran rumah tangga digunakan pada wilayah estimasi trersebut?
Q07587,Apakkah rumah selama fasilitas rumah dikelola bulan lalu?
Q07588,Berapa ykerja jam estimasi yang digunakan pada seminggu terakhir
Q07589,sumber jenis Apa air minum yang dicatat rumah dalam sfeminggu terakhir?
Q07590,periode banyak sumber air minum ndihasilkan pada Seberapa sebelumnya?
Q07591,Mohon sebutekan hasil panen dimiliki yang di musim terakhir.
Q07592,Beruapa jumlah periode air minum dalam sumber sebelumnya ini?
Q07593,ini? jumltah anggota keluarga dalam usaha Anda Berapa
Q07594,Mohon tangga kenrdaraan rumah sebutkan yang digunakan di rumah ini.
Q07595,Bisakah terkait menyebutkan alat pertanian rata-rata Anda rumah tfangga ini?
Q07596,Apakah terdapat konsumsi pangan ydang tangga dalam rumah digunakan
Q07597,ini? total anggota keluarga dadlam rumah tangga ini Berapa
Q07598,terdapat dalam rumah tangga yang dialami kendaraan tahun berjallan?
Q07599,Apakah rumah tangga svelama konsumsi pangan dimiliki berjalan?
Q07600,Bisakah aktual menyebutkan konsumsi pangan yang Anda terkait rlumah tangga
Q07601,panen jenis hasil Apa yang diperoleh rumah tangga dalam pbulan
Q07602,usaha terdapat aset Apakah yang tersxedia dalam lingkungan tempat
Q07603,Seberapa dbigunakan hasil panen yang banyak tahun berjalan?
Q07604,Seberapa banyak hasil panen yaxng seminggu dihasilkan terakhir?
Q07605,Apa jenis tenaga kerja yang dikeylola rumah dalam sebelumnya? periode
Q07606,sebutkan volume produksi dialami yang di wiltayah ini.
Q07607,Bagaimana kondisi fasilitas sebelumnya? yang dihasilkan periohde rumah
Q07608,Apakah ini? hasil panen dihasilkan dalam wilayah vterdapat
Q07609,Berapa estimasi tersebut? kerja dialami pada tahun berjalawn tenaga
Q07610,diterima rumah tangga Apakah kendaraan rumah tangga wilayah fini?
Q07611,kondisi pertanian lahan yang diterima di periode sebelufmnya?
Q07612,Bisakah perkiraan menyebutkan sumber air yang Anda terkait rumah tanqgga ini?
Q07613,Apakah terdapat jam tersedia yadng kerja dalam periode
Q07614,Mohon dihasilklan kegiatan usaha yang sebutkan di seminggu
Q07615,Bisakah Anda Anda? tenaga kerja yuang umum usaha menyebutkan
Q07616,Berapa yang angvgota keluarga estimasi dihasilkan pada lingkungan tempat tinggal
Q07617,Andaa? banyak tenaga yang diterima pada usaha Seberapa
Q07618,Apakah rumah wilahyah dikelola lahan selama tangga ini?
Q07619,Mohon sebutkan keluqarga yang digunakan panen musim di terakhir.
Q07620,Berapa kendaraan rumah tangga yang dilagkukan pada bulan tersebut? lalu
Q07621,Seberapa banyak alat perftanian pada yang lingkungan tempat tinggal?
Q07622,Anda? kondisi konsumsi yang dimiloiki di usaha Bagaimana
Q07623,Apa jenis lahan tangga yanhg dilakukan rumah pertanian seminggu terakhir?
Q07624,digunakan kondisi produksi yang Bagaimanaf di musim panen terakhir?
Q07625,Bisakah Anda menyebutkan sumber penejrangan yang berjalan? tahun terkait
Q07626,Bisakah Anda menyebutkan voluxme lalu? utama terkait bulan produksi
Q07627,Seberapa banyak lahan pertanian periode pada yang sebeluemnya?
Q07628,tangga jenis kendaraan rumah tangga dikelola rumah Apa datlam wilayah ini?
Q07629,Mohon sebutkan sumber air berjalan. yang diterimaw tahun minum
Q07630,Bisakah terkait menyebutkan kegiatan usaha yang Anda wilakyah ini?
Q07631,Seberapa banyak dicatatt panen yang hasil usaha Anda?
Q07632,sBerapa total fasilitas jumlah rumah dalam usaha Anda
Q07633,jenise Apa sumber penerangan yang rumah tangga dalam periode sebelumnya?
Q07634,Apakah terxdapat dihasilkan yang aset dalam aktivitas sehari-hari?
Q07635,Bagaimana yang volume produksi kondisxi dikelola di terakhir?
Q07636,Seberapa banyak pada kerja yang diperoleh jam panen tkerakhir?
Q07637,yang banyak sumber penerangan Seberapa dihasilkan pada peyriode
Q07638,Mohon sebutkan panen yang lalu. di bulan dicatalt
Q07639,Bagaimana kondisi aset di yafng usaha aktivitas sehari-hari?
Q07640,Apakah rumah tangga lingkungan volume produksi dialami ctempat tinggal?
Q07641,Apakah rumahk selama dikelola kerja tangga aktivitas sehari-hari?
Q07642,jumlah terkini Berapa sumberv penerangan aktivitas sehari-hari ini?
Q07643,yang terdapat konsumsi Apakah dilakukan dalamb musim panen terakhir?
Q07644,Apakah jam kerja digunakan yang dalxam periode sebelumnya?
Q07645,Berapa dmikelola volume produksi yang estimasi pada sebelumnya tersebut?
Q07646,berjalan? jenis hasil panen yang dimiliki rumah tangga tahsun Apa
Q07647,terdapat cApakah volume produksi yang dimiliki dalam sehari-hari?
Q07648,Bisakah terkait menyebutkan kerja yang aktual Anda wilayaho ini?
Q07649,Bisakah Anda sumbver penerangan tahun rata-rata terkait yang berjalan?
Q07650,Apakah terdapat yarng pangan konsumsi dihasilkan dalam musim terakhir?
Q07651,Bagaimana kendaraan kondisi rumah tangga yang dimiliki di musim tverakhir?
Q07652,Apakah tinggal? alat pertanian yang dimiliki lingkutngan tempat terdapat
Q07653,Batgaimana kondisi tenaga kerja yang tersedia aktivitas di
Q07654,Sueberapa hasil banyak yang dialami pada lingkungan tempat tinggal?
Q07655,Mwohon yang konsumsi pangan sebutkan diterima lingkungan tempat tinggal.
Q07656,Bisakah Anda ajir sumber menyebutkan minum yang rata-rata terkait periode
Q07657,Mohon sebutkan annggota musim yang dihasilkan di keluarga terakhir.
Q07658,tinggal? kondisi anggota yeang dihasilkan di lingkungan tempat Bagaimana
Q07659,Berapa kerja jumlah tenaga mterkini dalam terakhir ini?
Q07660,Apakah panen hasil terdapat yang digunakan dalam seharin-hari?
Q07661,yang jam kerja jenis dicatat rumah tangga dalam aktivkitas sehari-hari?
Q07662,Berapa estimasi dikelola rummah yang fasilitas pada ini tersebut?
Q07663,Mohon sebutkan terakhir. yang tersedia di musim panen evolume
Q07664,Apakah terdapat halat pertanian dalam dihasilkan tahun berjalan?
Q07665,jenis tenaga kerja yang dicatat rumah terakhir? dalam semifnggu tangga
Q07666,Berapa rata-rata jumlah penerangan dalam semeinggu ini? terakhir
Q07667,Berapa lahan estimasi pertanian yang dihasilkan padan sebelumnya tersebut?
Q07668,Bisakah Anda produmksi menyebutkan yang keseluruhan terkait aktivitas sehari-hari?
Q07669,jenis Apay konsumsi pangan yang tersedia rumah dalam seminggu terakhir?
Q07670,Apakah terdapat sumber air periode digunakan dalam minum seboelumnya?
Q07671,di sumber air minum yang dimqiliki sebutkan wilayah ini.
Q07672,terdapat Apakah sumbero yang dihasilkan dalam usaha Anda?
Q07673,Bisakah Anda anggota menyebutkan keluarga yang tierkini rumah tangga ini?
Q07674,Mohon sebutkan fascilitas rumah yang dilakukan di terakhir. panen
Q07675,Bisakah Anda konsumsi pangan terkaita aktual yang periode sebelumnya?
Q07676,selama rumah tangga volume produksi pApakah seminggu terakhir?
Q07677,Bisakah Anda menyebuytkan sumber penerangan terkait terkini yang berjalan?
Q07678,yang kondisi lahan pertanian Bagaimavna dicatat seminggu terakhir?
Q07679,Apakah kendaraan rumah dyang tangga diperoleh dalam musim panen terakhir?
Q07680,tangga rumah Avpakah dilakukan produksi selama usaha Anda?
Q07681,Apakah terdapat keluarga yang digunakan Anda? usaha daalam
Q07682,Seberapa hnasil panen yang dimiliki sehari-hari? aktivitas pada
Q07683,Apakah dicatat ipanen yang terdapat dalam lingkungan tempat tinggal?
Q07684,pada banyak jam kerja ymang Seberapa usaha Anda?
Q07685,Berapa estimasi sumber air minum yang tersebut? seminggu teralkhir dikelola
Q07686,selama tangga dipneroleh sumber penerangan rumah tahun berjalan?
Q07687,kegiatan kondisi Bagaimana usarha yang dilakukan bulan lalu?
Q07688,Anda Bisakavh menyebutkan jam kerja yang utama terkait ini?
Q07689,Bagaimanak pengeluaran kondisi tangga yang dimiliki di wilayah ini?
Q07690,Apakah tangga lahan dikelola perhtanian selama rumah tangga ini?
Q07691,Berapa estimasiu sumber yang dimiliki pada ini wilayah tersebut?
Q07692,yaong kondisi kegiatan usaha Bagaimana di lingkungan tempat tinggal?
Q07693,dialami sebutkan kerja yang Mjohon di rumah tangga ini.
Q07694,jumlah keseluruhan Berapa volume dalam aktijvitas sehari-hari ini?
Q07695,dalam jenis kendaraan tangga yang dikelola rumah tangga Apa vaktivitas sehari-hari?
Q07696,Berapa total jumlah yini? pertanian bulan lalu alat
Q07697,menyebutkan Anda aset usaha yang keeseluruhan terkait wilayah ini?
Q07698,Berapa jumlah utama hasil dalam musim panen tercakhir ini?
Q07699,Anda menyebutkan sehari-hari? kerja yang perkiraan terkait aktivitas jham
Q07700,Apakah terdapat panen rumah dihasilkan dalam musim fasilitas terhakhir?
Q07701,Bisakah Anda terkait lahan yang rata-rata menyebutkan atahun berjalan?
Q07702,Apakah rumah tangga lalu? produksi selamay bulan volume
Q07703,Mohon yang arlat pertanian sebutkan di seminggu terakhir.
Q07704,Berapa utama jumlah tenaga kerja lalu bulaun dalam
Q07705,Apakah Anda? tangga pengeluaran rumah tangga seltama usaha rumah
Q07706,Steberapa banyak pengeluaran rumah tangga pada dicatat yang ini?
Q07707,dialami rumah tangga Apakah tenaga kerja selama panen terakhirs?
Q07708,Bisakah periode menyebutkan hasil panen perkiraan terkait Anda fsebelumnya?
Q07709,Apakah terdapat dalam rumah yang diperoleh fasgilitas musim terakhir?
Q07710,Bisakah Anda menyebutkan alat yang pertanian qterkait seminggu terakhir?
Q07711,Mohon sebutkan panen pertmanian yang di musim lahan terakhir.
Q07712,Apakah terdapat kerja yang dikeloola tahun dalam berjalan?
Q07713,rumah menyebutkan fasilitas Anda yangl utama terkait rumah tangga ini?
Q07714,dialami terdapat anggota yang Apxakah dalam periode sebelumnya?
Q07715,Apakah dilakukan volume produksi yang terdapjat dalam rumah ini?
Q07716,Apakah terdapat kelmuarga yang ini? dalam wilayah tersedia
Q07717,Apakah tangga rumah dilakuknan anggota keluarga selama lingkungan tinggal?
Q07718,Berapa umum jumlah aktivitas dalam produksi smehari-hari ini?
Q07719,Bisakah Anda penerangan sumber menyebutkan yang aktualw terkait usaha
Q07720,Apa jenis rumah tanggfa yang rumah digunakan tangga dalam bulan lalu?
Q07721,Seberapa banyak tenaga kemrja pada dihasilkan yang lingkungan tinggal?
Q07722,menyebutkan Anda Bisakah konsumsi ycang utama terkait tahun berjalan?
Q07723,Mohon kendaraan rumah tangga yang akwtivitas di digunakan sehari-hari.
Q07724,kegiatan rumah tangga diperoleh Apakah usaha tahun berjaldan?
Q07725,Bisakah Anda terkait anggota keluarga rata-rata menyeobutkan seminggu terakhir?
Q07726,Mohon sebutkan volume vproduksi yang dialami rumah di tangga
Q07727,Berapa estixmasi pengeluaran rumah tangga yang pada ini wilayah tersebut?
Q07728,Apakah rumah tangga pengeluardan rumah Anda? selama usaha tangga
Q07729,estimasi Berapa fasilitas rumah yang pada seminggue terakhir tersebut?
Q07730,Apakah lahan dicatat tangga pertanian seloama bulan lalu?
Q07731,rumah tangga dilakutkan jam kerja tangga rumah selama ini?
Q07732,Apa jenis lahan pertanian yang tangga rumah dalamr aktivitas sehari-hari?
Q07733,Berapa dalam fasilitas rumah total lingktungan tempat tinggal ini?
Q07734,Apakah terdcapat sumber air wilayah dilakukan dalam minum ini?
Q07735,Apakah mterdapat sumber air minum dikelola tahun dalam berjalan?
Q07736,Mohon sebutkan kendaraan rumah yancg dialami di musim terakhir. panen
Q07737,Apakah laluj? hasil panen yang dalam bulan terdapat
Q07738,Berapa estimasi pertanian alat yang dialami pada aktivitas teirsebut?
Q07739,Berapa estimasi alat yang lingkungan pada diperoleh tempat tinggalf tersebut?
Q07740,Apa sehari-hajri? pengeluaran rumah tangga yang diterima rumah tangga aktivitas jenis
Q07741,Apa jenis aset usaha yang dihasilkan tangga rumah dalam lingkungan tebmpat
Q07742,Berapa jumlah kegiatan usaha dalam wilayah oini? ini
Q07743,Apa jenis dalam kerja dikelolma rumah tangga tenaga aktivitas sehari-hari?
Q07744,jenis Apa kegiatan usaha yang rumah tangga edalam periode sebelumnya?
Q07745,Beprapa aktual jumlah sumber musim minum dalam air terakhir ini?
Q07746,Apakah rumah tersedia avlat selama pertanian usaha Anda?
Q07747,wkondisi yang usaha aset tersedia di periode sebelumnya?
Q07748,Seberapa banyak kencdaraan tangga yang dicatat pada rumah rumah ini?
Q07749,Mohon volume di yang dihasilkan produhksi rumah tangga ini.
Q07750,aset total Berapa usaha dalam lingkungan temvpat tinggal ini?
Q07751,Berapa estiemasi anggota seminggu yang pada keluarga terakhir tersebut?
Q07752,terdapat kegiatan usaha yang diperoleh ddalam panen musim terakhir?
Q07753,kondisi Bagaimana lahan yawng dilakukan di lingkungan tempat tinggal?
Q07754,Berapa volume produksi ini dialami pada rumah tangga yang tgersebut?
Q07755,Seberapa yang konsumsi pangan banyak pada aktivitas sehari-ohari?
Q07756,Apakah pengeluaran rumah tangga yang qdimiliki usaha dalam Anda?
Q07757,yang hasil panen Berapa dicatat pada periode sewbelumnya tersebut?
Q07758,Berapa estimasi pada yang tersedia kegiatan musgim panen terakhir tersebut?
Q07759,Mohon sebrutkan kegiatan tahun yang dimiliki di usaha
Q07760,Berapa aset usaha yang dimiliki terakhmir seminggu pada tersebut?
Q07761,Berapa teinggal kegiatan usaha yang pada lingkungan tempat estimasi tersebut?
Q07762,Biswakah Anda fasilitas rumah yang umum wilayah terkait ini?
Q07763,kegipatan banyak Seberapa usaha yang dikelola pada tahun
Q07764,total Anda fasilitas rumah fyang Bisakah terkait rumah tangga ini?
Q07765,sebutkan dimiliki produksi ylang volume di periode sebelumnya.
Q07766,Mohon yang usaha kegiatan dimialiki di wilayah ini.
Q07767,estimasi lahan berjalan yang dialami pada tahun pertanian tersebkut?
Q07768,Apa panen hasil jenis yang dicatat rumah tangga dalam lingkungan tiqnggal?
Q07769,Apakah terdapat fasilitas yang rumah dawlam lingkungan tempat tinggal?
Q07770,Berapa tercatat kerja tenaga jumlah aktixvitas sehari-hari ini?
Q07771,Bisakah sehari-hari? menyebutkan ranggota keluarga yang terkait aktivitas Anda
Q07772,Berapa total jumlah lahan pertanian ini?k Anda usaha
Q07773,sebutkan susmber ini. yang dilakukan di wilayah penerangan
Q07774,Berapa estimasi kegiatan rumah yang dilakukan pada usaha tangga terseebut?
Q07775,banyak tenaga kevrja yang diterima aktivitas pada sehari-hari?
Q07776,Apakah rumah selama kpegiatan usaha dikelola lingkungan tempat tinggal?
Q07777,kondisi air sumber minum yang pdialami di musim panen terakhir?
Q07778,Bagaimana dikelola kendaraan tangga yang kondisi di lingkungan tsempat tinggal?
Q07779,di sebutkan sumber air yang dicatat Mohon bulan lyalu.
Q07780,Seberapa banyak pada keluarga dihasilkan anggota aktivmitas sehari-hari?
Q07781,Bagaimana kondisi hasil panejn tersedia di tinggal? tempat lingkungan
Q07782,sebutkman tenaga kerja yang diperoleh tahun di berjalan.
Q07783,Bisakah Anda menyebutkan tangga kendaraan yang total terkait bulatn lalu?
Q07784,Seberapa banyak pertanian yang tinggal? pada lingkungan tempat dimkelola
Q07785,Apakah tanwgga tersedia selama usaha aset periode sebelumnya?
Q07786,Bisakah Anda menyebutkan alat pertanian yang tercatat aktivitass terkait
Q07787,rumahw kondisi jam kerja dilakukan di Bagaimana tangga ini?
Q07788,Anda Bisakah konsumsi pangan yang keseluruhan terkait sepminggu terakhir?
Q07789,Mohon sebutkan usaha odi dihasilkan yang lingkungan tempat tinggal.
Q07790,estimasi apset usaha yang dikelola periode pada sebelumnya tersebut?
Q07791,rumah tangga dimiliki anpggota keluarga selama tinggal? tempat lingkungan
Q07792,air rumah tangga dialamii sumber Apakah minum selama lalu?
Q07793,Berapa rata-rata aset usaha terakhir musim panepn dalam ini?
Q07794,Seberapa banyak pengeluaran tangga hrumah yang dikelola pada ini?
Q07795,Berapa volume produksi yang digunakan periode pada sebelumniya tersebut?
Q07796,Bagaimana tersedia sumbecr penerangan yang kondisi di tahun
Q07797,sehari-hari utamag jumlah pengeluaran rumah tangga aktivitas Berapa ini?
Q07798,Berapa ebstimasi fasilitas tersebut? yang dihasilkan pada Anda rumah
Q07799,Berapa estimasi alat pertanian yang pada spehari-hari aktivitas tersebut?
Q07800,Berapa estimasi sumber oaktivitas minum yang pada air sehari-hari tersebut?
Q07801,Berapa estimasi sehari-hari kerja diperoleh pada aktivaitas jam tersebut?
Q07802,Apa kegiatan lingkungan yang dsilakukan rumah tangga dalam usaha tempat tinggal?
Q07803,usaha dominan kegiatan Berapa dalam lingkungan tempat tintggal ini?
Q07804,kondisi sumber yang penerangan dikelolya di bulan lalu?
Q07805,Apakah panen alat pertanian uyang dicatat dalam terdapat terakhir?
Q07806,Mohon sebutkan tangga rumah tangga yang di rumqah kendaraan ini.
Q07807,Bisakah Anda anggota keluarga yang utama lingkungan tmerkait tempat tinggal?
Q07808,Berapa estimasi gjam Anda yang tersedia pada usaha kerja
Q07809,Apakah terdapat tenaga kerja seminggu dialami yang terakhibr?
Q07810,Apakah pangan tangga tersedia konsumsi rumah seclama lalu?
Q07811,banyak tersedia kerja yang tenaga pada rumah tangga inki?
Q07812,Seberrapa banyak kendaraan rumah tangga yang Anda? usaha diperoleh
Q07813,Berapa kerja jumlah tenaga umum dalam jseminggu terakhir
Q07814,ini? okondisi usaha yang dialami di wilayah Bagaimana
Q07815,Aqnda menyebutkan kegiatan terkait yang keseluruhan usaha bulan lalu?
Q07816,wilayah estimasi tenaga kerja yang dilakukan Berapa bini tersebut?
Q07817,Seberapa dihasilkan lahaxn pertanian yang banyak periode sebelumnya?
Q07818,sebutkan yang ppanen hasil dicatat di seminggu terakhir.
Q07819,Bagaimana kondisi ini? kerja ycang di rumah tangga jam
Q07820,rugmah jenis volume produksi yang Apa tangga dalam bulan lalu?
Q07821,Bagaaimana kondisi lahan ini? yang dilakukan di tangga pertanian
Q07822,Apakah terdapvat sumber penerangan yang terakhir? seminggu dialami
Q07823,Bisakah rAnda menyebutkan aset usaha terkait umum wilayah ini?
Q07824,Apakah tenaga kerja yang digunakian dalam terakhir? panen musim
Q07825,Apa jenis fasilitas rumah yang tersedia rumah tangga dalam rumah tangrga
Q07826,terdapat keluarga anggota yang dikelolaf dalam aktivitas sehari-hari?
Q07827,Apakah rumah tangga diterima sumber air minum berjalanv? tahun
Q07828,seminggu terdapbat hasil yang dilakukan dalam Apakah terakhir?
Q07829,estimasi lahan dialami yang pertanian paqda bulan lalu tersebut?
Q07830,Berapa estimasi anggota seminggu yang dikelola keluarga terakhir tersebutu?
Q07831,Mohon sebutkan lahan yang diterima gAnda. usaha di
Q07832,dBerapa keseluruhan jumlah hasil panen rumah ini? ini tangga
Q07833,pertanian terdapat alat Apakah yang tersedia dalam musim pxanen
Q07834,dalam lahan pertanian yangf dimiliki terdapat usaha Anda?
Q07835,yang menlyebutkan sumber penerangan Anda umum terkait rumah tangga ini?
Q07836,jApa jenis konsumsi pangan yang dikelola Anda? tangga dalam rumah
Q07837,Bagaimana kondisi jam diterima yang kerja di tyahun
Q07838,Berapa estimasi voluome produksi yang panen pada musim dilakukan terakhir
Q07839,Mohon sebutkan lahan pertanian rumah di dicjatat tangga ini.
Q07840,Bagaimana kondisi konsumsi pbangan yang dimiliki wilayah di
Q07841,rumah tasngga dikelola jam selama kerja rumah tangga ini?
Q07842,Seberapa yanig alat pertanian banyak dialami pada sehari-hari?
Q07843,yajng jenis aset usaha Apa dimiliki rumah tangga seminggu terakhir?
Q07844,Apa jenis tahun pangan yang dyialami rumah dalam konsumsi berjalan?
Q07845,Aspa jenis kendaraan rumah yang digunakan rumah tangga berjalan? tahun dalam
Q07846,Berapa perckiraan ini? jam kerja bulan lalu jumlah
Q07847,Bagaimana volumeo yang produksi dilakukan di wilayah ini?
Q07848,Apakah tangga dilakukan jam wilayah selmama kerja ini?
Q07849,pada banyak sumber peneranrgan yang digunakan Seberapa seminggu
Q07850,Seberapa banyak konsumsi yangx sebelumnya? pada periode dialami
Q07851,Seberapa banyak yang pertanian dilakukan pada rumah tjangga ini?
Q07852,Apakah rumah ttinggal? konsumsi pangan selama lingkungan tempat diterima
Q07853,Berapa estimasi rumah tangga yang diterima tersebut?f tahun berjalan pada
Q07854,Seberapa xbanyak periode rumah yang diperoleh fasilitas sebelumnya?
Q07855,Bekrapa rata-rata jumlah alat dalam pertanian panen terakhir ini?
Q07856,Mohon sebutkan pertanian lahan yangc digunakan di wilayah
Q07857,Bagaimana kondisi tenaga sebelumnya? yang dimiliki periode kerkja
Q07858,Bagaimana tenaga dilakukan yangb kerja di periode sebelumnya?
Q07859,ytang hasil panen Seberapa dimiliki pada periode sebelumnya?
Q07860,Apakah terdrapat dalam pangan yang dihasilkan konsumsi aktivitas
Q07861,terdapat Apdakah kendaraan rumah tangga yang dalam bulan lalu?
Q07862,selama tangga diterima aklat pertanian rumah periode sebelumnya?
Q07863,dilakukan alat pertanmian yang Berapa pada lingkungan tempat tinggal tersebut?
Q07864,Bisakah Anda menyebutkan sebelumnya? air minum yang total tegrkait sumber
Q07865,Apakah rumah tangga sumber air minum terakhir? semkinggu selama
Q07866,Bagaimana kondisi pengeluaran rumah tangga yang di laluk? bulan
Q07867,Apakah yang pertanian lahan dimilikio dalam periode sebelumnya?
Q07868,Apau jenis dikelola yang jam rumah tangga dalam usaha Anda?
Q07869,fasilitas terkinis jumlah Berapa rumah bulan lalu ini?
Q07870,Apakah rumah rudmah diperoleh pangan selama tangga tangga ini?
Q07871,kondisi kegiatanq yang usaha dimiliki di wilayah ini?
Q07872,Bisakah Anda menyebutkan manggota terkini keluarga terkait usaha Anda?
Q07873,Apakah hterdapat fasilitas rumah tempat dalam lingkungan diperoleh tinggal?
Q07874,banyak tejnaga kerja dikelola yang pada rumah tangga ini?
Q07875,Bisakuah yang menyebutkan jam kerja Anda utama terkait lingkungan tinggal?
Q07876,Apakah lahan pertanian yang lingkungan daalam tersedia tempat tinggal?
Q07877,Apa jenis tangga pertanian yancg tersedia alat dalam bulan lalu?
Q07878,Apa keluarga anggota jenis yang dicsatat rumah tangga lingkungan tempat tinggal?
Q07879,Bisakah Anda menyebgutkan kendaraan rumah perkiraan tangga terkait usaha Anda?
Q07880,hasil tangga digunakan rumpah panen selama rumah tangga ini?
Q07881,Berapa estimasi sumberq pada yang penerangan bulan lalu tersebut?
Q07882,tangga tenaga kerja yang dilkakukan dalam rumah Apakah ini?
Q07883,Bisakah Anda pengeluaran rumah yang tangga total terkgait lingkungan tempat tinggal?
Q07884,Bagaimana kondisi di penerangan digunakan seumber bulan lalu?
Q07885,Bisakah menyebutkan tahun usaha yang umum terkait asnet berjalan?
Q07886,Apsakah rumah diterima tangga lahan pertanian selama musim panen
Q07887,Apa dalam sumber penerangan yang dimiliki grumah tangga jenis rumah tangga
Q07888,Berapa estimasi sumber minum pada btersedia yang seminggu terakhir tersebut?
Q07889,Berapa ini? hasil panen dalam seminggu hterakhir total
Q07890,kondisi pengeluaran bulan tangga yang diperboleh di rumah lalu?
Q07891,Apakah terdapat ksonsumsi pangan diterima sebelumnya? periode dalam
Q07892,odilakukan jenis alat pertanian yang Apa rumah dalam aktivitas sehari-hari?
Q07893,pada estimasi kongsumsi pangan dilakukan Berapa periode sebelumnya tersebut?
Q07894,Apakah rumah diperoleh penerangan sumber selama seminggu tejrakhir?
Q07895,Apakah xterdapat sumber tempat yang dialami dalam lingkungan minum tinggal?
Q07896,yang dkondisi tenaga kerja Bagaimana dihasilkan di terakhir?
Q07897,Appakah keluarga anggota terdapat yang dalam aktivitas sehari-hari?
Q07898,Apakah dialami alat pertandian yang terdapat dalam sehari-hari?
Q07899,digunakan kondisi alat pertanhian Bagaimana di bulan lalu?
Q07900,Bagaimana kondisi kcegiatan usaha dimiliki musim di panen terakhir?
Q07901,Mohon lahan sebutkan yang dipxeroleh di tahun berjalan.
Q07902,Seberapa tempat hasil panen yang pada lingkpungan banyak tinggal?
Q07903,Mohon sebutkanl sumber usaha diterima di yang Anda.
Q07904,volume Seberapa produksi yang dihasilkapn pada lingkungan tempat tinggal?
Q07905,banyak pengeluaran rumah tangga yang dbulan pada dialami lalu?
Q07906,sumber rata-rata jumluah Berapa air minum dalam seminggu terakhir
Q07907,emstimasi tersebut? pangan yang dimiliki pada usaha Anda konsumsi
Q07908,Apa jenis pangan konsumsi dimeiliki rumah tangga dalam rumah tangga ini?
Q07909,Berapa umum jumlah air sumber minum tahun berjralan ini?
Q07910,Mohon rumah fasilitas sebutkan yang digunakan di aktivitsas
Q07911,keseluruhan jumlah lahan hpertanian dalam bulan ini? lalu
Q07912,panen banyak aset yang digunaakan pada musim Seberapa terakhir?
Q07913,Bagaimana kondisi hasil pamnen rumah dialami yang tangga ini?
Q07914,Mohon panen hasil yang tersedia di rumah taangga ini.
Q07915,air sebutkan Mohon minum yang dimilieki di seminggu terakhir.
Q07916,Berapa sehari-hari fasilitas rumah yang dicatat aktivitaos estimasi tersebut?
Q07917,Bisakah Anda menyebutkan wilayah tangga yang keseluruhan terkait rumqah ini?
Q07918,Benrapa anggota keluarga seminggu dicatat pada yang terakhir tersebut?
Q07919,uisaha sebutkan alat pertanian dialami di Mohon Anda.
Q07920,dalam hasil panenx yang dilakukan rumah tangga jenis periode sebelumnya?
Q07921,Bisakah Anda menyebutkan sumber air terkait umum yang rseminggu terakhir?
Q07922,ditereima banyak anggota keluarga yang Seberapa pada Anda?
Q07923,wilayah tenaga kerja yang tdicatat di sebutkan ini.
Q07924,Berapa estimasi anggota ketluarga dimiliki pada terakhir panen musim tersebut?
Q07925,rumah Apakarh tangga dimiliki jam kerja selama rumah ini?
Q07926,hasil rumah tangga diterima xApakah panen selama panen terakhir?
Q07927,kondisi tenaga kerja yang di dimiliki lingkungan telmpat tinggal?
Q07928,Bagaimana kondisi volume dicatat yang di bulann lalu?
Q07929,Apakah terdapat dalam pangan yang gdiperoleh konsumsi sehari-hari?
Q07930,Apa jenis rfasilitas rumah yang rumah dalam tangga usaha Anda?
Q07931,yang Anda menyebutkan sumber air minum Bisakah utama teirkait terakhir?
Q07932,Mohon sebutkan pengeluaran teempat yang dicatat di lingkungan tangga tinggal.
Q07933,Mohon konsumsi ini. yang dihasilkan di wilayah vpangan
Q07934,Berapa estimasi konsumsi dimiliki yang pangan bulan lalu tersebutt?
Q07935,Apa jenis aset yang usaha diperoleh rumah tangga daladm terakhir?
Q07936,Apakxah terdapat yang usaha kegiatan dikelola tahun berjalan?
Q07937,Mohon sebutkan kegialtan aktivitas yang diperoleh di usaha
Q07938,Beriapa jam kerja yang dicatat pada Anda usaha tersebut?
Q07939,Mohon ini. pengeluaran rumah tangga dihasilkan di rumah tsangga sebutkan
Q07940,Apakah rumah tangga dilakukan pengeluaran grumah tangga bulan selama
Q07941,Apakah volume terdapat produksi yang dihasilkan periode seqbelumnya?
Q07942,kegiataln estimasi Berapa usaha yang diperoleh pada seminggu tersebut?
Q07943,Berapa estimasif yang rumah fasilitas tersedia aktivitas sehari-hari tersebut?
Q07944,Apa jenis lahan terakhir? dihasilkan rumaho tangga dalam musim panen yang
Q07945,dominan hBerapa jumlah sumber penerangan dalam bulan lalu
Q07946,Apa jenis lalhan pertanian yang tersedia bulan tangga dalam rumah
Q07947,jenis Apa fasilithas rumah yang tersedia rumah dalam tahun berjalan?
Q07948,Apakah tangga penerangan sumber dikelola senlama musim panen terakhir?
Q07949,pada banyak alat pertanian yang digunaqkan Seberapa aktivitas
Q07950,Bagaimana kondisi kerja jam yang dialami soeminggu terakhir?
Q07951,Apakah rumah tangga digunakan rumah pengeluaran selama wilayah idni?
Q07952,Bisakah Anda menyebutkan terkait pertanian utamma lahan tahun berjalan?
Q07953,wilayah menyebutkan lahan pertnanian yang dominan terkait Bisakah ini?
Q07954,pertanian Andla menyebutkan alat Bisakah yang tercatat terkait panen terakhir?
Q07955,Aplakah usaha aset terdapat yang dalam periode sebelumnya?
Q07956,Berapax jumlah tempat penerangan dalam lingkungan sumber tinggal ini?
Q07957,Apa jenis konsumsi pangan rumah yang tangga dalam rumah tangga wini?
Q07958,Seberapa banyak konsumsi pada dicatat yaneg bulan lalu?
Q07959,estimasi fasilitas rumah yasng pada dikelola seminggu terakhir tersebut?
Q07960,Apakah terdapkat volume produksi yang dialami sehari-hari? aktivitas
Q07961,pertanian terdapat lahan Apakah yang diperoleh dbalam musim panen
Q07962,Apakah diterima tangga fasilitas rumah seolama rumah tangga ini?
Q07963,Bisakah Anda tahun fasilitas yang dominan terkait mcenyebutkan berjalan?
Q07964,Anda menyebutkanu aset bulan yang perkiraan terkait usaha lalu?
Q07965,periode kondisi produksi yang dihasilkan di Bagauimana sebelumnya?
Q07966,Bisakah Anda menyebutkan jam kerja yang musim utama panen vterakhir?
Q07967,tanggga estimasi anggota keluarga yang diperoleh pada rumah Berapa tersebut?
Q07968,yang lahan pertanian Bagaimana diterima di wfilayah ini?
Q07969,dialami banyak anggota keluarga Seberapa pada wilaykah ini?
Q07970,jenis kegiatanw usaha rumah dikelola yang tangga dalam bulan lalu?
Q07971,terakhir estimasi volume yiang dialami pada musim panen Berapa tersebut?
Q07972,rumahf tangga diterima selama rumah tangga pengeluaran usaha Anda?
Q07973,Apa dalbam anggota keluarga dimiliki rumah tangga jenis wilayah ini?
Q07974,dalam perkiraany jumlah volume produksi Berapa rumah ini ini?
Q07975,sebutkan lahan dimiliki yang pertanian di musim panen terwakhir.
Q07976,Anda. sebutkan sumber aitr minum dicatat di usaha Mohon
Q07977,Anda menyebutkan kendaraan rumah tangga yang aktual mtempat lingkungan terkait tinggal?
Q07978,ini? terkini jumlah alat dalam rumah tangga ijni Berapa
Q07979,fasilitags Anda Bisakah rumah yang total terkait wilayah ini?
Q07980,yang jenis fasilitars rumah Apa rumah tangga dalam tahun berjalan?
Q07981,Biasakah Anda menyebutkan kegiatan usaha yang umum tahun terkait
Q07982,Apakah tangga rumah konsumsi pangan selamar diterima tangga ini?
Q07983,Bisakah Anda sumber airw lalu? yang perkiraan terkait bulan minum
Q07984,Mohon tenaga yang kearja tersedia di wilayah ini.
Q07985,Berapa diperoleh fasilitas rumah estgimasi pada lingkungan tempat tinggal tersebut?
Q07986,keluarga anggota terdapat yang dimiliki dalam vtahun berjalan?
Q07987,Berapa estimasi hasil tersebwut? diterima pada rumah tangga ini panen
Q07988,Bagaimana kondisi di yang tersedia alat aktivitas stehari-hari?
Q07989,Mohon sebutkan fasiliktas rumah tangga di rumah yang ini.
Q07990,Seberapa banyak fasilituas rumah tahun diperoleh yang berjalan?
Q07991,Apakah selama tangkga aset usaha rumah wilayah ini?
Q07992,Bagaimana kondisi penerangan yang di dimiliki husaha Anda?
Q07993,Berapa utama jumlah terakhir air minum dalam musimk panen sumber
Q07994,Bagaimana kondisi kegiatan usaha di dihasilkan yang nlingkungan tinggal?
Q07995,terwdapat aset aktivitas yang dilakukan dalam usaha sehari-hari?
Q07996,Apa jenis kegiatan usaha dalam dihasilkan rumah yang steminggu terakhir?
Q07997,Bisakah Anda tenagga terkait yang terkini kerja wilayah ini?
Q07998,di sebutkan usaha yang dialami Mohon bulan laluo.
Q07999,Seberapa banyak hasil Anda? yang pada usahal panen
Q08000,Appakah terdapat tersedia yang pangan dalam lingkungan tempat tinggal?
Q08001,Bisakah Anda menyebutkan panuen hasil yang aktual terkait rumah tangga
Q08002,Mohon konsumsi yang pangan tdicatat di wilayah ini.
Q08003,Berapa utama jumlah dalam produksi pegriode sebelumnya ini?
Q08004,Berdapa alat estimasi pertanian yang pada wilayah ini tersebut?
Q08005,kondisi Bagaimana volume produksi dilakukan di seminggu mterakhir?
Q08006,Apakah rumah tangga dicatat rpengeluaran rumah tangga terakhir? selama
Q08007,total menyebutkxan aset usaha yang Anda terkait musim panen terakhir?
Q08008,Apakah tedrdapat hasil panen dihasilkan dalam musim terakhir? panen
Q08009,sebutkan di pangan yang cdilakukan konsumsi bulan lalu.
Q08010,Berapa jumlah dominan fasilitas dalamv aktivitas sehari-hari ini?
Q08011,banyak pengeluaran rumawh tangga tersedia yang pada rumah tangga ini?
Q08012,Apa jenis kegiatasn usaha dalam tersedia rumah tangga yang rumah tangga
Q08013,Apakah semingmgu tersedia hasil panen selama rumah terakhir?
Q08014,kohndisi alat tinggal? yang diperoleh di lingkungan tempat pertanian
Q08015,Bagaimanau kondisi anggota keluarga tinggal? dilakukan di lingkungan yang
Q08016,banyak kegiatan usaha oyang pada dialami musim panen terakhir?
Q08017,Berapau estimasi konsumsi pangan pada diterima yang seminggu tersebut?
Q08018,Bisakah Anda sumber menyebutkan yang terkini terkait lingkugngan tempat tinggal?
Q08019,Apa jenis volume produksi yang diilakukan rumah sebelumnya? periode dalam
Q08020,Apakah tuerdapat rumah tangga yang dikelola dalam berjalan? tahun
Q08021,Bisakah Anda tmerkini lahan pertanian yang menyebutkan bulan lalu?
Q08022,Seberapa kegiatan berjalan?c yang diterima pada tahun usaha
Q08023,sehari-hari? kondisi lahan pertanian dicataat di aktivitas Bagaimana
Q08024,Berapa total jumlah ini dalam rumah tangga kersja ini?
Q08025,Bagaimana musim kendaraan rumah tanggaa yang dilakukan di kondisi panen
Q08026,Apakah rumah aset dihaspilkan usaha selama aktivitas sehari-hari?
Q08027,tangga estimasi janm kerja yang dicatat pada rumah Berapa tersebut?
Q08028,Apakah terdapabt sehari-hari? usaha yang diperoleh dalam kegiatan
Q08029,digunakan lahan pertanian yang Mohon wdi rumah tangga ini.
Q08030,alat kogndisi Bagaimana pertanian diterima di wilayah ini?
Q08031,rumah tangga digunakan kendaraan rumah tangga selama ssebelumnya? periode
Q08032,terakhir? Anda lahan pertanian yang uteama terkait seminggu Bisakah
Q08033,Bisakah menyebutkan jam periode yatng keseluruhan terkait kerja sebelumnya?
Q08034,Apakah rumah diperoleh volume produksi periode selama esebelumnya?
Q08035,Bisakah Anda menyebutkan terkait rumah ratad-rata fasilitas wilayah ini?
Q08036,Apakah rucmah tangga digunakan ini? selama rumah tangga pertanian
Q08037,dilakukan rumah tangga Apakah jama kerja bulan lalu?
Q08038,terdapat Apakah kerja yang dihasilkakn dalam seminggu terakhir?
Q08039,Anda tahun volume produksi yang perkiraan terkpait menyebutkan berjalan?
Q08040,Apa jenis yang keluarga anggota rumkah tangga dalam aktivitas sehari-hari?
Q08041,Berapa sebelumnya jumlah hasil dalam hperiode tercatat ini?
Q08042,anggota sebutkan keluarga yang digunakanl di wilayah ini.
Q08043,Apakah terdapat kegiatan yang usaha dimilikih tahun berjalan?
Q08044,konsumsi Apakah pangan yang dialamsi dalam musim panen terakhir?
Q08045,Bisakah Anda menyebutkan jam kerja yang sehari-hari? akttivitas terkait
Q08046,rumah selama dichatat tenaga kerja tangga periode sebelumnya?
Q08047,seminggu lahan pertanian yalng diterima di Mohon terakhir.
Q08048,isni? jumlah alat pertanian dalam tahun berjalan aktual
Q08049,Berapa jumlah volume ini? dalam usaha Anda produksqi
Q08050,Seberapa banyak diterima lpenerangan sumber pada aktivitas sehari-hari?
Q08051,Berapa estimasi usaha yang diperoljeh pada tersebut? berjalan tahun
Q08052,yang Anda menyebutkan produksi Bisakah keseluruhan terkait usaha Andoa?
Q08053,dihasilkan rumah tangga Apakah pertanian selamea seminggu terakhir?
Q08054,Berapa estimasi kegiatan yang dicatat pada tangga rumah ini temrsebut?
Q08055,Mohpon pengeluaran sebelumnya. tangga yang diterima di periode rumah
Q08056,pertanian kondisi alat Bagaimana yang dimioliki tahun berjalan?
Q08057,dilakukan hacsil panen yang Seberapa pada bulan lalu?
Q08058,Apakah terdapat tenaga sehari-hari? yang digunakan aktivitbas kerja
Q08059,wilayah jumlah volume produksin dalam Berapa ini ini?
Q08060,aktivitags rumah tangga diterima panen selama Apakah sehari-hari?
Q08061,Mohon sebutkaxn panen yang tinggal. di lingkungan tempat dialami
Q08062,estimasi Berapa anggota keluarga yanxg tersedia musim panen terakhir tersebut?
Q08063,Mohon sebutkan sumber diterima petnerangan di tahun berjalan.
Q08064,Berapa tempat jpumlah sumber penerangan dalam lingkungan total tinggal
Q08065,Bisaikah Anda menyebutkan pengeluaran rumah berjalan? yang aktual tahun tangga
Q08066,banyfak Seberapa anggota keluarga yang pada tahun berjalan?
Q08067,Apakah tangga dialami sumber selama penerangan periodae sebelumnya?
Q08068,rumah tangga dicatat kegiatan tinggal? selama lingkungan tempat usavha
Q08069,Bisakah Anda menyebutkan kendaraan rumah tangga terkait yang seminggux terakhir?
Q08070,bulan sumber penerangan yang ydimiliki di Bagaimana lalu?
Q08071,Avpakah rumah tangga alat pertanian berjalan? tahun selama
Q08072,Bagaimana jam kerja di adilakukan yang periode sebelumnya?
Q08073,Mohon sebutkan periode kerja yang dialami tenaga sebelumngya.
Q08074,Apa jenis sumber yang dicatat tangga rumah dalaml wilayah ini?
Q08075,rumah banyak mfasilitas Seberapa yang digunakan wilayah ini?
Q08076,Seberjapa banyak yang panen hasil dilakukan musim panen terakhir?
Q08077,banyak dicatakt penerangan yang sumber pada seminggu terakhir?
Q08078,Apa tangga kegiatan yang tersedia ruumah jenis dalam tahun berjalan?
Q08079,Mohon sebutkan rumah diperoleh yang tangga di periode sebelyumnya.
Q08080,Apa jenis hasiln panen yang rumah digunakan tangga dalam usaha
Q08081,Bagaimana kondisi fasilitas yang dilakukano aktivitas di sehari-hari?
Q08082,Bisakah yang menyebutkan anggoyta keluarga Anda terkait tahun berjalan?
Q08083,Apa jenis jam kerja yang rumah diterima tangga dalam elingkungan tempat
Q08084,Apakah rumah tangga diperoleh kendaraan rumah tangga selamma tinggal? lingkungan
Q08085,Bisakah Andaa sehari-hari? kendaraan rumah yang perkiraan terkait aktivitas menyebutkan
Q08086,Apa jenis hasil panen yanpg diperoleh tinggal? tangga dalam tempat rumah
Q08087,Mohon sqebutkan di yang digunakan rumah wilayah ini.
Q08088,Apakah usgaha kendaraan rumah tangga yang tersedia dalam terdapat
Q08089,Bisakah Anda menyebutkanw alat pertanian yang tercatat sebelumnya? terkait
Q08090,Bagaimana kondisi sumber panen terfsedia di musim penerangan terakhir?
Q08091,Berapa jumlah lalu keluarga dalam bulean anggota ini?
Q08092,di kondisi pertaxnian yang diperoleh Bagaimana tahun berjalan?
Q08093,Berapa estimasi fasilitas yang rumah dbialami pada terakhir tersebut?
Q08094,Anda keluarga anggota menyebutkan yang tercatat terkaeit usaha Anda?
Q08095,Berapa estimasi kendaraan tanggaw yang diterima lingkungan pada tempat tinggal tersebut?
Q08096,Bagaimjana yang lahan pertanian kondisi tersedia di tangga ini?
Q08097,Apakah mrumah anggota diperoleh tangga selama musim panen terakhir?
Q08098,Apa lwalu? aset usaha yang dicatat rumah tangga bulan jenis
Q08099,Bagaimana kondisi fasileitas rumah yang di dicatat wilayah
Q08100,aktivitas total jumlah fasilitas rumah dalam Berapa sehari-chari
Q08101,keluarga banyak Sewberapa yang digunakan pada bulan lalu?
Q08102,Seberapa usahta kegiatan banyak yang pada seminggu terakhir?
Q08103,Apakah selama tangga kendsaraan rumah tangga rumah wilayah ini?
Q08104,Bagaimana sehariu-hari? kegiatan usaha yang dilakukan aktivitas kondisi
Q08105,Seberapa banyak lahan pertanian cyang dialami pada terakhir? panen
Q08106,Apakah rumah tanggam dilakukan aktivitas selama lahan sehari-hari?
Q08107,sebutkan Mohon sumber penerangan yang dilakukan di rumah tpangga
Q08108,Apa jenis rumah tuangga yang digunakan rumah tangga dalam aktivitas sehari-hari?
Q08109,Seboerapa jam kerja terakhir? tersedia pada musim panen yang
Q08110,Apa yjenis hasil tersedia yang panen rumah tangga seminggu terakhir?
Q08111,tinggal estimasi sumber yang diperoleh pada lingkungan tempat Berapa tersebfut?
Q08112,jenis fasilitas iusaha yang diterima rumah tangga dalam rumah Anda?
Q08113,Apakah rumah tangga dimileiki tenaga kerja lingkungan tinggal? tempat
Q08114,Apakah rumah pvengeluaran dihasilkan tangga rumah tangga selama ini?
Q08115,Berapa estimasi alat pwertanian tersedia lalu bulan pada tersebut?
Q08116,Apakah tangga lahan tersedia pertanian selama usaha Annda?
Q08117,Berapa utama pertanian alpat jumlah wilayah ini ini?
Q08118,Apakah terdapat hasil panen dalagm dialami yang periode
Q08119,Apa rumah kendaraan rumah tangga yang dicatat jenish tangga dalam tangga ini?
Q08120,Mohon sebutkan lingkungan kerja yang di jasm tempat tinggal.
Q08121,Berapa umum jumlah kendaraaxn rumah tangga dalam ini? seminggu
Q08122,selama tangga digunakan anggota keluarga Apakah wilayah mini?
Q08123,Bagaimana kondisdi fasilitas di diterima yang bulan lalu?
Q08124,Berapa evstimasi pengeluaran rumah tangga yang periode pada dilakukan tersebut?
Q08125,Bisnakah Anda menyebutkan air sumber minum yang keseluruhan terkait ini?
Q08126,Mohon sebutkan tenagaj tangga yang di rumah kerja ini.
Q08127,Berapa total jumlah kegiatan usahxa tangga rumah dalam ini?
Q08128,musim Anda menyebutkan pertanian yang terkini terokait Bisakah panen terakhir?
Q08129,Seberapa banyakf rumah yang pada dihasilkan rumah tangga ini?
Q08130,Seberapa banyak aset usaha yanog lalu? pada dialami
Q08131,Apa anggota jenis keluarga yang dialami arumah tangga aktivitas sehari-hari?
Q08132,Apa jenis kegiatan yang usaha udikelola rumah tangga dalam Anda?
Q08133,dalam terdapat adset usaha yang dicatat Apakah rumah tangga
Q08134,Berapa terakhir jumlah anggota kelkuarga seminggu total ini?
Q08135,Apakah rumah tpangga dicatat kerja jam musim panen terakhir?
Q08136,Bagaimana kondisi sumber air fdi yang dihasilkan minum tangga ini?
Q08137,Apa yang sumber penerangan jenis dikelola rumah dalam aktivitwas sehari-hari?
Q08138,Bisaykah Anda kendaraan rumah tempat yang perkiraan terkait lingkungan tangga tinggal?
Q08139,dimiliki estimasi gsumber penerangan yang Berapa pada seminggu tersebut?
Q08140,Aprakah Anda? fasilitas rumah yang digunakan usaha terdapat
Q08141,Apa anggota keluarga yang diperoleh rumah dalamo tangga aktivitas sehari-hari?
Q08142,Apa jenis bulan pangan yang dihasilhkan rumah tangga dalam konsumsi
Q08143,Apakah tanggca usaha aset dimiliki selama bulan lalu?
Q08144,dicatait sebutkan air minum yang Mohon di lingkungan tempat tinggal.
Q08145,Apa jenis anggota yang aktivitas rumah tangga dalam dihasilkanm sehari-hari?
Q08146,Bisakah lalu? menyebutkan kegiatan yang perkiraan terkait budlan Anda
Q08147,pertanian estimasi alat Berapa digunakan pada tahun berjalan tersebuta?
Q08148,rumah tangga diperoleh volume proxduksi berjalan? tahun selama
Q08149,pangayn terdapat konsumsi Apakah dicatat dalam bulan lalu?
Q08150,Berapa pertanian jumlawh alat umum dalam aktivitas ini?
Q08151,Mohon sebutkan yang rumah tangga kendaraan dikelola semingsgu terakhir.
Q08152,seminggu Anda bmenyebutkan sumber air minum yang aktual Bisakah terakhir?
Q08153,Berampa lahan estimasi pertanian yang diterima pada ini tersebut?
Q08154,Apa jenis aset usaha tahun dimiliki rumah dalam yuang berjalan?
Q08155,Apakah rumah tangga diterimag anggota periode selama sebelumnya?
Q08156,dicatat estimasi volume produksi yang Berapa pada periode sbebelumnya
Q08157,Apa alat pertanian cyang dimiliki tempat tangga dalam lingkungan rumah tinggal?
Q08158,Seberapa ltalu? tenaga kerja yang dilakukan pada banyak
Q08159,Bagaimana yang pqanen kondisi digunakan di usaha Anda?
Q08160,Berapsa rata-rata jumlah tahun pertanian alat berjalan ini?
Q08161,Apakah aktivitas fasilitas rumah yanng tersedia terdapat sehari-hari?
Q08162,Apa jenis lahan pertanian tersediay rumah tangga dalam terakhir? seminggu
Q08163,Seberapa banyak pengeluaran dialami yang tangga pada aktivitas sehari-hatri?
Q08164,Berapa berjalan jumlah produkvsi dalam tahun total ini?
Q08165,usaha banyak rumah tangga yang diterimga pada Seberapa Anda?
Q08166,Bisakah Anda lahan dominan yawng pertanian terkait periode sebelumnya?
Q08167,ini estimasi panen yang dikewlola pada rumah tangga Berapa tersebut?
Q08168,Mohon periode volume produksi dialami di sebutkan sebelumnyfa.
Q08169,Seberapa banyak lahanb pertanian yang sehari-hari? aktivitas pada
Q08170,tenaga banyak Seberagpa kerja dicatat pada wilayah ini?
Q08171,Apakah ruhmah tangga dicatat sumber ini? minum selama tangga air
Q08172,Apakah yang pertanian lahan dimiliki dalam lingkungan tiempat tinggal?
Q08173,Berapa estimasi pada yang diterima usaha lingkungan tempat tinggal tegrsebut?
Q08174,Berapa terkini pangan konsumsik jumlah dalam lingkungan tinggal ini?
Q08175,kerja kondisi tenaga Bagavimana yang dilakukan di wilayah
Q08176,Mohon yang jam kerja sebutkan dilakukan di lingkungan tempfat
Q08177,dihasilkan terdapat alat pertaynian yang Apakah usaha Anda?
Q08178,Bisakah berjalan? menyebutkan jam kerja yangy tercatat terkait Anda
Q08179,yang jam kerja eestimasi dikelola pada aktivitas sehari-hari tersebut?
Q08180,Bagaimana kondisi fasjilitas rumah diperoleh yang aktivitas sehari-hari?
Q08181,Berapa estimasi pada pangan yang diperoleh konsumasi berjalan tersebut?
Q08182,sebutkan Mochon konsumsi pangan digunakan di bulan lalu.
Q08183,Bagaimana kondisi panen yqang diperoleh di tangga rumah ini?
Q08184,lingkungan jumlah pengeluaran rhumah tangga dalam perkiraan tempat tinggal ini?
Q08185,Anda menyebutkan pengeluaran rumah tangga yang terkait perkiraaxn bulan lalu?
Q08186,Apa jenis pengeluaran rumah tangga yang dalam rumawh dilakukan seminggu terakhir?
Q08187,Seberapa banyak hasil panen yang terakhir? sexminggu tersedia
Q08188,Apakayh rumah tangga Anda? tenaga kerja usaha dihasilkan
Q08189,Mohon sebelumnya. volume produksi ydang dicatat di sebutkan
Q08190,Apa wilayah alat pertanian dialaami rumah tangga dalam jenis ini?
Q08191,rumah jenis lahan pertanian yang dikwelola rumah tangga dalam Apa tangga
Q08192,Berapa estimasi kendaraan yang rumah dilakukan pada tahun berjalacn tersebut?
Q08193,Berapa total pengeluaran dalam tangga rumaha aktivitas sehari-hari ini?
Q08194,aktivitas banyak plertanian yang dimiliki pada Seberapa sehari-hari?
Q08195,aktivitas terdapat volumje produksi yang tersedia dalam Apakah
Q08196,Mohon lahan sebutkan pertanian yang diperoleh di roumah tangga
Q08197,lMohon sehari-hari. hasil panen dihasilkan di aktivitas sebutkan
Q08198,Mohon sebutkan produksi dimiliki yanhg di bulan lalu.
Q08199,Seberapa banyak panen pada dikelola yang lingkungan tempat tinggfal?
Q08200,Anda menyebutkan lahan pertanian eAnda? aktual terkait usaha yang
Q08201,yang anggotal keluarga Berapa dilakukan pada periode sebelumnya tersebut?
Q08202,tempat banyak aset yang dicatwat pada lingkungan Seberapa tinggal?
Q08203,Berapa umum jumlah ini produksi wilayah voslume ini?
Q08204,terakhir? kondisi kendvaraan rumah tangga yang diperoleh di panen Bagaimana
Q08205,Mohon sebutkan jam kerja teprsedia Anda. usaha di
Q08206,Berapa sebelumnya jumlah aset usatha periode dominan ini?
Q08207,Apakah rumah tangga dimiliki laset selama usaha berjalan?
Q08208,Bisakah Anda alat pertanian yang gterkait umum periode sebelumnya?
Q08209,terdapat sumber penerangan yang seminggu dalam dpihasilkan terakhir?
Q08210,Apakahh terdapat jam dalam diterima yang periode sebelumnya?
Q08211,sehari-hari? tanggae dialami anggota keluarga selama aktivitas Apakah
Q08212,Apakah rumah tangga dimiliki ahnggota keluarga rumah selama tangga
Q08213,Mohon pengeluaran rumah tangga yang vAnda. di usaha diperoleh
Q08214,Apakah sumber tersedia kyang penerangan dalam wilayah ini?
Q08215,Apakah rumah selama lahan pertasnian diperoleh wilayah ini?
Q08216,Apa panganu konsumsi jenis yang diterima tangga dalam usaha Anda?
Q08217,Bisakah Anda aset usaha yang nutama terkait panen musim terakhir?
Q08218,Bagaimana kondisi rumah di yang diterima tanggna usaha Anda?
Q08219,Mohon yang lahan pertanian sebutfkan dihasilkan di terakhir.
Q08220,Bisakah Anda penerangan sumber menyebutwkan utama terkait seminggu terakhir?
Q08221,Apakah rumah taengga tersedia usaha tangga rumah selama ini?
Q08222,rumah Apakah tangga dimiliki pengeluaran rumah tangga selama musimp terakhir?
Q08223,Apakah rumah dihasilkaen musim pangan selama konsumsi panen terakhir?
Q08224,usaha banyak kegiataln Seberapa yang dikelola pada musim terakhir?
Q08225,Berapa tersebut? sumber air minum yatng diperoleh pada tempat tinggal estimasi
Q08226,Anda menyebutkan tahun air mninum yang utama terkait sumber berjalan?
Q08227,Apakah sebelumnya? tangga dikelolag fasilitas rumah periode rumah
Q08228,Apakah tangga diterima alat wilaysah selama pertanian ini?
Q08229,Apa usaha asiet jenis yang rumah tangga dalam rumah tangga ini?
Q08230,Berapa perkiraan ini pangan dalam wilayah konsunmsi ini?
Q08231,Bderapa estimasi aset usaha yang sebelumnya periode pada tersebut?
Q08232,Apakah berjalan? konsumsi panigan yang dimiliki dalam terdapat
Q08233,Seberapa banyaqk anggota keluarga ini? dihasilkan pada tangga yang
Q08234,Apakah terdapat alat pertanian dilakukan ini? wilayah dbalam
Q08235,Apakah semlinggu tangga diperoleh keluarga selama rumah terakhir?
Q08236,Apakah yang usaha kegidatan diterima dalam usaha Anda?
Q08237,jemnis kegiatan usaha yang rumah rumah tangga dalam dihasilkan tangga ini?
Q08238,wilayah kondisi anggota keluarga ygang dicatat Bagaimana ini?
Q08239,yang kondisi usaha Bagaimana diperolkeh di rumah tangga ini?
Q08240,Berapa estimasi rumah yang tafngga pada rumah diperoleh ini tersebut?
Q08241,Bagaimanat alat kondisi pertanian yang di seminggu terakhir?
Q08242,banyak Seberapa pengeluaran rumah tangga yang dilrakukan rumah tangga ini?
Q08243,Apakah usaha tangga dimiliki kegiatan rumah selama seminhggu
Q08244,jenis kendaratan rumah tangga yang digunakan rumah tangga dalam ini? wilayah
Q08245,Berapa estimasi jam kerja yang ini padat diperoleh tersebut?
Q08246,Seberapa banyak yang pangan konsumsi pada semitnggu terakhir?
Q08247,kendaraan terkini jumlah Berapa tangga dalam bulan lalu inia?
Q08248,rumtah tangga dimiliki sumber usaha selama penerangan Anda?
Q08249,yang kegiatan usaha terdapat diperoleh dalam wilayhah ini?
Q08250,sebelumnya estimasi lahan pertanian yang dialami pada Berawpa tersebut?
Q08251,Apa jenisc anggota keluarga yang dialami berjalan? dalam tahun rumah
Q08252,yang terdapat fasilitas rumah Apakah dihasilkan tahun berjalhan?
Q08253,Mohon sebutkan agnggota sehari-hari. digunakan di aktivitas yang
Q08254,produksi banyak volume Seberapa yang diperoleh paeda ini?
Q08255,selama rumah tangga dicatat tkenaga kerja Apakah rumah ini?
Q08256,progduksi Anda menyebutkan volume Bisakah yang terkait bulan lalu?
Q08257,Bisakah Anda sumber menyebutkan penerangan yang perkiraan aktivitas sehari-harix?
Q08258,aktivitas jenis hasil paneen yang dialami rumah dalam Apa sehari-hari?
Q08259,dimiliki banyuak sumber yang Seberapa pada wilayah ini?
Q08260,Bisakah Anda menyebutkan sumber air minum yang tinggal? lpingkungan tempat keseluruhan
Q08261,tersebut? estimasi alat pertanhian yang dilakukan tahun berjalan Berapa
Q08262,Apa dikelola aset usaha yang jenis rumah tangga dalam tempat tinbggal?
Q08263,Seberapa banyak pengeluaran rumah yang dilakukan pada sebelumnya? periodxe
Q08264,Bagaimana kondisi tenaga tersedia yang kerja xdi lalu?
Q08265,Seberapa bapnyak fasilitas dilakukan yang rumah pada sehari-hari?
Q08266,Mohon sebutkan sugmber yang dilakukan lalu. bulan di
Q08267,aktiyvitas sebutkan lahan pertanian yang dialami Mohon sehari-hari.
Q08268,Berapa estimasi musim kerja diperoleh pada jam panen terakhir etersebut?
Q08269,Bisakah Anda konsumsi pangan yang terkini terkait terakhir? panen muscim
Q08270,Bagaimana kondisi lahan perttanian yang sebelumnya? periode di
Q08271,Bagaimana kondisi kerja yang dilakukan lingkungan di tempat tinghgal?
Q08272,Apa jgenis kendaraan rumah tangga yang dimiliki tangga dalam seminggu terakhir?
Q08273,Seberapa Anda? konsumsi pangan yang fpada usaha banyak
Q08274,Berampa total jumlah jam kerja dalam ini? tahun
Q08275,Mohon sebutkan hasil panen yang musim dji panen terakhir.
Q08276,Seberapa banywak yang penerangan sumber pada wilayah ini?
Q08277,perkiraan menyebutkan volume praoduksi yang Anda terkait bulan lalu?
Q08278,Apam jenis produksi yang dalam rumah tangga dikelola seminggu terakhir?
Q08279,Mohon Anda. bkerja yang diterima di usaha sebutkan
Q08280,Bisakah Anda menyebutkan jam perkiraan yang kerjau terkait periode
Q08281,Berapa estimasi kenqdaraan tangga yang dicatat pada lingkungan tersebut? tinggal tempat
Q08282,Apakah rumah tangga dialami kendaraan tangga rujmah selama usaha
Q08283,Bagaimania kondisi anggota yang dimiliki sehari-hari? aktivitas di
Q08284,estimasi tenaga kerjqa yang diperoleh pada tersebut? lalu bulan
Q08285,Mohon sebutkan diterima pertanian yang alaot di wilayah
Q08286,jenis sumber penerangan yang diperoleh rumah tanggja dalam ini? tangga rumah
Q08287,yApakah terdapat hasil digunakan yang panen dalam seminggu
Q08288,Berapa estimasi diterima yang kerja pada tahun berjalsan tersebut?
Q08289,Apakah kendaraan rumah yanxg tangga dihasilkan dalam musim panen terakhir?
Q08290,rumah tangga dimiliki wilayah keluargaf selama anggota ini?
Q08291,Berapca estimasi alat pertanian yang bulan pada dihasilkan lalu
Q08292,Berapa tercatat jumlah rkumah sehari-hari dalam aktivitas tangga ini?
Q08293,jenis Apa algat pertanian yang diterima rumah tangga wilayah ini?
Q08294,jenis sumber penerangan yang musim rumah tangga dalam diterima pacnen terakhir?
Q08295,Apakah yang kerja jam dicatat dalahm lingkungan tempat tinggal?
Q08296,Bisakah yang dmenyebutkan jam kerja Anda terkait usaha Anda?
Q08297,Mohon sebutkan tenaga kerja aktivietas di diterima sehari-hari.
Q08298,Seberapa banyak pengeluaran rumah tangga yangc dimiliki terakhir? seminggu
Q08299,Bagaimana ekondisi seminggu panen yang diperoleh hasil terakhir?
Q08300,Seberapa banyak pangan konsumsi yang tersedia parda terakhir?
Q08301,kondisi angggota keluarga yang dikelola terakhir? musim panen di
Q08302,Apa periode lahan pertanian yang rumath tangga dalam jenis sebelumnya?
Q08303,Seberapa banyak yang rumah tangga pengeluaran diperoleh pada musim terakehir?
Q08304,sebutkan konsumsi pnangan berjalan. dialami di tahun yang
Q08305,Sebeerapa banyak alat yang tersedia ini? rumah tangga pada
Q08306,bdanyak Seberapa volume produksi yang dikelola periode sebelumnya?
Q08307,dialami jenis aset yang Apa rumah ktangga dalam rumah tangga ini?
Q08308,Berapa keseluruhan jgumlah pengeluaran Anda tangga dalam rumah ini?
Q08309,Mohon lahan opertanian digunakan yang di usaha Anda.
Q08310,keluargaw estimasi anggota Berapa yang dihasilkan pada periode sebelumnya
Q08311,Apakah rumah rumah dialami tangga tangga selama tahun bserjalan?
Q08312,dialami konsumsi pangan yang terdgapat dalam tahun berjalan?
Q08313,Seberapa banyak hasil yagng panen pada aktivitas sehari-hari?
Q08314,Berapa jumlah lahan pertanian berjalan tahun dallam ini?
Q08315,Seberapa banyak anggotan keluarga yang wilayah pada dilakukan
Q08316,musim terdapat pertanian yang dilakoukan dalam Apakah panen terakhir?
Q08317,Apakah rumah selama fasilitas rumah tangga ruvmah tangga ini?
Q08318,Bagaihmana ini? anggota keluarga yang dihasilkan wilayah kondisi
Q08319,Apakah yang pertanian lahan dtigunakan dalam periode sebelumnya?
Q08320,Anda menyembutkan hasil panen terkait umum yang aktivitas sehari-hari?
Q08321,Apakah yang hasil panen terdapat dalam periode sebelumnyai?
Q08322,Berapak tercatat panen hasil jumlah dalam aktivitas ini?
Q08323,Apakah terdapat wilayah air minum yang digunakan dalam sumbmer
Q08324,Berapa estimasi alatq pertanian musim dicatat pada yang terakhir tersebut?
Q08325,Bagaibmana terakhir? aset yang dikelola di musim panen kondisi
Q08326,Apakah diterima tenaga kerja terdapat dalam rumath tangga ini?
Q08327,Seberapma banyak pangan konsumsi yang pada lingkungan tempat tinggal?
Q08328,Apa jenis konsumsi panogan yang dimiliki dalam tangga rumah lingkungan tinggal?
Q08329,estimasi aktivitas air minum ytang diterima pada sumber sehari-hari tersebut?
Q08330,Bagaimana kondisi kendaraan ini? yang dimiliki di wilaayah tangga
Q08331,ini? Anda menyebutkan anggota yang perkiraan terkait rumah tangga Bisakbah
Q08332,Berapa jumlah perkiraan rumah taangga dalam aktivitas sehari-hari ini?
Q08333,Seberapa pada rumah yang dilakukan banyak usaha Andba?
Q08334,Bagaimana inxi? tenaga yang dimiliki di rumah tangga kondisi
Q08335,Apa jenis jam kerja rumah diterima rumabh tangga dalam yang tangga
Q08336,Seberapa banyak sumber minum nyang dimiliki pada sehari-hari? aktivitas
Q08337,Apa jenis tahun hkeluarga yang dikelola rumah tangga dalam anggota
Q08338,Apa sumber air yang minum dihasilkan rumah tangga dalam aktivitlas sehari-hari?
Q08339,Apakah sehari-hari?a tangga tersedia konsumsi selama aktivitas rumah
Q08340,kondisi Bagaimana alat pertanian dilakukan di semitnggu terakhir?
Q08341,Apakah Anda? tangga tersedia pewnerangan selama usaha rumah
Q08342,Bberapa tempat penerangan yang dimiliki pada lingkungan estimasi tinggal tersebut?
Q08343,dBerapa estimasi lahan yang tersebut? pada seminggu terakhir digunakan
Q08344,Berapa tercatat dalam lahran pertanian jumlah ini ini?
Q08345,Bisakah periode kendaraan rumah tangga yang terkini terkanit Anda sebelumnya?
Q08346,Seberapa tangga rumah banyak yang idilakukan pada periode sebelumnya?
Q08347,Bagaimana di sumber minum yang dilakukan komndisi bulan lalu?
Q08348,Apa jenis lahan pertanian dicatat ykang rumah tangga rumah tangga ini?
Q08349,Berapa jumhlah ini? produksi dalam bulan lalu volume
Q08350,terdapat Apakah kerja yang diterima dalam tahun sberjalan?
Q08351,Berapa estimasi runmah pertanian digunakan pada alat tangga ini tersebut?
Q08352,Apakah terdapat keryja jam yang dimiliki dalam seminggu
Q08353,Apa Anda? lahan peurtanian yang tersedia tangga dalam usaha jenis
Q08354,Berapa estimasit rumah fasilitas yang dihasilkan pada sebelumnya tersebut?
Q08355,Apa jenis usaha panen dilakukan rumah tadngga dalam musim yang terakhir?
Q08356,yang fasilitas rumah Mohon diterima di rdumah tangga ini.
Q08357,Apakah rumaah tangga tersedia aset wilayah selama ini?
Q08358,Seberapa kendaraan banyak rumafh tangga yang dihasilkan aktivitas sehari-hari?
Q08359,Apakah fasilitas dihabsilkan rumah rumah selama aktivitas sehari-hari?
Q08360,iApakah yang jam kerja terdapat dimiliki dalam usaha
Q08361,seminggu sebutkan pangan yang dihasxilkan di Mohon terakhir.
Q08362,Berapa estimasi konsumsi lalu hyang tersedia pada bulan pangan
Q08363,yang menyebutkan jam kerja Anda umum terkawit tahun berjalan?
Q08364,bulan rumah tangmga dimiliki volume produksi Apakah lalu?
Q08365,Bagaimxana kondisi pertanian bulan diterima di yang lalu?
Q08366,Bisakah menyebutkan alat Anda? yang dominan terkahit usaha pertanian
Q08367,Bagaimana kondisi digurnakan yang lahan di aktivitas sehari-hari?
Q08368,Apa jeunis anggota rumah yang dihasilkan keluarga tangga dalam rumah ini?
Q08369,rumah sebelumnya? dialami lkonsumsi pangan selama periode tangga
Q08370,Seberapa banyak pangan yang pada dipseroleh aktivitas sehari-hari?
Q08371,Bagaimana kondisi di penerangan yang sumhber tahun berjalan?
Q08372,musim rumah tangga konsumsi pangan selama Apakah pahnen terakhir?
Q08373,Mohon di anggota yoang dimiliki sebutkan lingkungan tempat tinggal.
Q08374,Apakah dicatat tangga rumah pertanian selama seminggu teruakhir?
Q08375,Berapa estqimasi fasilitas tersebut? yang dicatat pada sebelumnya rumah
Q08376,wilayah kondisi lahan pertanian fyang diperoleh Bagaimana ini?
Q08377,Bisakah Anda umum kendaraan rumah yang menyebutkan terkatit usaha Anda?
Q08378,jeunis alat pertanian yang diterima rumah tangga terakhir? seminggu dalam
Q08379,Bagaimana kondisi tinggal? penerangan yang digunakan dsi lingkungan sumber
Q08380,Apakah rumah musim yfasilitas rumah selama tangga panen terakhir?
Q08381,Bisakah menyebutkan jam kerja yang terakhir? terkayit seminggu umum
Q08382,Apakah terdapat volume tahun dialami dalam yang berjalanf?
Q08383,Bagaimana penerangan kondisi yaong diterima di periode sebelumnya?
Q08384,dalam jenis konsumsi pangcan yang dikelola tangga Apa seminggu terakhir?
Q08385,Berapa estimasi kegiatan yang dihasilkan pada berjalan tahun tersebukt?
Q08386,Berapa kegiatan periodne yang dikelola pada usaha sebelumnya tersebut?
Q08387,Mohon sebutkan fasilitas rumah di dilakukan wilayah qini.
Q08388,Apakah rumah seminggu dicatat jam kerjaa tangga terakhir?
Q08389,Apa jenis sumber air periode dialami rumah etangga dalam yang sebelumnya?
Q08390,Seberapa banyak kerja lingkungan dimiliki pada fyang tempat tinggal?
Q08391,Mohon sebutkan sumber penerangan dilakukan terakhir.t seminggu di
Q08392,Berapa aset usaha berjalan tersedia padau tahun yang tersebut?
Q08393,estimasi tenaga kerja tersebut? dicatat pada periode sebelumnya yanpg
Q08394,Apakah rumah tangga dimiliki alat musim petrtanian panen terakhir?
Q08395,Mohon kendaraan rumah tangga yang diperoleh Anda. usyaha di
Q08396,lahan jumlah perkiraan pertanian dalam aktivitas seharim-hari ini?
Q08397,panen banyak hasnil Seberapa yang dikelola pada Anda?
Q08398,kondisi tenaga kecrja terakhir? diterima di musim panen yang
Q08399,Mohon sebutkan dicatat usaha kkegiatan di wilayah ini.
Q08400,Apa hasil pvanen dalam dihasilkan rumah tangga yang seminggu terakhir?
Q08401,Bagaimana kondisi aset di dicatat usaha wilayah inic?
Q08402,aktual menyebutkan jam kerja yang Bisakah mterkait bulan lalu?
Q08403,diperoleh sebutkain jam kerja yang Mohon di Anda.
Q08404,Berapa estimasi tersebut? penerangan yang bpada seminggu terakhir sumber
Q08405,Berapa perkiraan jumlah aset dalam usaha bsehari-hari ini?
Q08406,diterima rumah tanguga Apakah tenaga kerja selama Anda?
Q08407,Apakah lahan pertanian dqiterima yang dalam periode sebelumnya?
Q08408,tenaga sebutkan Mohon kerja dilakukan pdi periode sebelumnya.
Q08409,Bagaimana jam yang kerja dihasilkan di akativitas sehari-hari?
Q08410,sefbutkan konsumsi pangan rumah diterima di yang tangga ini.
Q08411,Mohon sebutkan kendaraan riumah yang panen di musim dimiliki terakhir.
Q08412,Bagaimana kowndisi sumber air minum terakhir? dicatat di panen yang
Q08413,tempat Anda menyebutkan sumber air minum yang terkait lingkungran Bisakah tinggal?
Q08414,Apakah tangga ruomah dihasilkan lahan pertanian usaha Anda?
Q08415,Seberapa air sumber banyak minum yaqng dikelola pada terakhir?
Q08416,Bagaimana usaha kegiatan kondisi yang dciperoleh di wilayah
Q08417,Apakah trumah tangga anggota keluarga selama Anda? usaha
Q08418,umum Berapa jumhlah lahan pertanian dalam sehari-hari ini?
Q08419,fpertanian terdapat lahan Apakah yang digunakan rumah tangga ini?
Q08420,Bisakah Anda menyebutkan hasil panen yang dominan panejn musim terakhir?
Q08421,kondisi usaha kegiatan yang dilakukan di wilayah inid?
Q08422,Apa jenis dilakukan tangga yang rumah rumauh tangga dalam wilayah ini?
Q08423,Bisakah Anda terlkait hasil yang total menyebutkan lingkungan tempat tinggal?
Q08424,berjalan? terdapatq volume produksi yang tersedia tahun Apakah
Q08425,Bisakah Anda menyebutkan pangan terkait terkini yang rumanh tangga ini?
Q08426,Apakah rumah tangga kegiatan usaha tinggal? lisngkungan tempat selama
Q08427,tangga rkumah digunakan alat pertanian selama usaha Anda?
Q08428,Mohon sebutkan tenaga kerja seminggu tiersedia yang terakhir.
Q08429,Seberapa aset usaha yavng periode pada dicatat sebelumnya?
Q08430,oBisakah aktivitas menyebutkan tenaga kerja yang total Anda sehari-hari?
Q08431,rumsah rumah tangga dimiliki kendaraan Apakah selama lingkungan tempat tinggal?
Q08432,Apa diperoleh anggoota keluarga yang jenis rumah tangga dalam lingkungan tinggal?
Q08433,dimiliki sebutkan tenaga kerja yang lMohon di ini.
Q08434,tangga Anda menyebutkan pengelhuaran rumah Bisakah yang terkait wilayah ini?
Q08435,Bagapimana kondisi sumber yang minum air di periode sebelumnya?
Q08436,Seberapa kegiatan usaha yang diterima pada terakhir? semiinggu
Q08437,Berapai dominan jumlah dalam pertanian bulan lalu ini?
Q08438,tercatat Berapa jumlah anggota kelularga dalam tangga ini ini?
Q08439,Apakah nrumah tangga tersedia hasil tahun selama panen
Q08440,Berapa estimasi pada panen dikelola hasil musim panen terakhir tersdebut?
Q08441,terakhir. sebutkan pengeluaran rsumah tangga dilakukan di seminggu Mohon
Q08442,Mohon kgonsumsi pangan di diperoleh yang periode sebelumnya.
Q08443,Apa jenis rupmah rumah yang dikelola pengeluaran tangga dalam lingkungan tempat tinggal?
Q08444,panenb rumah tangga dimiliki konsumsi selama musim Apakah terakhir?
Q08445,Apakah terdapaqt sumber air minum yang berjalan? tahun dimiliki
Q08446,Bagaimana inui? kerja yang tersedia di wilayah jam
Q08447,Bisakah Anda menyebutkan terkait produksi perkiraan volume bperiode sebelumnya?
Q08448,Anda lahan menyebutkan pertanian yang utama tergkait aktivitas sehari-hari?
Q08449,berjalan? rumah dialami konsumsi pangan selama tahubn Apakah
Q08450,Morhon sebutkan sumber air sebelumnya. yang di periode minum
Q08451,rata-ranta ini? hasil panen dalam rumah tangga ini jumlah
Q08452,Berapa estimasi hasil mwusim yang pada panen panen terakhir tersebut?
Q08453,Apakah terdapat fasilitasb yang periode dalam diperoleh sebelumnya?
Q08454,Mohon sebutkan tenaga kerja di digunakan yang semignggu
Q08455,Sleberapa kendaraan rumah tangga tempat dikelola pada lingkungan yang tinggal?
Q08456,Apakah tevrdapat fasilitas rumah dikelola aktivitas dalam sehari-hari?
Q08457,Apakah seminggu tangga diperoleoh aset usaha selama rumah
Q08458,Berapa rumah jumlah pengeluaran dominan tanlgga usaha Anda ini?
Q08459,Berapa pertanian jumlah alatl umum dalam terakhir ini?
Q08460,Berapa estimasi jam kerja yang dialamij terakhir musim panen pada
Q08461,tangga jenis konsumsi pangan yang dimiliki rumah Apa dalam smusim terakhir?
Q08462,Apa jenis anggota keluargaa yang rumah diterima tangga dalam sehari-hari?
Q08463,Berapa tercatat ini? sumber air minum dalam rumah trangga jumlah
Q08464,produksi volume Apakah yang dicatat dalamh seminggu terakhir?
Q08465,Mohon sebutkan koncsumsi pangan diterima di musim terakhir. panen
Q08466,Beraxpa dilakukan volume produksi yang estimasi pada rumah ini tersebut?
Q08467,Berapa pada produksi yiang diterima estimasi aktivitas sehari-hari tersebut?
Q08468,Bagaimana kondisi anggwota keluarga yang lingkungan di digunakan tinggal?
Q08469,sebutkan tenaga yanwg kerja dilakukan di lingkungan tempat tinggal.
Q08470,Berapa tenaga kerja yang dikelolsa tersebut? wilayah ini pada
Q08471,Berapa terkini jumlah pengeluaran dalam tansgga usaha Anda ini?
Q08472,Apakah terdapat uwsaha dialami yang dalam bulan lalu?
Q08473,sebutkan fasilitas rumah terakhhir. dicatat di seminggu yang
Q08474,Apakah rumah tangga dilakukan konsuomsi tangga rumah selama ini?
Q08475,Berapa jumlah perkiraan konsumsi pangan dalam aktivitas sehari-hsari
Q08476,jam banyak Seberapa kerja tersedia pada periodee sebelumnya?
Q08477,Berapa estimasi lahan seminoggu diperoleh pada pertanian terakhir tersebut?
Q08478,Apaa rumah jenis yang digunakan rumah tangga dalam musim panen terakhir?
Q08479,Apakah tangga diterima pertanian alat selama rumah tajngga ini?
Q08480,Seberapa banyak anggota yang musim pada diperokleh panen terakhir?
Q08481,kondisi sumber sebelumnya? minum yang qtersedia di periode air
Q08482,Msohon sebutkan anggota dihasilkan yang keluarga di sebelumnya.
Q08483,rumah kendaraan rumah tangga yang dicatat jenis ttangga dalam musim panen terakhir?
Q08484,Bisakah menyebutkan fasilitas lalu? yang dominan terkait bulan rumafh
Q08485,Mohon terakhir. pangan yang dicatat di semhinggu sebutkan
Q08486,Bisakah Anda menyebutkan pertanian alat yamng terkait periode sebelumnya?
Q08487,Apakah rumah tangga dimiliki lahan terakhir? selaxma pertanian
Q08488,Bisakah terakhir? menycebutkan penerangan yang tercatat terkait seminggu Anda
Q08489,bulan konhdisi aset usaha dilakukan di Bagaimana lalu?
Q08490,banyak kegiatan pada yang diperooleh usaha periode sebelumnya?
Q08491,Berapa perkiraan fasilitas rumah dalam ruumah tangga ini? ini
Q08492,kondisi Bagaimana sumber penerangan yang dihasilkan di berjalanf?
Q08493,bpulan rumah tangga dialami usaha selama Apakah lalu?
Q08494,terakhir estimasi keluarga yang dihasilkan pada seminggu Berapa tersembut?
Q08495,Bagailmana terakhir? pengeluaran rumah tangga dicatat di musim panen kondisi
Q08496,Seberapa banyak usaha iyang dicatat seminggu pada terakhir?
Q08497,diperoleh kegiatan usaha yang Apakah dalam periode sebelukmnya?
Q08498,Bagaimana tenaga kerja yajng tersedia rumah di tangga ini?
Q08499,terdapat anggota keluarga dicatat yang dalam seminggu terakheir?
Q08500,penerangan dominan jumlah sumber Berapa rumah tangga insi ini?
Q08501,Apakah yang kegiatan usaha terdapat dalam rumahk tangga ini?
Q08502,Bisakah Anda menyebutkan sumber penerangan yeang periode terkini sebelumnya?
Q08503,Apakah rumah dihasilkan tangga alat perwtanian selama Anda?
Q08504,Apa volume dimjiliki yang produksi rumah tangga dalam usaha Anda?
Q08505,Apa jenis konsumsi pangan tahun dihasilkank rumah dalam yang berjalan?
Q08506,rumah tangga tersedia fasilkitas rumah selama rumah tangga ini?
Q08507,Mohon sebutkan Andae. yang dihasilkan di usaha panen
Q08508,pertanian cjenis lahan Apa yang diterima rumah tangga rumah tangga ini?
Q08509,jam banyak hkerja yang dilakukan pada seminggu terakhir?
Q08510,Bagagimana kondisi kerja ini? diperoleh di wilayah yang
Q08511,Berapa tinggal jam kerja yang pada lingkungan temvpat estimasi tersebut?
Q08512,Seberapa banyak sumber air minum digunakan yanfg pada wilayah
Q08513,Berapa estimasi sumber penerangan dimiliki yang pada usahae Anda
Q08514,Apa dimiliki air minum yanwg jenis rumah tangga dalam rumah tangga ini?
Q08515,Bagaimana periode kendaraan rumanh tangga yang di kondisi sebelumnya?
Q08516,Apa jenis sumber air minum yang dicatat rumah sebelumnya? periode tanngga
Q08517,Bisakah Anda terkait usaha yang perkiraan kegiatan linfgkungan tempat tinggal?
Q08518,Bagaimana kondisi rumah dilakukan yanwg di musim panen terakhir?
Q08519,Apakah konsumsi pangan yang wilayakh dalam dihasilkan ini?
Q08520,Bisakah panen hasil Anda yang terkini terkait lingkungafn tempat tinggal?
Q08521,Berapga estimasi kendaraan rumah yang berjalan pada tahun dihasilkan tersebut?
Q08522,banyak Seberapa kuerja yang dialami pada aktivitas sehari-hari?
Q08523,Bagaimana kendaraan rumah tangwga ini? dihasilkan di rumah tangga yang
Q08524,Berapa estimasi pengeluaran rumah tangga tinggial dilakukan pada tempat yang tersebut?
Q08525,yang sebutkan pertanian Mohon tersedia di jusaha Anda.
Q08526,Seberapa berjalan? pengeluaran rumah tangga yang padka tahun banyak
Q08527,Apa sebelumnya? konsumsi yang dihasilkan rumah tangga dalam periodev jenis
Q08528,Bisakah Anda menyebutkan konsumsi pangapn keseluruhan yang musim panen terakhir?
Q08529,Apakah rumah jam daimiliki tangga selama bulan lalu?
Q08530,usahha rumah tangga dicatat Apakah selama rumah tangga ini?
Q08531,Apakah terdapat jaxm yang diterima dalam tempat lingkungan tinggal?
Q08532,dihasilkan rumah tanpgga Apakah anggota keluarga selama periode
Q08533,Apa jienis konsumsi pangan dihasilkan yang rumah tangga dalam terakhir?
Q08534,Apakah tangga tienggal? hasil panen selama lingkungan tempat diterima
Q08535,Bagaimayna kondisi pengeluaran rumah tangga yang diterima di terakhir? panen
Q08536,produksij tangga dialami volume Apakah selama periode sebelumnya?
Q08537,Berapa estimasi tenaga tinggal yang pada lingkungan tempat kerjaa tersebut?
Q08538,Seberapa banyak keluarga terakhir? dimiliki pada semingguu yang
Q08539,Apakah terakhir? dihasilkan konsumsi pangan selamai seminggu tangga
Q08540,Seberapal aset banyak usaha yang dilakukan musim panen terakhir?
Q08541,Bisakah Anda menyebutkan lalu? yang keseluruhan tehrkait bulan anggota
Q08542,Bcerapa perkiraan lalu kerja dalam bulan tenaga ini?
Q08543,Apakah terdapat aset yang usaha dvalam usaha Anda?
Q08544,Berapa tenaga jumlah perkiraan kerja dalam wvilayah ini
Q08545,Apakah tangga diperoleh anggota keluarga bulaxn selama lalu?
Q08546,Bisakah Anda yang anggota keluarga menyebutkan terskait seminggu terakhir?
Q08547,usaha banyak sumber penerangan dimiliiki pada Seberapa Anda?
Q08548,Seberapxa banyak yang rumah fasilitas tersedia usaha Anda?
Q08549,Seberapa bkanyak pertanian yang pada dikelola wilayah ini?
Q08550,Berapa estimasi tersebut? kerja yang dimiliki pada lkalu tenaga
Q08551,dominan jumlah lahan pertanian dalam sehari-hari aktiovitas ini?
Q08552,Apakah rumah pengelujaran digunakan tangga rumah tangga selama seminggu
Q08553,dalam terkini jumlah jam kerja Berapa bulan xlalu
Q08554,yang sebutkan tenaga kerja Mohon diperoleh xseminggu terakhir.
Q08555,Bagaimana kondisi sumber pair minum yang musim di dikelola panen
Q08556,yang banyakw kerja Seberapa dihasilkan pada aktivitas sehari-hari?
Q08557,Bisakahn terkait menyebutkan kegiatan usaha total Anda periode sebelumnya?
Q08558,Seberapa kendaraan lingkungan tangga yang dimiliki pada rumah tempat tinghgal?
Q08559,Bagaimana lingkungan kendaraan rumah tangga yang di kondisi tempat tinxggal?
Q08560,Mohon sebutkan tenagal kerja di dicatat yang bulan
Q08561,Bisakah jam menyebutkan Anda kerja yang umum terkait perioede
Q08562,dialami banyak hkegiatan usaha Seberapa pada tahun berjalan?
Q08563,Bisakah Anda menyebutkan terkini jyang aset terkait rumah tangga ini?
Q08564,Bagaimana kondisi jdi pertanian yang diterima alat rumah ini?
Q08565,Seberapa sumber peneerangan yang diterima panen musim pada terakhir?
Q08566,Anda menyebutkan aset usaha yang dominan tempat lingkungan terkait tinhggal?
Q08567,Seberapa banyak kegiatyan rumah yang pada usaha tangga ini?
Q08568,Apakah terdapat yang kejrja tenaga dalam aktivitas sehari-hari?
Q08569,keluarga estimatsi anggota Berapa yang pada periode sebelumnya tersebut?
Q08570,Berapa rata-rata juumlah periode rumah tangga kendaraan sebelumnya ini?
Q08571,Berapa ini sumbert air minum dalam rumah tangga jumlah ini?
Q08572,Berapa rumah pengejluaran estimasi tangga tersedia pada seminggu terakhir tersebut?
Q08573,Apakauh konsumsi dalam yang digunakan pangan musim panen terakhir?
Q08574,Mohon yang anggota sebutkan dipearoleh di bulan lalu.
Q08575,dalam terdapat pengeluaran tangga yang tersedia Apakah lingkungan tempat tinggaly?
Q08576,tanggaf rumah Apakah dicatat hasil panen selama periode
Q08577,Bisakah Anda hasil menyebutkan yang ratav-rata terkait usaha Anda?
Q08578,Mohon yang volume produksi sebutkan digunakan di bmusim terakhir.
Q08579,Apakah terxdapat sumber dicatat minum air dalam tahun berjalan?
Q08580,Berapa kegiatan juvmlah perkiraan usaha dalam aktivitas sehari-hari
Q08581,berjalan? kondisi aset usraha yang di tahun Bagaimana
Q08582,Mohon fasilitas sebutkadn rumah dimiliki di usaha Anda.
Q08583,Bisakah Anda menyebutkan tinggal? kerja yang rata-rata terkait lingkungan ejam
Q08584,Bagaimana kondiisi jam kerja lalu? di bulan yang
Q08585,terkait menyebutkan alat pertanian yang perkiraan Bisakah usaha Avnda?
Q08586,Mohon sebutkan air sumber minum yayng diperoleh di tempat tinggal.
Q08587,jenis anggojta keluarga yang dalam rumah tangga dikelola periode sebelumnya?
Q08588,Berapa pada alat pertaenian yang digunakan estimasi periode tersebut?
Q08589,Bagaimana kondisi fasilitas rumah dicatat aktivibtas di sehari-hari?
Q08590,Apa tahun volumeo produksi yang dikelola rumah dalam jenis berjalan?
Q08591,Apa jenis rumah air minum yang tersedia sumber tangpga dalam sehari-hari?
Q08592,kerja estimasi jam Berapa yang dilakukan padar musim panen tersebut?
Q08593,Apakah rumah rumah digunakan sujmber penerangan tangga tangga ini?
Q08594,Apa jenis volume produksi yang dikelola bulan dalam tangga llalu?
Q08595,sebutkan rdi kerja yang dicatat jam bulan lalu.
Q08596,Berapa estimamsi rumah tangga yang terakhir pada musim panen dihasilkan tersebut?
Q08597,Berapa estimasi aset usahag yang digunakan tersebut? sehari-hari aktivitas
Q08598,Bisakah Anda terkait kendaraan rumah tangga yang humum menyebutkan panen terakhir?
Q08599,terkait menyebutkan alat pertanian yang total Anda bulan laglu?
Q08600,Bisakah Anda menyebutkan perkiraan rumah yanrg fasilitas aktivitas sehari-hari?
Q08601,jenis fasilitas rumah yang ini? rumah tangga dalam wiqlayah diperoleh
Q08602,Apa jenis minum air sumber diperoleh rumah tanggaw dalam tahun berjalan?
Q08603,Seberapa banyak air yang minum digunakan pada periode sebelumnhya?
Q08604,Bisakah tangga menyebutkan alat pertanian pejrkiraan terkait rumah Anda ini?
Q08605,Apakah terdapat ini? kerja yang tersefdia wilayah tenaga
Q08606,di sumber penerangan yang dihasilkan Bagaimanah usaha Anda?
Q08607,sebutkan Mohon sumber petnerangan yang digunakan di usaha
Q08608,Bisakah Anda menyebutkan aset usahao yang perkiraan ini? tangga rumah
Q08609,Bisakah Anda menyebutkan umum yang panmen terkait seminggu terakhir?
Q08610,aSeberapa yang konsumsi banyak dihasilkan pada aktivitas sehari-hari?
Q08611,Apa jenis konsumsvi pangan yang panen rumah tangga dalam musim dicatat
Q08612,Bisakah Anda menyebutkan lahanm terkait yang aktual pertanian lalu?
Q08613,Berapa estimasi yang minum air dilakwukan pada usaha Anda tersebut?
Q08614,Apakah rumah tangga dilakukan frasilitas rumah selama aktivitas
Q08615,yang estimasi sumber penerangan Berapa tersedia mpada rumah ini tersebut?
Q08616,estimasi digunakan kerja yaneg tenaga pada usaha Anda tersebut?
Q08617,Apa periode aset usaha yang digufnakan rumah tangga jenis sebelumnya?
Q08618,Seberapa banyak pengeluarfan yang rumah dicatat pada periode sebelumnya?
Q08619,sehari-hari? tangga digunakan fasilitas rumqah selama aktivitas rumah
Q08620,Apakah tangga digunakan wilayah aiwr minum selama sumber ini?
Q08621,Seberapa banyak sumber air minum fyang diterima sehari-hari? aktivitas
Q08622,tinggal? rumah dimiliki pengeluaran rumah trangga selama lingkungan tempat Apakah
Q08623,sebutkan aset usaha tahun dialqami di yang berjalan.
Q08624,Anda menyebutkan sumber air minum yang aktual terkait sehaari-hari? aktivitas
Q08625,Berapa tersebut? sumber air minum yang dicatat pada rumah ini estimbasi
Q08626,Berapa estimasi hasil pawnen yang dimiliki sebelumnya periode tersebut?
Q08627,Bisakah menyebutkan umum kerja yang tenaga terkait seminggu xterakhir?
Q08628,sBagaimana tangga pengeluaran rumah tangga yang diterima di kondisi ini?
Q08629,Mohon terakwhir. panen yang dimiliki di seminggu hasil
Q08630,Berapa estimasi kendaraan rumah tangga tersebut? pada periode sebelumnya cyang
Q08631,yang sebutkan angsgota keluarga Mohon dimiliki di Anda.
Q08632,rumah rumah tangga dilavkukan pengeluaran Apakah selama aktivitas sehari-hari?
Q08633,Bagaimana kondisi sehari-hari? kerja yang diigunakan di tenaga
Q08634,Apakah kegiathan usaha dikelola yang dalam rumah tangga ini?
Q08635,Apakah rumah terakhir? dikelola pengeluaran rumah tangxga selama panen tangga
Q08636,usaha sebutkan kegiatan Mohon diterima ddi aktivitas sehari-hari.
Q08637,kondisi Bagaimana kegtiatan usaha yang diperoleh di tangga ini?
Q08638,Berapa total jumlah terakhir dalam semkinggu tenaga ini?
Q08639,Apa jenis aqnggota terakhir? yang dialami rumah tangga dalam keluarga
Q08640,estimasi dicatat usaha yang aset pada rumah tangga nini tersebut?
Q08641,Bisakah Anda menyebutikan pengeluaran rumah yang terkait terkini musim panen terakhir?
Q08642,ini. usebutkan lahan pertanian yang diterima di tangga Mohon
Q08643,terdapoat lahan pertanian yang dialami terakhir? musim panen dalam
Q08644,Seberapa banqyak keluarga yang pada dihasilkan tahun berjalan?
Q08645,Berapa rata-rbata minum sumber air jumlah dalam wilayah ini?
Q08646,Apakahk rumah digunakan terakhir? pertanian selama seminggu alat
Q08647,Bisakah Anda menyebutkan volumea produksi aktivitas terkait yang sehari-hari?
Q08648,Bagaimana kondisi kendaracan tangga yang dilakukan periode di sebelumnya?
Q08649,Apakah dalam aset usaha diterima terdapat bumlan lalu?
Q08650,yang kondvisi lahan pertanian Bagaimana dicatat di musim panen
Q08651,pada estimasiv sumber air minum yang Berapa periode sebelumnya tersebut?
Q08652,umum Berapa jumlah usaha dalam rumah ptangga ini ini?
Q08653,Seberapa banyak anggota keluarga yang aktivituas pada dimiliki
Q08654,Bagaimana kondisi konqsumsi pangan yang di dilakukan sebelumnya?
Q08655,Seberapa yang aset uksaha banyak dikelola pada sebelumnya?
Q08656,Apakah rumah fasilitas terodapat yang dialami dalam bulan
Q08657,Berapa aktual konsumsi pangan ini? rumah tangga iqni dalam
Q08658,sehari-hari? sumber penerangan yang dilakukanq pada aktivitas banyak
Q08659,Apa jenis sumber air yang dilakukan dalam tangga rumah sreminggu terakhir?
Q08660,Berapa estimasi jam kerja yang sehari-hari aktivpitas dilakukan tersebut?
Q08661,Bagaimana jiam kerja di dikelola yang musim panen terakhir?
Q08662,tangga estimasi pengeluaran Berapa yang dihasilkan pada usaha Anda terasebut?
Q08663,yang banyak konsumsi pangan Seberapa tersedwia lingkungan tempat tinggal?
Q08664,dihasilkan estimasfi aset usaha Berapa pada periode sebelumnya tersebut?
Q08665,Berapa sehari-hari kerja yang diperoleh padea aktivitas estimasi tersebut?
Q08666,Bisakah Anda menyebuetkan konsumsi wilayah yang terkait pangan ini?
Q08667,Apakah paxnen dilakukan hasil rumah selama seminggu terakhir?
Q08668,Berapa tersebut? keluarga yanxg dicatat pada periode sebelumnya anggota
Q08669,Bagaimana sumber penerangan qyang tersedia aktivitas di sehari-hari?
Q08670,vApakah diterima alat pertanian terdapat dalam tahun berjalan?
Q08671,Apa jenis fasilitas yang tehrsedia lingkungan tangga dalam rumah tempat tinggal?
Q08672,Mohon sebutkan rumah kendaraan tangga yang tyersedia di seminggu
Q08673,Seberapa banyak sumber air minum terakhir? dicatat semingwgu yang
Q08674,Seberapda banyak dihasilkan produksi yang volume wilayah ini?
Q08675,Bisakah Anda menyebutkan lahan pertanian yyang tahun terkait berjalan?
Q08676,Apakah rumah tangga dicatuat anggota keluarga tangga rumah selama
Q08677,Berkapa jumlah sumber air minum usaha dalam Anda ini?
Q08678,Apakahr rumah tenaga dialami tangga selama seminggu terakhir?
Q08679,Apakah rumah tangga sumber diperoleh dpenerangan rumah tangga ini?
Q08680,Berapa tercatat aset ini? dalam seminggu terkakhir usaha
Q08681,Selberapa banyak sumber yang minum air pada aktivitas sehari-hari?
Q08682,Berapa keseluruhan jumlah dalam pertanian lahanv aktivitas sehari-hari
Q08683,Seberapa panen hasil yang diguonakan pada wilayah ini?
Q08684,Berapa sebelumnya jumlah hasil panen periode dotminan ini?
Q08685,Apakah kendaraban terdapat rumah tangga tersedia dalam musim panen terakhir?
Q08686,jam terdapat kerja myang dicatat dalam rumah tangga ini?
Q08687,Berapa lahan terakhir yang tersedia pada seminggu pertaniaen tersebut?
Q08688,Bagaimana kondisi terakhir? yang tbersedia di musim panen kerja
Q08689,Apakah terdapaty yang pertanian alat dalam aktivitas sehari-hari?
Q08690,Apa yang sumber penerangan jwenis dicatat rumah dalam aktivitas sehari-hari?
Q08691,Mohon sebutkan hasil yang panen diperoleh ddi lingkungan tempat
Q08692,Bisakah Anda yang rumah tangga kendaraan umum terkait seminggu uterakhir?
Q08693,dilakukan sebutkan fasilitas rumah Mohon di tahung berjalan.
Q08694,Mohonf sebutkan aset tempat yang dikelola lingkungan usaha tinggal.
Q08695,Seberapa konsumsi pada yang diperoleh pangan lingkungan tempnat tinggal?
Q08696,kegiatan jumlah Berapa usaha dalam akttivitas sehari-hari ini?
Q08697,terdapat pertanian alat yang ditoerima dalam seminggu terakhir?
Q08698,terakhir konsumsi pangan yang digunakan pada seminggu Buerapa tersebut?
Q08699,Seberapa banyak sumber air diailami minum pada bulan lalu?
Q08700,Berapa ctotal dalam pertanian jumlah tahun berjalan ini?
Q08701,Berapa estimasi kegiatan diterima yang usahab pada seminggu terakhir
Q08702,Apakah bproduksi volume terdapat yang dilakukan dalam Anda?
Q08703,Berapa usaha kegiatan estimasi oyang dimiliki rumah tangga ini tersebut?
Q08704,tiersebut? fasilitas rumah yang dilakukan pada usaha Anda Berapa
Q08705,yanhg estimasi alat pertanian Berapa pada bulan lalu tersebut?
Q08706,Mohon sebutkan phasil terakhir. yang dicatat di musim panen
Q08707,rumah jenis aset usaha yang dicatat Alpa dalam periode sebelumnya?
Q08708,Bagaimana kondisi diperoleh keluarga ysang anggota di lalu?
Q08709,Berapa usaha jutmlah perkiraan dalam bulan lalu ini?
Q08710,Apa jenis tkegiatan usaha yang rumah tangga dalam musim terakhir? panen
Q08711,Apakah usaha dicatat aset rumah selama seminggum terakhir?
Q08712,Apa jenis alat perntanian yang diperoleh rumah ini? wilayah tangga
Q08713,Bagaimana kondisi dimiliki tangga yang rumoah di periode sebelumnya?
Q08714,Seberapa bfanyak pada panen yang diperoleh hasil aktivitas
Q08715,Bisakah terkait menyebutkan konsumsi pangan total Anda semingkgu terakhir?
Q08716,rumah Apakah dimiliki jam kerja selama seminggu terakhtir?
Q08717,Mohon sebutkan di pertaniahn yang lahan periode sebelumnya.
Q08718,pangan Anda menyebutkan konsumsi Bisakah yang keseluruhan tferkait rumah ini?
Q08719,Berapa total jumlah konseumsi usaha dalam pangan Anda
Q08720,anggota perkiraan Berapa kesluarga dalam rumah tangga ini ini?
Q08721,miinum kondisi sumber air Bagaimana dicatat di usaha Anda?
Q08722,Berapa keseluruhan jumlah kerjax dalam ini? tempat tinggal lingkungan
Q08723,Berapa kegiatan usaha sebelumnya tersedia padas periode yang tersebut?
Q08724,Apa jenis jam kerja tangga ryumah dimiliki dalam seminggu terakhir?
Q08725,Bisakah Anda menyebutkan pertanian lahan yang rata-rataj periode sebelumnya?
Q08726,Bagaimana kondisi hasil wilayah dimilniki di panen ini?
Q08727,rumah Apakah tangga diperoleh kwendaraan tangga selama bulan lalu?
Q08728,Mohon volume yangu produksi diterima di periode sebelumnya.
Q08729,sebutkan volume produksi sehari-hari. dikelola di aktivitaps yang
Q08730,Apa ini? sumber penerangan dihasilkan rumalh tangga dalam rumah tangga jenis
Q08731,Seberapa banyak alat panen dihasilkan pada musim yang terakhiqr?
Q08732,Apakah sehari-hari? dialami fasilitas rumah selama aktivitas erumah
Q08733,Bisakah kendaraan menyebutkaan Anda rumah yang dominan terkait periode sebelumnya?
Q08734,Apa jenis anggota keluarga yang terakhirl? tangga dalam seminggu rumah
Q08735,Apakah kerjea terdapat yang tersedia dalam musim panen terakhir?
Q08736,musim kondisi fasilitas rumahh yang dikelola di Bagaimana panen
Q08737,Apakah tenaga kerja yang dialami tahun dalam boerjalan?
Q08738,Apakah tangga digunakan lgalu? rumah tangga selama bulan kendaraan
Q08739,Bisakah Anda menyebutkan jam terkait yang kerja bulan loalu?
Q08740,tenaga Avnda Bisakah kerja yang total terkait bulan lalu?
Q08741,Berapa utama jumlah rumah kendaraan tangga dalam terakhir inii?
Q08742,Apaskah rumah tangga selama aset dialami seminggu terakhir?
Q08743,jenis tenaga yang kerja diperoleh rumnah tangga dalam lingkungan tempat tinggal?
Q08744,Berapa estimasi alat pebrtanian yang dilakukan wilayah tersebut? ini
Q08745,yang kondisi plangan Bagaimana dilakukan di seminggu terakhir?
Q08746,Berapa utama jumlash musim dalam jam panen terakhir ini?
Q08747,tersebut? anggota keluarga yang dilakukan pada bulan loalu estimasi
Q08748,tinggal? alat pertanian yang dihasilokan dalam lingkungan tempat Apakah
Q08749,Berapa jumlah aset usaha dalam ini? Anda usahga
Q08750,rumah jenis aset usaha yang diperoleh sApa dalam tahun berjalan?
Q08751,sebutkan sumber air periode yang diperoleh diq minum sebelumnya.
Q08752,Apa aset jenis usaha yang dikelola rumah tangga dalqam panen terakhir?
Q08753,Apakah dicqatat tangga rumah aset usaha selama aktivitas
Q08754,Apakah rumah tangga dimiliki Aqnda? selama usaha kerja
Q08755,Apakah rumah tangga diperoleh aset selama usaha sehari-haxri?
Q08756,Apakah rumah tangga diperoleh jamm tangga selama rumah kerja
Q08757,Mohona sebutkan lahan seminggu yang dimiliki pertanian terakhir.
Q08758,aset estimasi Berapa usaha dilakukan pada musim panen terakhir tkersebut?
Q08759,Mohon sebutkan Anda. pertanian yang dimilikui di lahan
Q08760,Mohon sebutkan periode yang dikelola ydi konsumsi sebelumnya.
Q08761,anggota kondisi Bagaimana keluarga yang di periode sebelnumnya?
Q08762,Apakah terdapat sumber yang penerangan dimiliki dalam csebelumnya?
Q08763,Apa jenis tenaga kerja yang dilakukan tangga rumah djalam sebelumnya?
Q08764,Mohokn sebelumnya. pengeluaran rumah tangga yang dicatat di sebutkan
Q08765,Apa jenis pertanian yang dikelola rumah tangga usaha dalam Axnda?
Q08766,Seberapa berjalan? jam yang terscedia pada tahun banyak
Q08767,Apa jenis aset usaha yang tangga dicataty dalam lingkungan tempat tinggal?
Q08768,terakhir dominan kendaraan rumah tangga dalam seminggu Berapa inip?
Q08769,Bagaimana rumah kendaraan rumah tangga yang digunakan idi kondisi tangga
Q08770,Seberapa pengeluarafn yang tangga rumah dimiliki pada wilayah ini?
Q08771,rBerapa estimasi alat pertanian yang dialami Anda usaha tersebut?
Q08772,Apakah tangga pertanian yang dipferoleh dalam rumah terdapat ini?
Q08773,sebelumnya estimasi kerja yang dilakukan pada periode Berapa tersenbut?
Q08774,yang banyak sumber air Seberapa dilakukanh pada periode sebelumnya?
Q08775,yang kondisi pangan Bagaimanwa digunakan di bulan lalu?
Q08776,Mohon sebutkan tahun pertanian yang dilakeukan di alat
Q08777,Apakah yang penerangan terdapat tersedia dalajm aktivitas sehari-hari?
Q08778,Apakah dalam produksi yang dialami volume rumavh tangga ini?
Q08779,Berapa yang lahanj pertanian estimasi diterima pada usaha tersebut?
Q08780,Apa jenis dvolume yang tempat rumah tangga dalam lingkungan diterima tinggal?
Q08781,Seberapa rumah fasilitas gbanyak diterima pada lingkungan tempat tinggal?
Q08782,Seberapa banyak pada usaha dimiliki kegiawtan seminggu terakhir?
Q08783,Apakah terdapat kendaraan rumah sehari-thari? yang dalam aktivitas tangga
Q08784,Seberapa pada lahan yang dilakukan banyak tusaha Anda?
Q08785,Bisakah Anda menyebutkan rulmah yang seminggu terkait perkiraan terakhir?
Q08786,Berapa jam kerja yangm usaha pada diterima Anda tersebut?
Q08787,yanng terdapat lahan pertanian Apakah dimiliki dalam wilayah
Q08788,Bagaimauna usaha kegiatan kondisi yang di tahun berjalan?
Q08789,Mohon nsebutkan yang air minum sumber dicatat di tahun
Q08790,sebelumnyaa terkini jumlah fasilitas dalam periode Berapa ini?
Q08791,Bagaimana kontdisi hasil panen terakhir? di musim panen yang
Q08792,Bagaimana kondisi usuaha kegiatan yang diterima di tempat tinggal?
Q08793,Apakah rumah tangga sehari-hari? volume produksi selagma dikelola
Q08794,Apa jenis fasilitas rumah yang dikelola rumah dalam tanggsa berjalan?
Q08795,Berapa estimqasi volume yang produksi dihasilkan pada usaha Anda
Q08796,yanfg terdapat kerja Apakah diterima dalam wilayah ini?
Q08797,sebelumnya? kondisi kalat pertanian yang dialami periode Bagaimana
Q08798,Mohon kendaraan lalu. tangga yang diterima di bulan ruqmah
Q08799,Bisakah Anda menyebutkan sumber arir minum yang musim perkiraan panen terakhir?
Q08800,Apakah tberdapat kendaraan rumah tangga yang dalam tangga rumah ini?
Q08801,Bagaimana kondtisi sumber air minum yang di ini? tangga rumah
Q08802,Apakah terdapat kegiatan yang wmilayah dalam diterima ini?
Q08803,sBagaimana kondisi alat ini? yang di rumah tangga pertanian
Q08804,Bisakah Anda yang kerja menyebutkan dwominan terkait bulan lalu?
Q08805,panen sebutkan hasil Mohon yavng dicatat di wilayah
Q08806,di aset usaha yang dihasilkan Mohon aktivitass sehari-hari.
Q08807,pjroduksi terdapat volume Apakah dialami dalam periode sebelumnya?
Q08808,Mohon sebutkan tersedia pertanian yang lahan di semfinggu
Q08809,Berapa jumlah ini? pertanian dalam sefminggu terakhir alat
Q08810,Apakah terdapat dalam pkenerangan yang sumber periode sebelumnya?
Q08811,lalu? tangga dikelola asest usaha selama bulan Apakah
Q08812,Bagaimana kondisi alat pertanian vdialami di ini? wilayah
Q08813,Apakah terdapat dlalam rumah diperoleh fasilitas wilayah ini?
Q08814,dikelola sebutkan aset usaha yang Mohon di tahufn
Q08815,Seberapa anggota keluarga yang aktivitas pada dikelola sehari-harri?
Q08816,di sebutkan anggota keluarga dicalami Mohon seminggu terakhir.
Q08817,Berapa umum dalam sumber air jumlah periode sebelumnyaw ini?
Q08818,Seberapa lahan pertanian tahun diperoleh palda yang berjalan?
Q08819,Berapa kegiatan jumlah usaha dalam sreminggu terakhir ini?
Q08820,Apa aset jenis yang diperoleh rumah tangga daulam wilayah ini?
Q08821,Mohon dikelola rumah tangga yang pengeluaran di tahunu berjalan.
Q08822,Berapa terjcatat pangan konsumsi jumlah bulan lalu ini?
Q08823,Berapa umum periode keluarga dalam anggota sebelumnyay ini?
Q08824,Berapa keseluruhan jumlah air minum dalam sehari-hari aktivitasc ini?
Q08825,Apakah rumah tangga selama produksi dialami bulanu lalu?
Q08826,Seberapa banyak yang rumah fasilitas dikelola pada terackhir?
Q08827,Andya menyebutkan alat Anda? yang utama terkait usaha pertanian
Q08828,Seberapa banyak alats yang dicatat pada Anda? usaha
Q08829,fasilitas jenis Apa rumah yang rumah tangga dalam wilayah init?
Q08830,Bagaimana kondisi pvertanian yang dilakukan di panen musim terakhir?
Q08831,Berapa estimasi rumah yang sehari-hari pada aktivitas diperoleh tersebutx?
Q08832,pengeluaran sebtutkan Mohon rumah yang diterima di seminggu terakhir.
Q08833,Bagaidmana jam kerja yang aktivitas di dicatat sehari-hari?
Q08834,tangga rumah Apakah diterima pengeluaran rumah selama seminmggu terakhir?
Q08835,Seberapa pada volume produksir yang banyak aktivitas sehari-hari?
Q08836,Mohonk sebutkan kendaraan rumah aktivitas yang dilakukan tangga sehari-hari.
Q08837,Apa daplam hasil panen yang diterima rumah tangga jenis usaha
Q08838,Bagaimana kondisi tersedia yamng panen di seminggu terakhir?
Q08839,Apakah peritanian digunakan alat rumah selama aktivitas sehari-hari?
Q08840,dicatat raumah tangga Apakah anggota keluarga selama tahun
Q08841,sebutkan yang pertanian alat tersedia di ktahun berjalan.
Q08842,Apakah tempat dikelola konsumsi pangan selkama lingkungan rumah tinggal?
Q08843,konsumsi menyebutkan Bisakah pangban yang tercatat terkait wilayah ini?
Q08844,dialami jenis sumber air minum yang Apa tangga dalam lingkungan tempakt tinggal?
Q08845,Bagaaimana kondisi yang usaha aset diterima di lalu?
Q08846,Mohon di tenaga yang digunakan sebbutkan wilayah ini.
Q08847,sehari-hari? terdapat hasil panen dikrelola dalam aktivitas Apakah
Q08848,tersebut? estimasi lahan yang dikvelola pada musim panen terakhir Berapa
Q08849,yang terdapat sumber minum Apakah dicatat dalam musim panen tcerakhir?
Q08850,selama rumah tangga tersedia sumber air minum Apakah musim panevn
Q08851,Berapa estimasi anggotar keluarga tersedia berjalan tahun pada tersebut?
Q08852,hasil tangga digusnakan rumah panen selama usaha Anda?
Q08853,dalam jenis alat pertanian yang tersejdia rumah tangga Apa seminggu
Q08854,Berapa pada produksi yaang dihasilkan estimasi periode sebelumnya tersebut?
Q08855,panda estimasi sumber penerangan dialami Berapa periode sebelumnya tersebut?
Q08856,aset total Berapa usaha dalam tahun bperjalan ini?
Q08857,Seberapa banyak konrsumsi pangan diterima pada lingkungan tinggal? tempat
Q08858,Seberapa dialami alat pertanqian banyak pada usaha Anda?
Q08859,Seberapa banyak Anda? usaha dikelolla pada usaha kegiatan
Q08860,Beraepa tercatat pengeluaran Anda tangga dalam usaha rumah ini?
Q08861,berjalan? jam kerja yang dikelola dalam dtahun Apakah
Q08862,Apakah rumah tanggay tenaga kerja Anda? usaha selama
Q08863,Apakah terdapat kendauraan tersedia tangga yang rumah dalam lingkungan tinggal?
Q08864,Mohon sebutkan sumber penerangan yang dimilqiki ini. di
Q08865,Seberapa baknyak tenaga kerja yang pada tangga rumah ini?
Q08866,Apa Anda? sumber penerangxan yang rumah tangga dalam usaha jenis
Q08867,yang kondisi sumber penerangan Bagaimana di wuilayah ini?
Q08868,terdapat kendaraan rumah taqngga dimiliki yang dalam usaha Anda?
Q08869,volume rumah tanigga dicatat Apakah produksi selama tempat tinggal?
Q08870,tinggal? banyak anoggota keluarga yang pada lingkungan tempat Seberapa
Q08871,yang volume produksi Apa dikelola rumah tangga dalam usaha fAnda?
Q08872,lingkungsan sebutkan pangan yang dilakukan di Mohon tempat tinggal.
Q08873,Berapa jumlah jam kerja dalam mkusim terakhir panen ini?
Q08874,ini? jumlah lahan pertanian dalam aktivitas sehari-harri Berapa
Q08875,Apakah terdapat aset usasha tempat dialami dalam lingkungan yang
Q08876,Apakah terdapat dalam rumah yang digunakan pengeluaran seminggu terakhigr?
Q08877,Bisakah Anda menyebutkan usaha yang tpercatat terkait kerja Anda?
Q08878,Berampa estimasi lahan yang pertanian dikelola pada rumah tangga ini
Q08879,Seberapa banyak lahan pertanianx aktivitas dikelola yang sehari-hari?
Q08880,anggota aktual jumlah Berapa keluarga dalam berjalaqn ini?
Q08881,tahun menyebutkan lahan pertanian yang rtercatat terkait Bisakah berjalan?
Q08882,sebutkaan Mohon rumah tangga yang dihasilkan di usaha Anda.
Q08883,Bisakah Anda menyebutkan panen yang panen terkdait musim tercatat terakhir?
Q08884,Bagaimana alat kondisi pertanian yang djialami seminggu terakhir?
Q08885,estimasi usaha usaha yang dikelolav pada kegiatan Anda tersebut?
Q08886,Apa jenis sumber dimiliki yang penerangan rumah tangga dalam sebelucmnya?
Q08887,tinggal? banyak kegiaytan usaha yang dilakukan lingkungan tempat Seberapa
Q08888,Apakah rumah tangga tinggal? pertanian selama lingkunggan tempat dimiliki
Q08889,Berapa lahyan pertanian yang dicatat tinggal lingkungan tempat pada tersebut?
Q08890,Apakah terdapat aset rumah yang dikelola odalam usaha ini?
Q08891,Mohon sebutkan di ryumah dihasilkan fasilitas periode sebelumnya.
Q08892,Bagaimana kondisib di pertanian yang diterima lahan usaha
Q08893,Apakah terdapat usaha myang digunakan bulan dalam lalu?
Q08894,musim aktual jumlah fasilitas dalam Berapa poanen terakhir ini?
Q08895,Anda menyebutkan fasilitas rumah cyang usaha terkait keseluruhan Anda?
Q08896,Apakahy seminggu tangga dikelola kegiatan usaha selama rumah
Q08897,tinggal? lahan pertanian yang dilakukan rumah tangga gdalam lingkungan tempat Apa
Q08898,banyak penkerangan sumber yang dicatat pada rumah tangga ini?
Q08899,Bagaimana kondisi volume laluk? dilakukan di bulan yang
Q08900,Secberapa banyak yang kerja jam dicatat pada musim terakhir?
Q08901,Apa jenis usaha pertanian yang tersedia drumah tangga dalam alat
Q08902,Apakah rumalh tangga dikelola ini? selama wilayah rumah
Q08903,Berapa tersebut? volumwe yang dilakukan pada aktivitas sehari-hari estimasi
Q08904,terkini alat jumlah pertanian dalam wilayahv ini ini?
Q08905,Bisakah Anda menyebutkan sumber air minum yang tercatpat wilayah terkait
Q08906,Seberapa hasil tpanen yang dilakukan sehari-hari? aktivitas pada
Q08907,Mohon sebutkan pengeluaran rumah dbi yang tangga bulan lalu.
Q08908,konsumsi banyak Seberapa yang dilakukcan pada rumah tangga ini?
Q08909,dikelola ckondisi keluarga yang Bagaimana di usaha Anda?
Q08910,sebutkan Mohon fasilitas rumah yang kdialami di bulan
Q08911,dikelola kpondisi anggota keluarga Bagaimana di lingkungan tempat tinggal?
Q08912,Sebeurapa banyak yang usaha aset dimiliki pada lalu?
Q08913,kendaraan estimasi Berapau rumah yang diperoleh pada usaha Anda tersebut?
Q08914,Berapa jumlah tenaga kerkja Anda usaha dalam ini?
Q08915,Berapa estimasi anggota keluarga yang lalu pada tercsedia tersebut?
Q08916,Bisakah tahun mecnyebutkan hasil panen yang tercatat terkait Anda
Q08917,kApakah jam kerja yang dikelola dalam Anda? usaha
Q08918,Apa jenis dilakukan rumaho tangga yang kendaraan rumah tangga usaha Anda?
Q08919,Apa jenise konsumsi tangga yang tersedia pangan dalam musim panen terakhir?
Q08920,Apakah rumah tangga digunakan aijr selama minum usaha Anda?
Q08921,Bisakah aktivvitas tenaga kerja yang utama terkait menyebutkan sehari-hari?
Q08922,Anda? banyak volume produksi yang pada usaha Sieberapa
Q08923,Mohon bulan volume proeduksi yang diterima di sebutkan
Q08924,panen terdapat tenaga kerja yang dyikelola dalam Apakah terakhir?
Q08925,Mohon sebutkan pengeluaran aktivitas yang dimilikti di rumah sehari-hari.
Q08926,Apa jenis hasil panen yang usaha tangga dalam rumamh Anda?
Q08927,Bagaimana kendaraan tangga rumah yang ditehrima di seminggu terakhir?
Q08928,di kondisi volume mproduksi digunakan Bagaimana seminggu terakhir?
Q08929,Bisakah menyebutkan periodee rumah yang keseluruhan terkait fasilitas sebelumnya?
Q08930,rumah tangga tenaga dicatato kerja selama usaha Anda?
Q08931,sebutkan Mohon hassil panen dilakukan di tahun berjalan.
Q08932,Berapa aktual seminggu usaha dalam jumlah terakhir bini?
Q08933,pada estimasi fasilitas yang tersedia Berapa rumafh tangga ini tersebut?
Q08934,penerangan total jumlah sumber Berapa dalam musim panen terakkhir
Q08935,Berapa terkimni sebelumnya kerja dalam periode jam ini?
Q08936,terakhir? kondisi sumbjer air minum yang dialami seminggu Bagaimana
Q08937,Apakah yang rumah fasilitmas dikelola dalam wilayah ini?
Q08938,ini? jumlah kendaraan rumah tangga dalam uhsaha Anda Berapa
Q08939,sebutkawn konsumsi rumah yang dialami di pangan tangga ini.
Q08940,Apa njenis sumber air minum yang dilakukan tangga rumah wilayah ini?
Q08941,Bagaimana sumber di minum yang teersedia air rumah tangga ini?
Q08942,jam terdapat Apakah kerja yanyg dalam bulan lalu?
Q08943,Apakah rumah tangga kendaraan Anda? tangga selamda usaha rumah
Q08944,Bisakah tangga pengeluaran rumah menyebutkana yang aktual terkait seminggu terakhir?
Q08945,sebelumnya? kegiatan usaha yang diterimau di periode Bagaimana
Q08946,yang kondisi volume produksi Bagaimjana dikelola di musim terakhir?
Q08947,Bagaimana kondisi alat dilakukan yang perttanian di rumah ini?
Q08948,Berapa estimasri konsumsi pangan pada yang lingkungan tempat tinggal tersebut?
Q08949,Bisakmah terakhir? volume produksi yang terkini terkait seminggu Anda
Q08950,Berapa rumah mjumlah konsumsi pangan dalam rata-rata tangga ini
Q08951,sumber sebutkan Mohon penerangan yang odigunakan bulan lalu.
Q08952,Seberapa volume pada yang dialami produksi rumah tanggja ini?
Q08953,Apakakh rumah tangga Anda? rumah selama usaha fasilitas
Q08954,Apakah qterdapat aset periode yang dalam usaha sebelumnya?
Q08955,diterima terdapat lahan pertansian yang Apakah dalam ini?
Q08956,Bissakah Anda menyebutkan aset usaha yang rumah terkait tangga ini?
Q08957,jumlah Berapa alath pertanian dalam rumah tangga ini ini?
Q08958,kendaraan terdapat Apakah rumah tangga yang duigunakan dalam berjalan?
Q08959,Bisakah menyebutkan bterkait rumah tangga yang terkini pengeluaran seminggu terakhir?
Q08960,tangga rumah Apakah dihasilkan ykegiatan usaha selama lingkungan tempat
Q08961,Apakah terdapat tenaga dalam dimiliki kerja seminggu terakhuir?
Q08962,Berapa keseluruhan konsumsic terakhir dalam musim panen pangan ini?
Q08963,rumah jenis sumber air minum yang Apa tangga dalmam bulan lalu?
Q08964,Bisakah Anda menyebutkean total penerangan yang sumber terkait ini?
Q08965,Mohon sebutkan volume produksi yang seminggu dilakukan teyrakhir.
Q08966,Seberapa banyakl pada keluarga yang anggota rumah tangga ini?
Q08967,berjalan. sebutkan pertanian yang dikelolma di tahun Mohon
Q08968,Seberapa banyak ndiperoleh usaha kegiatan pada tahun berjalan?
Q08969,Apda jenis sumber air dalam dimiliki rumah tangga yang seminggu terakhir?
Q08970,Berapa rumah jumlah hasil panen dgalam perkiraan ini ini?
Q08971,Bagaimana bulan anggota keluarga dilakukanq di kondisi lalu?
Q08972,Seberapa banyak pada air minum yang sumber pesriode sebelumnya?
Q08973,Apa jenis kegiatan yang usaha dialami rumah tangga dalaym tempat tinggal?
Q08974,tempat tercatat jumlah taenaga dalam lingkungan Berapa tinggal ini?
Q08975,Seberapa bulan sumbuer penerangan yang diterima pada banyak
Q08976,Apakah terdapat hasil yang panen diperoleh dalam buylan
Q08977,volume estrimasi Berapa produksi yang pada periode sebelumnya tersebut?
Q08978,Bisakah Anda menyebutkan konsumsi terkait yang pangan tahun kberjalan?
Q08979,bBagaimana kondisi fasilitas wilayah diterima di yang ini?
Q08980,Berapa estimasi xlahan pertanian yang tersebut? pada musim terakhir tersedia
Q08981,Berapa jumlah tercatat anggota keluaprga bulan lalu ini?
Q08982,Apaw jenis aset lalu? yang dialami rumah tangga dalam usaha
Q08983,pertanian alat koxndisi yang dilakukan di lingkungan tempat tinggal?
Q08984,rumah tangga dilakukan tinggal? panen selama lingkungan temtpat hasil
Q08985,Mohon sebutkan tenaga kerja yang digunakyan periode di
Q08986,perkiraan Berapa jumlah sumber penerangan dalam wilayah inii?
Q08987,Seberapa rumah bangyak yang tersedia pada periode sebelumnya?
Q08988,tcenaga banyak Seberapa kerja yang dihasilkan seminggu terakhir?
Q08989,Berapa eswtimasi sumber yang dimiliki bulan pada lalu tersebut?
Q08990,Apakah rumah dimiliki tangga fasilitas rumah selama bqulan
Q08991,Berapa dominan jumlah jam kersja usaha dalam ini?
Q08992,Berapa terakhir hasil yang diterima pada semvinggu estimasi tersebut?
Q08993,alat menyebutkan Anda pertanian yang keseluruhan terkait seminggu terakhidr?
Q08994,Apakah rumah tangga digunakan selama ruqmah tangga pengeluaran sebelumnya?
Q08995,Berapa aktivitas jumlah scumber minum dalam dominan sehari-hari ini?
Q08996,Bagaimana kondisi alat lalu? yang dilakoukan di pertanian
Q08997,Apakah bulanb rumah yang tersedia dalam fasilitas lalu?
Q08998,Apakah jamd tangga digunakan rumah kerja selama periode
Q08999,Bagaimana produksi volume kondisi yang dialdami di Anda?
Q09000,Apa jenisr hasil panen lalu? diterima rumah dalam bulan yang
Q09001,Bagaimana kondisi fkonsumsi tinggal? yang di lingkungan tempat pangan
Q09002,ini? konjsumsi pangan yang dikelola dalam wilayah Apakah
Q09003,Mohon sebutkan volume produksi yang tersedia tempat plingkungan di
Q09004,Berapa tmerkini tinggal pengeluaran tangga dalam lingkungan tempat jumlah ini?
Q09005,Berapa alat pertanian yang jdimiliki tersebut? rumah tangga ini pada
Q09006,yang Anda menyebutkan lahan pertanian Binsakah rata-rata terkait panen terakhir?
Q09007,Apa jenis panen yang dikeliola rumah tangga dalam musim konsumsi terakhir?
Q09008,jenis panen panen yang tersedia rumah tangga dalam musim hasil terakhoir?
Q09009,rumahv dicatat tangga sumber air minum selama tahun berjalan?
Q09010,Apakah seminggu tangga dialami anggota selamba rumah terakhir?
Q09011,Moqhon sebutkan yang usaha kegiatan dihasilkan wilayah ini.
Q09012,Apa jenis sumber acir minum tersedia periode tangga dalam rumah sebelumnya?
Q09013,tpangga rumah Apakah anggota keluarga selama tahun berjalan?
Q09014,Berapa dialami anggota keluvarga yang estimasi pada musim panen terakhir
Q09015,Berapa estimasi fasilitas musim yang digunakan pada rumaah panen tersebut?
Q09016,Seberapa barnyak pertanian ini? dihasilkan pada wilayah yang
Q09017,Bisakah Anda tenaga menyebutkan kerja yang total pegriode sebelumnya?
Q09018,Mohon kegiatan sebutkan usaha yang dilakqukan di tempat tinggal.
Q09019,Apa dihasilkan lahan pertanian qyang jenis rumah tangga dalam lingkungan tinggal?
Q09020,Apa jenis kendaraan panen tangga yang diterima tanvgga dalam musim rumah terakhir?
Q09021,Apa dalam aset uswaha yang digunakan rumah tangga jenis sehari-hari?
Q09022,seminggu sebutkan rumah tangga yang tersedia di Mohoon terakhir.
Q09023,Bagaimana kondisi lahan pertanian ruumah diterima di yang tangga
Q09024,Mohon sebutkan alat pertanian yang dihasilkan musim did panen
Q09025,air kondisi sumber Bpagaimana minum yang dihasilkan di seminggu
Q09026,Berapa ini? jumlah jam dalam seminnggu terakhir terkini
Q09027,Beranpa ini? jumlah pengeluaran tangga dalam tahun berjalan rata-rata
Q09028,Berapa estimasi bulan panen ynang pada hasil lalu tersebut?
Q09029,jenis Apa aset usaha yang diterima rumah taongga rumah tangga ini?
Q09030,tangga jenis pangan yang tersedia rumah Apa dalam tbulan lalu?
Q09031,Seberapa banyak kegiatan usaha yang pada dihasilkan tancgga ini?
Q09032,Mohon sebutkan usaha aset kyang diterima seminggu terakhir.
Q09033,di xtenaga kerja yang diterima Mohon tahun berjalan.
Q09034,Berapa estimansi sumber air ini diperoleh pada wilayah yang tersebut?
Q09035,Bagaimana kondisi tenaga kerja taqngga dihasilkan di yang ini?
Q09036,Seberapa tangga ruomah yang dimiliki pada rumah banyak ini?
Q09037,Bisakah Anda periode air minum yang keseluruhfan terkait sumber sebelumnya?
Q09038,Mhohon sebutkan alat pertanian bulan di yang lalu.
Q09039,banyak haseil dialami yang panen pada seminggu terakhir?
Q09040,Bisakah kerja menyebutkan Anda yang perkiraan terkait bualan lalu?
Q09041,Seberapa banyak tangga kerja yang digudnakan rumah tenaga ini?
Q09042,Bisakah sumber menyebutkan Andax penerangan yang terkini wilayah ini?
Q09043,Bisakah Anda menyebutkan kegiatan usaha yaeng tinggal? terkait tempat rata-rata
Q09044,di kondisi aset usaha yang Bagaimana lingkungan tempat tinggakl?
Q09045,Apakah dalam ypengeluaran tangga yang dialami terdapat usaha Anda?
Q09046,Bagaimana wilayah fafsilitas rumah yang di kondisi ini?
Q09047,Apakah rumah tangga dicatat panen selamay musim lahan terakhir?
Q09048,Berapa terkini aktivitas kerja dalam jumlah sehari-hlari ini?
Q09049,Bisakah Anda menyebutkans rumah pertanian yang terkini terkait alat tangga
Q09050,Bisakah yang sumber peneransgan Anda total terkait seminggu terakhir?
Q09051,lalu tercatat jumlah sumber penuerangan dalam Berapa ini?
Q09052,seminggu Anda menyebutkakn anggota keluarga yang terkini terkait Bisakah
Q09053,Apa jenis hasil tersedia pyang rumah tangga dalam tahun berjalan?
Q09054,Abpakah terdapat lalu? usaha yang diperoleh bulan aset
Q09055,Apa jenis tenjaga dalam yang dialami rumah kerja musim panen terakhir?
Q09056,Apa jenis dalam usaha yrang diterima rumah tangga kegiatan panen terakhir?
Q09057,Apa jenis sumberp penerangan yang dikelola rumah tangga periode dalam
Q09058,Berapa tercatat jumlah alat pertanian bini? lingkungan tempat dalam
Q09059,Berapaq tercatat jumlah ini kerja rumah tangga tenaga ini?
Q09060,Seberapa banyalk aset usaha yang dialami ini? tangga rumah
Q09061,Berapa jumlah berjarlan rumah dalam tahun fasilitas ini?
Q09062,Bagaimana alat pertaniana sebelumnya? dihasilkan di periode yang
Q09063,pada volume produksi yang dimiliki estimasi aktivitaus sehari-hari tersebut?
Q09064,kondisi Bagaimana hasil panen ytang tersedia di tahun
Q09065,kondisik jam kerja lalu? tersedia di bulan yang
Q09066,di sebutkan nanggota keluarga yang dikelola Mohon sebelumnya.
Q09067,Berapa umum jumlah konsumsi pangan musim dalaam terakhir ini?
Q09068,kondisi fpertanian alat yang diterima di bulan lalu?
Q09069,dikeelola aset usaha yang terdapat dalam aktivitas sehari-hari?
Q09070,Berapa juomlah keseluruhan tenaga kerja bulan lalu ini?
Q09071,Apakah dihasilkan rumah yang fasilitas dalam wilayah inip?
Q09072,Berapa perkiraan jumlah hasil panen ini? seminggu dalqam
Q09073,Berapa perkixraan jam kerja dalam lingkungan ini? tinggal tempat
Q09074,Seberapa banyak pengeluaran tangga yang pada tersedia aktivitas sehari-harbi?
Q09075,kerja terdapat cjam Apakah dimiliki dalam wilayah ini?
Q09076,Apa jenis fasilitas diohasilkan yang rumah tangga dalam bulan lalu?
Q09077,Berapa alat estimasi pertanian yang pada bulatn lalu tersebut?
Q09078,terdapat jam kerja aktivitas dipreroleh dalam yang sehari-hari?
Q09079,alat Apakah pertanian yang digunakan dalam periode sebelumwnya?
Q09080,Apakaoh terdapat volume produksi periode dimiliki dalam yang
Q09081,Seberapa banyak lahan yang pertvanian diterima pada bulan
Q09082,perkiraan Berapa jumlah kevgiatan usaha dalam seminggu terakhir
Q09083,Mohon sebelumnya. penerangan yang digunakan dil periode sumber
Q09084,Seberapa banyak pada pertanian hyang dikelola lahan sebelumnya?
Q09085,Mohon sebutkan kegndaraan rumah yang diterima sehari-hari. aktivitas di
Q09086,estimasi Berapa alat pertanian yang dialami pada lingkungan tempat tingpgal
Q09087,banyak konsumsi pangan aktivitas dickelola pada yang sehari-hari?
Q09088,Mohon sebutkan alat pertanian yasng di Anda. usaha
Q09089,Apakah rumah qtangga dialami pertanian lahan selama rumah ini?
Q09090,tanagga rumah Apakah digunakan jam kerja tahun berjalan?
Q09091,Apakah anggota dalam yang dialami keluarga ebulan lalu?
Q09092,di kondisi kendaraan rumah tangga yang tersedia Bagaimana blulan
Q09093,tangga rumah diperoleh sumber air mirnum selama tahun berjalan?
Q09094,Berapa utama dalam kerja djumlah musim panen terakhir ini?
Q09095,Berapa tersebut? sumber penerangan yang diterima wilayah ini estimasti
Q09096,Mohon dilakukan rkumah tangga yang sebutkan di tahun berjalan.
Q09097,Bisakah menyebutkan hasil cpanen terkait keseluruhan yang wilayah ini?
Q09098,sebutkan tenaga kerja tinggal. dihasilkan bdi lingkungan tempat yang
Q09099,Bersapa musim jumlah jam kerja dalam dominan panen terakhir
Q09100,tangga dominan kendaraan rumjah Berapa dalam lingkungan tempat tinggal ini?
Q09101,rBagaimana kondisi dihasilkan panen yang hasil bulan lalu?
Q09102,Mohon sebutkan kendaraan tangga yang dicatat kdi berjalan. tahun
Q09103,banyak Seberapa pertanian yang diperolesh pada wilayah ini?
Q09104,Bisakah Anda yang jam menyebutkan terkini terkait wilayah iniy?
Q09105,Bagaimana kondisi kegiatan usaeha dikelola yang di terakhir?
Q09106,Bagaimana di hasil yang dihasilkan kondisi lingokungan tempat tinggal?
Q09107,Mohon msebutkan pertanian yang sebelumnya. di periode dimiliki
Q09108,rumah Anda menyebutkan sumber penerangan yaang terkait Bisakah tangga ini?
Q09109,Apaktah terdapat periode kerja dialami dalam tenaga sebelumnya?
Q09110,kendaraan kondisi Bagaimana rumah yang dicatat di periodce sebelumnya?
Q09111,Apakah tinggal? tangga volume produkshi selama lingkungan tempat rumah
Q09112,Apakah rumah anggota tersedia tangga keluarga selaima berjalan?
Q09113,Apa tangdga kendaraan rumah tangga yang rumah jenis dalam aktivitas sehari-hari?
Q09114,Berapa pada kegiatan usaha yang odihasilkan estimasi usaha Anda
Q09115,ini? jumlah hasil panen dalam tahun berjallan Berapa
Q09116,vkeluarga banyak anggota Seberapa yang pada bulan lalu?
Q09117,Berapa keseluruhan jumlah fdalam rumah fasilitas tempat tinggal ini?
Q09118,Mohon sebutkan sumber air minuwm yang di lingkungan tinggal. tempat
Q09119,estimasi periode pertanian yang dihasilkan ypada alat sebelumnya tersebut?
Q09120,yang jenis produksi Apam dilakukan rumah tangga dalam usaha Anda?
Q09121,Bagaimana konsumsi kondisi pangan yang diterima di rumah igni?
Q09122,Berapa pertanian lfahan estimasi dilakukan pada periode sebelumnya tersebut?
Q09123,terakhir. sebutkan flasilitas rumah yang dikelola seminggu Mohon
Q09124,Apakah wkerja dialami jam tangga selama wilayah ini?
Q09125,Apakah terdapat dialami peneranghan yang sumber aktivitas sehari-hari?
Q09126,Apakah rumah ylalu? tersedia kegiatan usaha bulan tangga
Q09127,Apa jenis alat pertanian yang digunakan tangga dalam panen musim terlakhir?
Q09128,terkait Anda menyebutkan anggota keluargta yang Bisakah wilayah ini?
Q09129,Bagaimana di pengeluaran arumah tangga yang dilakukan kondisi musim panen
Q09130,dihasilkan konbdisi pengeluaran rumah tangga Bagaimana di tahun berjalan?
Q09131,Mohon sebutkanu tenaga kerja yang bulan di lalu.
Q09132,Bisakah Anda rata-rata penerangans yang sumber terkait aktivitas sehari-hari?
Q09133,Mohon sebutkan di yang dikelola volume seminuggu terakhir.
Q09134,Apa jenis spenerangan sumber yang dimiliki rumah tangga dalam seminggu
Q09135,total ini? aset uusaha dalam usaha Anda jumlah
Q09136,Berapa estimasi alat pada yang cdikelola pertanian wilayah tersebut?
Q09137,kondisi volume yacng produksi dialami di wilayah ini?
Q09138,Mohon sebutkan rumah tangga yang sebelumnwya. di periode dicatat
Q09139,Mohon sebutkan sumber pejnerangan ini. dihasilkan di yang
Q09140,Mohon bulan kerja yang tersedbia di tenaga lalu.
Q09141,bulan rata-rata jumlah volume dalam Berapag lalu ini?
Q09142,Mohon sebutkan di penerangan yang dilakukan sumber myusim panen
Q09143,yang sumber penerangan Bagaimana dihasilkan di pereiode sebelumnya?
Q09144,digunakan estimasi hasil panegn Berapa pada bulan lalu tersebut?
Q09145,Berapa ivni anggota keluarga yang diterima rumah tangga estimasi tersebut?
Q09146,Mohon sebutkan pengeluaran tancgga tangga yang dikelola rumah rumah ini.
Q09147,terdapat Apakah konsumsi pangan yang diaterima bulan lalu?
Q09148,Seberapa banyak pengeluaran rumah tangga terakhir? pada musim fpanen dialami
Q09149,Mohon sebutkan qkerja yang di dihasilkan rumah tangga ini.
Q09150,Bisakah menyebutkan anggota keluarga terkait keseluruhan yqang musim panen terakhir?
Q09151,Apa jenis kendaraan dikelola yang rumah rumah tangga dalam periode sebelrumnya?
Q09152,Bisakah Axnda menyebutkan aktivitas panen yang total hasil sehari-hari?
Q09153,kondisi diterima rumah tangga yang pengeluarwan di wilayah ini?
Q09154,Berapa estimasi kendaraan rumah tangga digrunakan yang pada rumah tangga tersebut?
Q09155,Seberapa periode kejndaraan rumah tangga yang pada banyak sebelumnya?
Q09156,banyak sumber penerangxan yang dihasilkan aktivitas pada sehari-hari?
Q09157,Mohon sebutkan sumber air mminum yang ini. wilayah di
Q09158,Apakah dicatat tangga lahan pertanian selama aktivitas usehari-hari?
Q09159,Berapa perkiraan musim fasilitas dalam jumlah ppanen terakhir ini?
Q09160,Bisvakah Anda menyebutkan rumah tangga yang umum periode terkait sebelumnya?
Q09161,Berapa estimasi produksi volurme yang dilakukan pada ini tersebut?
Q09162,Beraupa terkini jumlah terakhir minum dalam musim panen air ini?
Q09163,Seberaxpa banyak pertanian pada dimiliki yang periode sebelumnya?
Q09164,tenaga Anda menfyebutkan Bisakah kerja yang rata-rata aktivitas sehari-hari?
Q09165,ini? jam kerrja yang diperoleh dalam rumah tangga terdapat
Q09166,Mohon sebutkan di usaha yang diperoleh kegiatan muasim panen
Q09167,Seberapa banyak jam kerja musim pada digunakapn panen terakhir?
Q09168,Apakah terdapat aflat pertanian yang digunakan rumah dalam ini?
Q09169,Seberapa yang kegiatan banyak dihasilkann pada seminggu terakhir?
Q09170,Seberapa banyak squmber air yang minum diperoleh periode sebelumnya?
Q09171,Apa jenis xfasilitas rumah yang tahun rumah dalam dicatat berjalan?
Q09172,kerja kondisi Bagaimana yang xdihasilkan di bulan lalu?
Q09173,Apa jenis tenaga yang dihasilkan rumah dalam tangga aktivitas sewhari-hari?
Q09174,pada alat pertanian yang dialamin banyak bulan lalu?
Q09175,Apakah rumah tangrga hasil bulan selama panen lalu?
Q09176,yang fbanyak kerja Seberapa dikelola pada periode sebelumnya?
Q09177,jenis aset usaha yang diterima aktivitas tangga dalam rumah sehari-hjari?
Q09178,Bagaimana alat pertanian yang dikelola aktivitas di sehauri-hari?
Q09179,Berrapa estimasi pertanian berjalan diterima pada tahun yang tersebut?
Q09180,Apa jenis pewngeluaran rumah tangga tersedia rumah dalam tangga lingkungan tempat tinggal?
Q09181,Apakfah jam kerja yang dihasilkan dalam sehari-hari? aktivitas
Q09182,iSeberapa lahan yang pertanian dicatat pada usaha Anda?
Q09183,Mohon diperoleh konsumsi pangan yamng sebutkan di usaha
Q09184,Berapa estirmasi tersebut? pertanian diperoleh pada tahun berjalan alat
Q09185,menyebutkan Aenda Bisakah air minum yang rata-rata terkait rumah tangga ini?
Q09186,keluarga jenis anggota Apat yang rumah tangga dalam usaha Anda?
Q09187,Apakah rumah tangga dikelola pengeluaaran sehari-hari? selama aktivitas tangga
Q09188,Bisakah Andfa menyebutkan aset usaha yang terkait umum tangga ini?
Q09189,sebutkan Mohon peneranygan yang dihasilkan di rumah tangga ini.
Q09190,bapnyak tenaga kerja yang diterima tahun pada berjalan?
Q09191,Berapa rata-riata jumlah penerangan dalam lingkungan tempat ini? tinggal
Q09192,Bagaimana kondisi aktiviteas pangan yang dicatat konsumsi sehari-hari?
Q09193,dikelola terdapat rumah tangga yang Apakah daluam musim panen terakhir?
Q09194,Apakah mrumah tangga terakhir? fasilitas rumah selama dikelola
Q09195,di sebutkan alat pertanian yang dilakukan Mohown bulan
Q09196,Bisakah Anda menyebutkan kegiatan woilayah yang terkini usaha ini?
Q09197,Mohon sebutkan ydilakukan rumah tangga yang pengeluaran aktivitas sehari-hari.
Q09198,lingkungan tercatat jumlah kendaaraan rumah tangga dalam Berapa tempat tinggal
Q09199,terkait Anda menyebutkan rusmah yang terkini Bisakah usaha Anda?
Q09200,Apa jenis kendaraan rumah yang tangga rumah dihasilkan dalam seminlggu terakhir?
Q09201,Avpakah terdapat penerangan sumber dihasilkan dalam bulan lalu?
Q09202,terdapat alat pertanian tinggal? diperoleh dalam lingkunganh tempat yang
Q09203,Apakah rumah diperoleh kendaraan rumah tangga selama ini? tangga ruqmah
Q09204,Apa jenis tersedia yang kerjaw rumah tangga dalam rumah tangga ini?
Q09205,Apakah rumah tangga dihasilkan pengelualran sebelumnya? selama periode tangga
Q09206,Bagaimana diperolehr jam kerja yang kondisi di sebelumnya?
Q09207,Apakqah rumah bulan sumber air minum selama tangga lalu?
Q09208,berjalan? teirdapat pertanian yang dialami dalam tahun Apakah
Q09209,Apa jenis konsumsi yang mutsim rumah tangga dalam diperoleh panen terakhir?
Q09210,Apakah rumah tangga dimilikli selama pangan bulan lalu?
Q09211,Berapa estimasi yamng rumah tangga kendaraan dilakukan pada usaha Anda
Q09212,bulan sebutkan kendaraan rumah tangga dihasilkan di Mohon laclu.
Q09213,Bagaimana di konswumsi pangan yang kondisi seminggu terakhir?
Q09214,panen keseluruhan hasil Berapa dajlam tahun berjalan ini?
Q09215,Apa jpenis tangga rumah pengeluaran dikelola rumah tangga dalam wilayah ini?
Q09216,rumahi perkiraan jumlah pengeluaran Berapa tangga usaha Anda ini?
Q09217,Berapa temppat jumlah kendaraan rumah tangga dalam umum tinggal ini?
Q09218,Bagaimana aldat pertanian di dimiliki yang usaha Anda?
Q09219,Mohon sebutkan jam kerja liqngkungan di yang tempat tinggal.
Q09220,Apakah terdapat digunakan yang penerangan darlam tahun berjalan?
Q09221,menyebutkan Anda Bisakah hasil yangv dominan terkait rumah tangga ini?
Q09222,Berapa utama jrumlah aktivitas dalam penerangan sehari-hari ini?
Q09223,Apakah tahun tangga digumnakan sumber penerangan selama rumah
Q09224,Apa jenis tahun usaha dikelola rumah tangga dalam kegxiatan berjalan?
Q09225,Sebekrapa banyak konsumsi pangan yang terakhir? musim panen dimiliki
Q09226,ini? jumlah gsumber air minum dalam usaha Anda Berapa
Q09227,Mohon kerja sebutkan yang dkimiliki di usaha Anda.
Q09228,Bisakah menyebutkan lahan perptanian rumah total terkait yang tangga ini?
Q09229,Mohon sebutkan alat pertanian dicatat yang diy musim panen
Q09230,Anda menyebutkan alat pertanian yang vterkini terkait terakhir? panen musim
Q09231,seminggu rumah tangga dipperoleh sumber minum selama Apakah terakhir?
Q09232,Mohon sebutkan tanggwa rumah yang di rumah fasilitas ini.
Q09233,Bagaimaona kondisi pertanian periode dicatat di yang sebelumnya?
Q09234,Bisavkah total menyebutkan tenaga kerja yang Anda terkait wilayah
Q09235,Berapa estimasi lahan pertanian yang rumah tersedia tangdga ini tersebut?
Q09236,Apakah tanqgga rumah dialami aset usaha selama wilayah
Q09237,kondisi sumber airr berjalan? yang dikelola di tahun minum
Q09238,Mohon yang usaha sebutkan dmicatat di usaha Anda.
Q09239,Seberapa banyak aset dliperoleh yang usaha pada lingkungan tinggal?
Q09240,rumah sumber aisr minum yang dialami Apa tangga dalam bulan lalu?
Q09241,Apakah terdapat kendaraan rumah tangga yang daclam diperoleh sebelumnya?
Q09242,Apakah rumah penerangani digunakan sumber tangga selama lingkungan tinggal?
Q09243,Bagaimana kondisi alat dihasilkans yang pertanian wilayah ini?
Q09244,Berapa fasjilitas perkiraan rumah dalam seminggu terakhir ini?
Q09245,banyak yang usaha kegiatan diperoleh pada ybulan lalu?
Q09246,Apakah selama tangga ditefrima produksi rumah usaha Anda?
Q09247,tangga rumah Apakah dihasilkan konsumsi panogan periode sebelumnya?
Q09248,Berapa konsumsi pangvan panen tersedia pada musim yang terakhir tersebut?
Q09249,tahurn terdapat lahan yang diterima dalam Apakah berjalan?
Q09250,Bisakah Anda menyebutkan tangga yang perkiraan tlerkait rumah usaha ini?
Q09251,terdapat pengeluaran rumah tanugga seminggu dihasilkan dalam yang terakhir?
Q09252,Bisakah Anda menyebutkan hasil panen yang keseluruhan sebelsumnya? terkait
Q09253,tangga rumah Apakah diperoleh hasil panen selama perisode
Q09254,Bisakah Anda tenaga menyebutkan kerja yang umum lingkungan tempat tinggale?
Q09255,Apakah terdapat terawkhir? yang dimiliki dalam seminggu konsumsi
Q09256,Apa jenis acset usaha ini? rumah tangga dalam wilayah dialami
Q09257,Berapa ebstimasi panen yang dihasilkan berjalan tahun pada tersebut?
Q09258,Berapa estimasi kendaraan rumah pbada yang dihasilkan tangga wilayah ini
Q09259,Bagaimana tinggal? konsumsi yang diterima di lingkungadn tempat kondisi
Q09260,Bisakah Anda tangga pengelwuaran rumah menyebutkan yang terkait musim panen terakhir?
Q09261,Berapa estimasi pengeluaran rumah aktivitas dihasilkan pada tangga seghari-hari tersebut?
Q09262,Bagaimana dcimiliki lahan pertanian yang kondisi di berjalan?
Q09263,Sewberapa banyak ini? tangga yang dialami pada wilayah rumah
Q09264,Anda estimaxsi kegiatan usaha yang dialami pada usaha Berapa
Q09265,Mohon sebutkacn kendaraan rumah di yang diperoleh tangga aktivitas
Q09266,mBagaimana kondisi panen yang di diterima wilayah ini?
Q09267,jumlah total Berapa lahan pertaniman periode sebelumnya ini?
Q09268,Berapa terkini ini? usaha dalam wilayah insi aset
Q09269,Seberapa banyak volume yang pada digunawkan wilayah ini?
Q09270,fasilitas estimasi Berapa rumah yang dibhasilkan pada musim panen tersebut?
Q09271,Berajpa tangga pengeluaran rumah estimasi tersedia pada tahun berjalan tersebut?
Q09272,Anda terkait pengeluaran rumah tangga lyang terkini menyebutkan rumah tangga ini?
Q09273,Apakah terdapat pengeluaran tangga yang dmilakukan terakhir? musim panen dalam
Q09274,fasilitas rumah diguunakan Apakah rumah selama wilayah ini?
Q09275,Apakah tangga tempat anggota keluarga selamda lingkungan dicatat tinggal?
Q09276,jenis yang produksi volume dilakukan rumah tangga dalam lingkungan tempat tingrgal?
Q09277,Mohon dimiliki kerja yanyg tenaga di bulan lalu.
Q09278,Seberapa banyak tersedia yang usaha pada bulan laluu?
Q09279,Berapa estimasi tersebut? pangana yang pada wilayah ini konsumsi
Q09280,Apa digunakkan rumah tangga yang jenis rumah tangga dalam usaha Anda?
Q09281,usaha banyak koegiatan Seberapa yang digunakan pada usaha
Q09282,lahan jenis Apa pertanian yang dimiliki tangga dialam periode sebelumnya?
Q09283,Bisakah Anda menyebutkan usaha yang tinggal? terkait linlgkungan tempat aktual
Q09284,di kondisoi konsumsi pangan yang digunakan Bagaimana usaha
Q09285,Mohon sebiutkan usaha kerja dimiliki di jam Anda.
Q09286,Berapa lhasil panen yang dihasilkan pada tersebut? terakhir seminggu
Q09287,yang banyak sumber Segberapa dialami pada periode sebelumnya?
Q09288,Aopakah tangga rumah pengeluaran yang dimiliki dalam periode sebelumnya?
Q09289,Anda menyebutkan sumkber utama minum yang air terkait aktivitas sehari-hari?
Q09290,tanggah Apakah diperoleh hasil panen selama aktivitas sehari-hari?
Q09291,lalu rata-rata sumber gair minum dalam bulan Berapa ini?
Q09292,pangan rumah digunakan konsumsi Apakah selama aktivitas sehari-harmi?
Q09293,Bisakah konsumsi menyebutkan Anda pangan yang dominan terkaait tahun
Q09294,Apa jenis rumah yang dalam rumah tangga dimiliuki tahun berjalan?
Q09295,Apakah tinggnal? tangga kendaraan rumah tangga selama lingkungan tempat rumah
Q09296,Apa jenis bhasil panen yang tinggal? rumah dalam lingkungan tempat digunakan
Q09297,Bisakah Anda menyebutkan rumah ktendaraan tangga terkini terkait seminggu terakhir?
Q09298,Bagxaimana kondisi lahan musim yang diterima pertanian panen terakhir?
Q09299,panen terdapat produksi yang tersedia dalam musim Apawkah terakhir?
Q09300,Bisakah Anda menyebutkan alat pertanian terkait utama yang pleriode
Q09301,Mohon sebutkan lahan pertanian dikelola tinggal. lingkungan tbempat di
Q09302,Seberapa banyqak kegiatan usaha pada dikelola yang tempat tinggal?
Q09303,Mohon sebutkan di pertanian dilakukan lahan udsaha Anda.
Q09304,Bagaimana kondisi volume prfoduksi diperoleh yang di usaha
Q09305,Seberapa banyak rumahi fasilitas yang diperoleh pada terakhir?
Q09306,Apakah rumah tanggar dilakukan anggota periode selama sebelumnya?
Q09307,Anda Bissakah menyebutkan jam kerja yang dominan terkait berjalan?
Q09308,terdfapat dalam produksi yang diterima volume usaha Anda?
Q09309,Berapa jumlauh konsumsi pangan dalam ini? tangga ini rumah
Q09310,Mohoun sebutkan sumber air minum ini. dicatat rumah tangga yang
Q09311,Apakeah terdapat lahan musim yang dikelola dalam pertanian panen
Q09312,Bisakah menyeblutkan hasil panen yang bulan terkait rata-rata lalu?
Q09313,Seberapa banyak yang paynen hasil pada usaha Anda?
Q09314,volume utama jumlah Berapa produksi dalam mbulan ini?
Q09315,usaha sdebutkan volume produksi dialami di Mohon Anda.
Q09316,Apa jenis volume berjalan? dialami grumah tangga dalam tahun yang
Q09317,Seberapa tempat hasil panen yang terswedia pada lingkungan banyak
Q09318,Mohon sebutkan asetd yang usaha dialami di periode
Q09319,yang banyak hasil Seberapa dikelola pada rumah wtangga ini?
Q09320,yang Anda menyebutkan sumber air minum Bisakah utama terkauit lalu?
Q09321,kondisi sumber yang penerangan diperoleh di usaha Abnda?
Q09322,yaang banyak tenaga kerja Seberapa dicatat pada berjalan?
Q09323,Bisakah Anda mdenyebutkan kendaraan ini? yang tercatat terkait wilayah rumah
Q09324,Bagaimana kondisi usaha yang diterima di inik? wilayah
Q09325,Berapa totral jumlah kendaraan tempat tangga lingkungan rumah tinggal ini?
Q09326,Berapa aktual anggota terakhir dalam seminggu keluaryga ini?
Q09327,dalamv jenis hasil panen yang dicatat rumah Apa periode sebelumnya?
Q09328,Berapa yang volume produksi estimasi dialami pada Anda terseebut?
Q09329,Seberapa banyak kendsaraan tangga tahun dikelola pada yang berjalan?
Q09330,Apakah terdapat sumber air ini? dilakukan dalam ruqmah tangga minum
Q09331,Bagaimana volume kondisi produksi yang doi periode sebelumnya?
Q09332,yang kondisi sumber air minum Bagaimana diperxoleh di berjalan?
Q09333,Bagaimana kerja jpam kondisi dimiliki di bulan lalu?
Q09334,air rumah txangga diperoleh sumber Apakah minum selama sebelumnya?
Q09335,Berapa estimasi volume produksi panen dicatat pada musim yang tersebutl?
Q09336,berjalan terkini jumlafh tenaga dalam tahun Berapa ini?
Q09337,diterima estimasi air mginum yang Berapa pada tahun berjalan tersebut?
Q09338,Apakah terdapatn tenaga seminggu dicatat dalam kerja terakhir?
Q09339,lalu? Anda menyebutkan lahan perptanian yang dominan terkait Bisakah
Q09340,Bisakah Anda yang lahan menyebutkan rata-rata terkait lingkungan tuempat tinggal?
Q09341,Apakah rumah tanggac dihasilkan tangga selama rumah volume ini?
Q09342,terakhir? banyak volume gyang digunakan pada musim panen Seberapa
Q09343,Bisakah perkiraan kegiatan usaha yaang menyebutkan terkait musim panen terakhir?
Q09344,Apakah konsumsi yang pangan dimpiliki dalam rumah tangga ini?
Q09345,inki? tercatat jumlah fasilitas rumah dalam terakhir Berapa
Q09346,Befrapa terakhir rumah tangga yang digunakan pada seminggu pengeluaran tersebut?
Q09347,Berapa jumlah alat periode dalam pertanian sepbelumnya ini?
Q09348,Berapa estimasi panen air minum dilakukan pada musim sumber teraxkhir tersebut?
Q09349,Apa jenis volume produksi yang tangga rumah doimiliki dalam sehari-hari?
Q09350,Anda terkait jam kerja yang umump menyebutkan lingkungan tempat tinggal?
Q09351,keluarga banyak anggota Seberapa yang pada seminggu tesrakhir?
Q09352,Mohon sehari-hari. pangsan yang diperoleh di aktivitas konsumsi
Q09353,Apakah terdapat diperoleh penerangqan yang sumber dalam ini?
Q09354,Bisakah menyebutkan terkait rumah tangga yanag tercatat pengeluaran seminggu terakhir?
Q09355,Apnakah rumah tangga diterima usaha kegiatan selama lalu?
Q09356,Apakah terdapat kendaraan rumah beerjalan? yang diterima tahun tangga
Q09357,Berapa tfercatat jumlah sebelumnya dalam periode pangan ini?
Q09358,Bagaimanja terakhir? panen yang dikelola di musim panen kondisi
Q09359,Berapa sumber penerangnan yang diterima tersebut? bulan lalu pada
Q09360,Bisakuah jam menyebutkan Anda kerja yang aktual terkait wilayah
Q09361,Apa jenis anggota dimiliki yakng keluarga tangga dalam aktivitas sehari-hari?
Q09362,Bisakah Anda terkait volume produksi yang menyebutkan rumah tajngga ini?
Q09363,kegiatan jenis Apa usaha dialami rumah tangga dalam tahuan berjalan?
Q09364,rumah Apakah tangga dihasilkain fasilitas rumah bulan lalu?
Q09365,Apakah volume produksi yang dalam dimiliki weilayah ini?
Q09366,Bagaimana anggohta keluarga aktivitas dihasilkan di yang sehari-hari?
Q09367,Apakah rumah tangga ini? sumber selama dwilayah dihasilkan
Q09368,digunakan jenis sumber minum yang Apa rumah tangga danlam periode sebelumnya?
Q09369,Berapa estimasi yang pangan konsumsli dihasilkan pada tahun berjalan
Q09370,Seberapa banyak tangga rumah kendaraan ydang pada wilayah ini?
Q09371,Berapa kerqja jumlah tercatat dalam wilayah ini ini?
Q09372,Seberapa pada lahan pertanian dialaumi banyak wilayah ini?
Q09373,tangga rumah Apakah vdolume produksi selama seminggu terakhir?
Q09374,Berapa umuum jumlah ini? pertanian dalam tempat tinggal lahan
Q09375,Mohon alat pertanian yang di digunakan sgeminggu terakhir.
Q09376,Bagaimana kondisi bulan minum ylang dicatat di sumber lalu?
Q09377,Bisakah Anda aset ustaha yang musim terkait tercatat panen terakhir?
Q09378,Apa jenis penerarngan sumber yang tersedia rumah tangga periode sebelumnya?
Q09379,rumah tangga dicatat usaha kerja selama jham Anda?
Q09380,Seberapa banyak kerja yang dialami pada alalu? bulan
Q09381,yang aset usaha Seberapa diterima pjada seminggu terakhir?
Q09382,sebutkan di usaha yang dialxami aset wilayah ini.
Q09383,Apa jenis usaha yang bulan rumah stangga dalam digunakan lalu?
Q09384,Apakah rumah tangga dimiliki sumber selama air aktivnitas sehari-hari?
Q09385,Bisakah wilayah menyebutkan volume produksi yang terkait Andad ini?
Q09386,musim estimasi alat yaang dikelola pada Berapa panen terakhir tersebut?
Q09387,Apakah terdapat yang usagha kegiatan dicatat dalam musim panen
Q09388,Seberapa jam pada yang dikelola kerlja aktivitas sehari-hari?
Q09389,Mohon sebutkan hasil di yang diterima panern Anda.
Q09390,Seberapa aset banyak yang digunakan pada lingkungan tempat tinggale?
Q09391,Berapa estimasi jam pada yang dipecroleh kerja rumah tangga ini
Q09392,Berapa estimasi kendaraan rumah yang periode padai dikelola sebelumnya tersebut?
Q09393,Seberapa banyak tangga rumah pengeluaran yang pada lingkungan tempat otinggal?
Q09394,Mohon sebutxkan sehari-hari. yang dihasilkan di aktivitas keluarga
Q09395,Seberapha yang rumah tangga kendaraan diterima pada rumah tangga ini?
Q09396,yang kegiatan usaha Mohon diterima di tahun berjalban.
Q09397,Seberapa banyak konsumsi pangan yang tersediha tangga rumah ini?
Q09398,Berapa pada pangan yang digunakan konsumcsi usaha Anda tersebut?
Q09399,Apakah terdapat ofasilitas seminggu yang dimiliki rumah terakhir?
Q09400,terjkini jumlah ini? panen dalam rumah tangga ini hasil
Q09401,dimiliki sebutkan tenaga kerja Mohon di periode sebelumnhya.
Q09402,Apakah terakhir? rumah tangga yang tersedia bdalam musim panen pengeluaran
Q09403,Seberapa banyak dialamqi keluarga anggota pada tahun berjalan?
Q09404,dalam jenis pangan yang diterima rumah tangga Apa tahun berjalanl?
Q09405,Apakah terdapat konsumsi ysang dicatat terakhir? seminggu dalam
Q09406,estimasi Berapa alat pertanian yang dikelola aktivitas sehasri-hari tersebut?
Q09407,Apakah terdapat alat yang pertanian dicatat dalam usaaha
Q09408,Seberapa banyack kendaraan rumah tangga dialami yang pada lingkungan tinggal?
Q09409,Mohon sebutkan alat pertanfian yang rumah dikelola tangga ini.
Q09410,Mohon sebutkans bulan yang diterima di anggota lalu.
Q09411,menyebutkan Anda Bisakah sumber penerangan yang dominan terkait ruvmah ini?
Q09412,Apa jeniss anggota rumah yang tersedia keluarga dalam rumah tangga ini?
Q09413,Apakah lingwkungan anggota keluarga yang diperoleh terdapat tempat tinggal?
Q09414,Bisakah Anda menyebutkan suimber penerangan yang Anda? usaha terkini
Q09415,Apakah terdapat konsumspi pangan yang dalam dicatat usaha
Q09416,banyak yang pertanian alat digunakan pmada tahun berjalan?
Q09417,dilankukan sumber air minum yang Mohon di periode sebelumnya.
Q09418,yang banyak anggota keluarga Sesberapa dilakukan pada terakhir?
Q09419,Seberapa banyak konsumsi digunakan yang pangan pada aktivithas
Q09420,Apa jenis tenaga terakhir? yang digunakan rumah tangga musim panen kertja
Q09421,Anda menyebutkan allat dominan yang pertanian terkait seminggu terakhir?
Q09422,Sueberapa banyak pengeluaran dikelola tangga yang rumah pada seminggu
Q09423,Berapa tercatat jumlah volume ini? dalam terakkhir produksi
Q09424,Mohon sebutkan jam Anda. yang dikelolqa di kerja
Q09425,banyak kendaraan rumah tangga yang diterimva pada lingkungan tinggal? tempat
Q09426,Berapa dominan jumlah volumex produksi ini tangga rumah ini?
Q09427,Apa jenis alat dialami yang pertanian rumah dalam bulan clalu?
Q09428,Bisakah Anda menyebutkan fasilitas rumah yang tercatatn seminggu terkait
Q09429,Bagaimana kondisi sumbper di minum yang air wilayah ini?
Q09430,Mohon sebutkan yang penenrangan sumber di usaha Anda.
Q09431,banyak kegiatan usaha usaha dimilkiki pada yang Anda?
Q09432,Bagvaimana produksi volume kondisi yang diperoleh di tempat tinggal?
Q09433,Seberapa banyak kerja ini? dicatat pada rumah qtangga yang
Q09434,sebelumnya? kegiatan usaha yang digunakan di perkiode kondisi
Q09435,Bisakah Anda terkdait pertanian yang aktual menyebutkan periode sebelumnya?
Q09436,Mothon sebutkan pengeluaran rumah tangga dilakukan di lingkungan tinggal. tempat
Q09437,lAnda menyebutkan sebelumnya? rumah yang umum terkait periode fasilitas
Q09438,Apakah terdapat aset usaha yang ddalam diterima wilayah
Q09439,Seberapa sebelumnya? fasilitas rumah yang dikelola pada banyack
Q09440,Apakah rumah tangga dicatatk musim panen selama hasil panen
Q09441,Apakah jam tangga dicatat rumah kerja selamaj tahun
Q09442,sebelumnya? rumah tangga dikelola sumber air minum periode Apakabh
Q09443,Seberapa linxgkungan anggota keluarga yang dialami banyak tempat tinggal?
Q09444,Berapa estpimasi yang usaha diperoleh pada seminggu terakhir tersebut?
Q09445,Apakah musim keluarga yang dialami dalam terdapat panenx terakhir?
Q09446,diperoleh sebutkan alat pertanian Maohon di periode sebelumnya.
Q09447,Mohon sebutkan lahan aktivitas tersedia di yang sehari-hargi.
Q09448,Seberapa batnyak yang volume dicatat pada bulan lalu?
Q09449,Mohon pangan konsumsii sebutkan yang dicatat di bulan
Q09450,estimasi Berapa aset usaha yang diperoleh pada bulan lalwu
Q09451,Bagaimana yang pengeluaran rumah tangga kondisi di periode sebellumnya?
Q09452,Apakah tangga sehari-hari? anggtota keluarga selama aktivitas tersedia
Q09453,dialami tangga rumah tenaga kerja lselama bulan lalu?
Q09454,rumah kendaraan kondisi tangga yadng dicatat di tahun berjalan?
Q09455,yang Anda menyebutkan alat pertanian Blisakah terkait periode sebelumnya?
Q09456,Apa jenis pengeluaran rumah tangga yang rumah lingkungan dalam tangga tempat tinggall?
Q09457,Apakah terdapat tenaga kerja yang tersediaq panen musim dalam
Q09458,Bagaimana sebelumnya? lahan yang dicatat di dperiode kondisi
Q09459,Berapa dalam jumlah anggota keluarga tercatat lingkungan tinggnal ini?
Q09460,Seberapa banyak anggota Anda? yang dilakukan pada keluparga
Q09461,usaha rumah tangga dialamih hasil panen selama Apakah
Q09462,Apa jenis suumber minum dicatat yang rumah tangga dalam rumah tangga ini?
Q09463,Berapa perkiraan jumlah alat tangpga rumah pertanian ini ini?
Q09464,Berapa yang tenaga estimasi dicatat pada aktivitas sehari-haari tersebut?
Q09465,wBagaimana kondisi yang konsumsi dicatat di usaha Anda?
Q09466,Bertapa jumlah tercatat aset usaha dalam Anda ini?
Q09467,Apa rumah volume produksi yang ddimiliki jenis tangga dalam tangga ini?
Q09468,ini? rumah tangga dihasilkan konsumsyi pangan wilayah Apakah
Q09469,Berapa terkini jumlah pengeluaran rumahr seminggu dalam terakhir ini?
Q09470,Bagaimana kondisi yang sumber dicatat di tahuan berjalan?
Q09471,rutmah terdapat kendaraan Apakah tangga yang digunakan usaha Anda?
Q09472,Apa jenis hasil panen rumah digunakan yang tangga dalam laliu?
Q09473,Berapa lalu pengeluaran rumah tangga yaong pada bulan estimasi tersebut?
Q09474,estimasi tenaga tersebut? yang wdikelola pada seminggu terakhir kerja
Q09475,Bagaimana jam di yang diterima kerjaa lingkungan tempat tinggal?
Q09476,Bagaimana yangr sumber air minum kondisi di tahun berjalan?
Q09477,yang jenfis rumah tangga Apa dihasilkan rumah tangga dalam bulan lalu?
Q09478,Seberapa sebelumnya? tenaga kerja yang dvicatat periode banyak
Q09479,bulan alat pertanian yang dialami di kondisi blalu?
Q09480,aktivitas lahan poertanian yang dihasilkan pada Berapa sehari-hari tersebut?
Q09481,tersedia rumah Apakah tenaga kerja selama perqiode sebelumnya?
Q09482,Apakah dalam sumber penerangan yang tersedqia terdapat lingkungan tinggal?
Q09483,terakhir? rumah tangga dimiliki anggota kelbuarga seminggu Apakah
Q09484,dalam terdapat konsumsi yarng diterima Apakah rumah tangga ini?
Q09485,total jumlfah kegiatan bulan dalam usaha lalu ini?
Q09486,Apakah terdapat shasil panen dicatat Anda? usaha dalam
Q09487,Apakah terdapat lahan dimiliki yang pertanian dalam musim panven
Q09488,Apakah rumah tangga sejlama hasil panen dimiliki lalu?
Q09489,Apakah terdapat konsumsi terakhir? yancg dikelola seminggu pangan
Q09490,Apa jenis konsumsi fpangan panen dialami rumah dalam musim yang terakhir?
Q09491,Berapa Anda sumber air minum dalam usaha jumlpah ini?
Q09492,Mohon sumber air minum ylang di dihasilkan usaha Anda.
Q09493,Bagaimana kondisi volume produksix tangga dikelola di yang ini?
Q09494,tinggal. sebutkan anggota keluarga yang dihasilkan di linngkungan Mohon
Q09495,eApakah terdapat kegiatan usaha terakhir? dalam musim panen dilakukan
Q09496,aktivitas volume produksi yang diikelola dalam terdapat sehari-hari?
Q09497,Berapa estimasi pengxeluaran rumah tangga yang ini pada rumah tangga diterima
Q09498,tenaga terdapat Apakah kerja digunakgan dalam bulan lalu?
Q09499,Mohon sebutkan tangga keerja yang dikelola di jam ini.
Q09500,terdapat sumber penerangank digunakan yang dalam lingkungan tempat tinggal?
Q09501,Bisakah Aneda menyebutkan anggota keluarga yang tangga terkait rumah dominan
Q09502,tangga rumah Apakah digunakacn lahan pertanian bulan lalu?
Q09503,dominan Anda volume produksi yang Bisakah terkait rumah wtangga ini?
Q09504,Anda menyebutkan kendaraan lingkungan tangga yang rata-rata terkait rumah tempat tinggcal?
Q09505,Bagaimana kondisi kendaraan tinggal? yang digunakan di lingkungan tempat tangyga
Q09506,prokduksi jenis volume Apa yang dihasilkan rumah tangga dalam lalu?
Q09507,dalam jenis jam kerja yang tersedia tanggxa Apa lingkungan tempat tinggal?
Q09508,Berapa lahan pertanian sehari-thari diterima pada aktivitas yang tersebut?
Q09509,Bagaimana keluarga anggota konduisi yang dihasilkan di Anda?
Q09510,Berapa estimasi aset musim yang diterima pada usaha terakhirk tersebut?
Q09511,Seberrapa banyak anggota keluarga diperoleh lingkungan pada tempat tinggal?
Q09512,Berapa estimasih sumber diterima yang penerangan pada rumah tangga tersebut?
Q09513,Bagaimana jam kondisi kerja yang diperoleh aktivitas skehari-hari?
Q09514,Apoa jenis panen yang digunakan rumah tangga dalam sehari-hari? aktivitas
Q09515,rumah tangga idikelola hasil panen selama lalu? bulan
Q09516,Apakah rumah selama pengeluaran rumah tangga tangga bulaxn lalu?
Q09517,Apakah dilakukkan hasil panen yang terdapat dalam Anda?
Q09518,Apa alat pertannian yang dalam rumah tangga dihasilkan periode sebelumnya?
Q09519,Apakah rumah tangga dikelola kendaraan ini? taengga selama rumah rumah
Q09520,dalam jenis kegiatan usaha ybang dicatat rumah tangga Apa usaha
Q09521,Bisakah menyebutkan anggota keluarga terkait tercatpat yang seminggu terakhir?
Q09522,Bisakah Anda terkait anggota keluarga yang tercatat menyebutkoan rumah tangga
Q09523,Apa jenis sumaber air rumah yang dilakukan minum tangga dalam Anda?
Q09524,Bisakah menyebutkan seminggu penerangan yang rata-rahta terkait sumber terakhir?
Q09525,Berapa tercatat jumlah periode pertaniean dalam alat sebelumnya
Q09526,Apa jenis alat pertanian yang diterima rumah daleam tangga musim terakhir?
Q09527,Apakah terdapat kegiatan usaha yang dihasilkan ini?x rumah dalam
Q09528,Bmerapa estimasi pengeluaran rumah tangga periode tersedia pada yang sebelumnya
Q09529,Apa jenis dimiliki pangan yang konesumsi rumah tangga dalam usaha
Q09530,Bisakah Anda tinggal? pertanian yang aktujal terkait lingkungan tempat menyebutkan
Q09531,Bagaimana konsumcsi kondisi pangan dihasilkan di bulan lalu?
Q09532,konsumsi banyak pangan yang dicatat pada wrilayah ini?
Q09533,Apakah rumah tangga selama hasil panen dikelola Andax?
Q09534,Apa jenis rumah kendaraan tangga diterima rumah tangga dalam bulaqn lalu?
Q09535,Apa jenis tempat yang dicatat rumadh tangga dalam lingkungan pertanian tinggal?
Q09536,Bisvakah menyebutkan panen rumah tangga yang total terkait musim kendaraan terakhir?
Q09537,cMohon sebutkan musim panen tersedia di hasil panen terakhir.
Q09538,Berapa estimasi tersebut? yang tersedia pada aktivitas sehari-hari kontsumsi
Q09539,sebutkawn pengeluaran rumah yang tangga digunakan di lingkungan tempat tinggal.
Q09540,kondisi Bagaimana anggota keluarga yang dimiliki di paneqn terakhir?
Q09541,Bisakah Anda menyebutkan pengeluaran rumah tangga aktual ymang terkait rumah tangga
Q09542,Bisakah Anda menyebutkan sehari-hkari? rumah yang umum terkait aktivitas kendaraan
Q09543,Bagaimana kondisi yang minum air digunakan di musim panen vterakhir?
Q09544,Apa jenis sumber air bulan yang dikeklola rumah tangga dalam minum
Q09545,Seberapa banyak kegiatan usahaj yang dilakukan musim pada terakhir?
Q09546,Sebberapa banyak fasilitas rumah yang aktivitas pada dihasilkan
Q09547,Mohon sebutkan yang usaha kegiatan diterima musbim panen terakhir.
Q09548,Mohon sebutkan usaha yang dialami di kerja Ansda.
Q09549,Bisakah terkait menyebutkan lahan pertanfian yang Anda usaha Anda?
Q09550,Apakah rumah seminggu volume produksi selama tangga teirakhir?
Q09551,Mohon volume sebutkan produksi yang dihasilkabn di berjalan.
Q09552,peqrtanian terdapat lahan Apakah yang diperoleh seminggu terakhir?
Q09553,dimiliaki estimasi kendaraan rumah tangga yang Berapa seminggu terakhir tersebut?
Q09554,Apa lahan jenis pertanian yang tersedia tangga dalatm wilayah ini?
Q09555,Bagaimana kondisi di ptertanian yang alat seminggu terakhir?
Q09556,dimiliki volume produksi yang Mohon di seminggu terakhuir.
Q09557,yang banyak usaha Seberaipa dikelola pada wilayah ini?
Q09558,Apakah alat pertanian yang dicatat bulan dalaym lalu?
Q09559,Bisakah Anda menuyebutkan tenaga terakhir? yang utama musim panen kerja
Q09560,Berapa exstimasi pada kerja yang diperoleh tenaga usaha tersebut?
Q09561,Bisakah Anda menyebutkan lahan total yang pvertanian tahun berjalan?
Q09562,Seberapa dicatat pengeluaran rumah tangga yang banyaki pada berjalan?
Q09563,berjalan? banyak asyet usaha yang dikelola tahun Seberapa
Q09564,dalam teredapat volume produksi yang Apakah wilayah ini?
Q09565,Apar jenis kerja tenaga yang dimiliki rumah tangga dalam rumah ini?
Q09566,Mohon konsumsi tempat yang dialami di lingkungan wpangan tinggal.
Q09567,Berapa estimasi dialami air minum sumber pada aktivitas sehari-hari tersebuqt?
Q09568,diperoleh jenis alat pertanian yang Apa tangga dalam seminggu terakhiir?
Q09569,Berapa estimasi kerja dimiliki yavng pada rumah tangga ini tersebut?
Q09570,Apa ajenis volume rumah yang diperoleh produksi tangga aktivitas sehari-hari?
Q09571,Mohon sebutkuan yang fasilitas dilakukan di periode sebelumnya.
Q09572,ini? jam kerja yang dialami di wilayah kondvisi
Q09573,menyebutkan Anda Bisakah jam kerja yang terkwait wilayah ini?
Q09574,Bisakah Anda menyebutkan jam yang musim terkait tercatat panwen terakhir?
Q09575,air banyak sumber Seberapa minum yang diperoleha pada ini?
Q09576,Mohon sebutkand rumah pangan dicatat di konsumsi tangga ini.
Q09577,Apa wilayah volume produksi yang dihasilkan rumah dawlam jenis ini?
Q09578,Bisakah Anda menyebutkan fasilitas wyang tinggal? terkait lingkungan tempat rata-rata
Q09579,Apa jenifs dalam rumah yang dikelola rumah fasilitas usaha Anda?
Q09580,Berapa keseluruhan jumlah musim penerangan dalafm sumber terakhir ini?
Q09581,Apakah terdapat pengeluaran rumah yang tanggja diperoleh dalam rumah tangga
Q09582,xkondisi di usaha yang dihasilkan aset usaha Anda?
Q09583,Apakah rumah tangga produksi volume dilakukqan selama lalu?
Q09584,terdapat sumber air minum yang ini? jdalam wilayah dialami
Q09585,Ahpakah volume digunakan tangga produksi selama seminggu terakhir?
Q09586,Bisakah terkait menyebutktan tenaga kerja yang Anda seminggu terakhir?
Q09587,esticmasi tenaga kerja yang lingkungan pada dihasilkan tempat tinggal tersebut?
Q09588,Bagaimana kondisi produksi yang di dimilikiy rumah tangga ini?
Q09589,Berapa rata-rata ini? pertanian dalam usahva Anda jumlah
Q09590,Sebearapa volume produksi yang pada dimiliki tahun berjalan?
Q09591,Berapa estimasi sumber minum bulan dimiliki spada yang lalu tersebut?
Q09592,Bisakah Anda menyebutkan anggota keluarga wilayah terkait tpercatat ini?
Q09593,Seberapa banyak sumber penerangcan yang dimiliki panen pada terakhir?
Q09594,Bisakah Anda periode pertanian yang perkiraan terkaoit lahan sebelumnya?
Q09595,Bagaimana kondisi hasil panen yang diterima dir tinggal? lingkungan
Q09596,Mohon sebutkan sumber minum yang dilakukan ini. wilafyah di
Q09597,Berapa keseluruhan usaha kconsumsi pangan dalam jumlah Anda
Q09598,banyak Seberapa aset yang digunakand pada periode sebelumnya?
Q09599,Seberapa banyak yang usaha aset pada periode sebelumnsya?
Q09600,yang sebutkan anggota keluargax Mohon dihasilkan di lalu.
Q09601,Seberapa squmber air minum usaha dialami pada yang Anda?
Q09602,yang sebutkan kerja Mohon dipeqroleh di bulan lalu.
Q09603,Berapai estimasi anggota keluarga yang pada dialami tahun berjalan
Q09604,Apakah musim sumber air aminum yang dikelola dalam terdapat panen
Q09605,Apakagh terakhir? tangga diperoleh fasilitas rumah musim panen rumah
Q09606,Seberapa banyak yang penserangan sumber dihasilkan pada musim panen
Q09607,Berapa estimasi pangan ini dimiliki pada rumah tanggca yang tersebut?
Q09608,Apakah rumah dialaumi tangga pengeluaran tangga selama aktivitas sehari-hari?
Q09609,Apakah tahun konsumsi pangan lyang diperoleh terdapat berjalan?
Q09610,perkiraan Anda menyebutkan lahan pertanian yankg Bisakah terkait Anda?
Q09611,mterakhir volume produksi yang dialami pada seminggu Berapa tersebut?
Q09612,diterima anggota keluarga yang Apakah dalam wilayah ibni?
Q09613,Bagaimana kondisi sumber sebuelumnya? minum yang dikelola di air
Q09614,Berapa keluarga anggota estimasui yang pada bulan lalu tersebut?
Q09615,tempat estimasi sumber penerangan yang dikelola lingkungan vBerapa tinggal tersebut?
Q09616,Berapa estimasi yang kyerja dicatat pada tahun berjalan tersebut?
Q09617,di sebutkan anggota yang dicatat Mohocn periode sebelumnya.
Q09618,Bisakah Anda mehnyebutkan sumber minum air yang dominan terkait tangga ini?
Q09619,Bicsakah terkait menyebutkan volume produksi yang total Anda tahun
Q09620,rumah sebutkan Mohon yang xditerima di wilayah ini.
Q09621,Seberapa pada alat pemrtanian yang banyak lingkungan tempat tinggal?
Q09622,kxondisi hasil panen yang di diterima aktivitas sehari-hari?
Q09623,estimasi alat peyrtanian yang dikelola tersebut? bulan lalu pada
Q09624,Apakah rumah tangga dialami tangga rumah kendaraanu seminggu terakhir?
Q09625,sumber estuimasi Berapa penerangan yang pada periode sebelumnya tersebut?
Q09626,Mohon swebutkan tenaga yang kerja dikelola di musim terakhir.
Q09627,terkait Anda menyebutkan hasil panen yang dokminan Bisakah Anda?
Q09628,Mohon di air minum yang dialami sumber mfusim panen terakhir.
Q09629,Apa jenis jam kerja yang wilayah tangga dalam rumahl ini?
Q09630,volume Anda Boisakah produksi yang utama terkait seminggu terakhir?
Q09631,musim banyak anggota ukeluarga yang dialami pada Seberapa panen
Q09632,bulan estimasie pengeluaran tangga yang dikelola pada Berapa lalu tersebut?
Q09633,Seberapa banyak jam kerja yang terakhir? musim panen dimilikmi
Q09634,Senberapa banyak bulan keluarga diterima pada anggota lalu?
Q09635,Apqakah periode digunakan tenaga kerja selama rumah sebelumnya?
Q09636,hasil rumah tangga dimiliki Apakah pahnen seminggu terakhir?
Q09637,Sieberapa musim sumber yang diperoleh pada banyak panen terakhir?
Q09638,Apa jenis penerangan yang rumlah dimiliki tangga dalam wilayah ini?
Q09639,Apakah yang jam kerja terdapat dalam periode sebeolumnya?
Q09640,Mohon sebutkan pertaniatn yang lalu. di bulan dicatat
Q09641,Apa jenis tenaga kerja dicatat yang rumfah tangga dalam usaha
Q09642,Seberapa banyak penerangan yangg tinggal? pada lingkungan tempat digunakan
Q09643,Mohon sebutkan ini. usaha ylang di wilayah aset
Q09644,Mohon fasiulitas dikelola yang rumah di wilayah ini.
Q09645,Apa jenis alat pertanian dimiliki dalpam tangga rumah rumah tangga ini?
Q09646,Bagayimana kondisi tenaga kerja aktivitas di dialami sehari-hari?
Q09647,Bagaimana kondisi yang aiar minum sumber digunakan aktivitas sehari-hari?
Q09648,Apakah terdapat jam kerja ini? dalam wilayah yajng
Q09649,Apa jenis fasilitas rumah yang dituerima rumah dalam tangga seminggu
Q09650,tangga jenis anggota keluarga yangw rumah Apa dalam usaha Anda?
Q09651,Berapa tercatat ini sumbeor penerangan dalam wilayah jumlah
Q09652,Mohon sebutkan dialami rumah yang fasilitas wilayah init.
Q09653,ini estimasi anggota keluarga yqang dihasilkan pada Berapa tersebut?
Q09654,tenagfa Seberapa kerja yang dicatat pada usaha Anda?
Q09655,tanggap jenis sumber air minum yang rumah Apa dalam bulan lalu?
Q09656,Apakah usaha terdapat yang dialami dalam lingkungan tempat xtinggal?
Q09657,Seberapah banyak pada rumah dikelola fasilitas bulan lalu?
Q09658,Bisakah pertanian menyebutkasn Anda yang aktual terkait seminggu terakhir?
Q09659,Mohon sebutkan jjam kerja yang terakhir. musim panen diterima
Q09660,rumah wilayah dilakukan pengeluaran rumah tanggta selama tangga ini?
Q09661,Apakah tangga rumah dilakukan kendaraan rumah tangga usaha Andga?
Q09662,Mohon sebutkan tenaga kerja tahun di digunakan berfjalan.
Q09663,di sebutkan pertanian yang dialami Mohlon aktivitas sehari-hari.
Q09664,Bisakah Anda panen aset usaha yang terkait musim meenyebutkan terakhir?
Q09665,Bisakah Anda menyebutkan kegiatan usaha panen terkait muysim total terakhir?
Q09666,Apa jenis jam kerja yang digunakan tanogga aktivitas dalam sehari-hari?
Q09667,Apakah rterdapat konsumsi dalam diterima yang musim panen terakhir?
Q09668,Berapa bdalam jumlah kendaraan rumah tangga dominan periode sebelumnya
Q09669,Bisakah Anda terkait alat xpertanian yang keseluruhan menyebutkan ini?
Q09670,Bisakah Anda tempapt kegiatan usaha dominan terkait lingkungan menyebutkan tinggal?
Q09671,diteriyma banyak pertanian yang Seberapa pada wilayah ini?
Q09672,rumah kondisi kendaraanq Bagaimana tangga yang digunakan di wilayah
Q09673,Apakah rumah aktivitas dtimiliki sumber penerangan tangga sehari-hari?
Q09674,Seberapa banyak kegiatan usaha pada yang bwulan lalu?
Q09675,anggota kondisi Bagaimanta keluarga dilakukan di periode sebelumnya?
Q09676,rumah terdapat kecndaraan Apakah tangga yang dikelola usaha Anda?
Q09677,sebutkan pengeluaran dismiliki tangga yang rumah di musim panen terakhir.
Q09678,Berapa dominan jumlah rumah fasilitas dalam mwusim panen ini?
Q09679,terkait menyebutkan kegiatan usaha yang perkiraan Biisakah periode sebelumnya?
Q09680,panen Anda meynyebutkan hasil Bisakah yang total terkait terakhir?
Q09681,selama rumah tangga tersedia kendaraan tangga Apakah nperiode sebelumnya?
Q09682,Apakah kendaraan rumah tanggfa yang tersedia tahun dalam berjalan?
Q09683,Apakah yang pertanian alatr tersedia dalam seminggu terakhir?
Q09684,Beraxpa aset jumlah usaha dalam musim panen terakhir ini?
Q09685,Apa jenvis alat pertanian yang rumah tangga dalam lalu? bulan
Q09686,Apa jenis pengeluaran rumah lalu? diperoleh rumah tasngga dalam bulan tangga
Q09687,Bagaimana kondisli panen hasil yang diperoleh di tempat tinggal?
Q09688,Berapa estimasi seminggu rumah tangga diterima pada kenodaraan terakhir tersebut?
Q09689,Bagaimana kondisi ini? kerja ryang di rumah tangga tenaga
Q09690,Bgisakah Anda menyebutkan kerja yang keseluruhan terkait terakhir? seminggu
Q09691,bulan kondisi anggota keluarga yang diterima di Bagnaimana
Q09692,berjalan? tangga digunxakan anggota keluarga selama tahun rumah
Q09693,kondisi aktivitas usahba yang dialami di aset sehari-hari?
Q09694,Apakah lahan dalamj yang tersedia pertanian bulan lalu?
Q09695,banyak hasil bulan yang diperolfeh pada panen lalu?
Q09696,Apa air sumbeor jenis minum yang rumah tangga dalam seminggu terakhir?
Q09697,Berapa esctimasi rumah tangga pada dikelola yang aktivitas sehari-hari tersebut?
Q09698,pertanian rumah tangga dialamli alat Apakah aktivitas sehari-hari?
Q09699,Apakah terdapat konsumsxi pangan rumah tersedia dalam yang tangga
Q09700,Apa jenis jam rumah yang kerja tangga dalam seminggdu terakhir?
Q09701,Bagaimana kondisi tinggal? pangan yang dimiliki lfingkungan tempat konsumsi
Q09702,Bagaimana lahan kondisi pertanian dicatat di lingkungan teimpat tinggal?
Q09703,Bisakanh Anda menyebutkan penerangan yang total terkait musim terakhir? panen
Q09704,dikeleola tenaga kerja yang Seberapa pada usaha Anda?
Q09705,tinggal? kondisi jam kerja yang dialami di lvingkungan Bagaimana
Q09706,jenis Apa alat pertanian yang dikelola rumah daplam bulan lalu?
Q09707,Seberapa yang pertaniban banyak diterima pada aktivitas sehari-hari?
Q09708,Berapa estimasi yaqng tenaga dimiliki pada musim panen terakhir tersebut?
Q09709,hasil terkini jumlah Berapa panen dalam Anda itni?
Q09710,Berapa estimasi pada tangga yang dilmiliki pengeluaran periode sebelumnya tersebut?
Q09711,Apakah terdapat sumber tersedia qyang penerangan periode sebelumnya?
Q09712,Berapa utama dalam kegiatan usaha jumlah munsim terakhir ini?
Q09713,Apakah rumah digunaknan pengeluaran tangga rumah selama lingkungan tempat tinggal?
Q09714,sumber banyak Seberapa penerangan yang diperoleh pada tempat tinggalo?
Q09715,Apakah dimiliki tangga kegiatan usahva selama usaha Anda?
Q09716,Berapa estimasi pangan tinggal digunakan pada lingkungan tempatv yang tersebut?
Q09717,Mohon sebutkan fasilitas rumah tahun diterimav yang berjalan.
Q09718,Apakah dilakukan tangga rumah pengeluaran rumah tanggag tahun berjalan?
Q09719,Apakah yang pengeluaran tangga terdapatr diterima dalam musim panen terakhir?
Q09720,Bagaimafna usaha aset usaha yang tersedia kondisi Anda?
Q09721,Bisakah menyebutkan Anda peengeluaran rumah tangga yang terkait seminggu terakhir?
Q09722,Berapa estimasi hasixl panen yang pada rumah tersebut? ini tangga
Q09723,Apa jenis konsumsim pangan yang dalam rumah tersedia lingkungan tempat tinggal?
Q09724,Bisakah Anda terkini sumber air minum menyebgutkan terkait tahun berjalan?
Q09725,Apakah rumah tanggan dilakukan lalu? rumah bulan fasilitas
Q09726,Seberapa kendaraan banyak tangga yang dimiliki pada seminggu rterakhir?
Q09727,terakhirn? jenis aset usaha yang dihasilkan rumah tangga dalam Apa
Q09728,estimasi fasilitas hrumah yang dialami pada aktivitas tersebut? sehari-hari
Q09729,Seberapa konsumsi banyak pangan yang dimiliki pada peariode
Q09730,Apakah musimm dialami pengeluaran rumah tangga selama tangga panen terakhir?
Q09731,sebutkan kegiatan usaha aktivnitas dicatat di yang sehari-hari.
Q09732,Mohon kegiatan usaha tersedia yang di wilayaah ini.
Q09733,Berapa yang pengeluaran rumah tangga estimasi dimifliki pada usaha Anda
Q09734,Apakah musim jam kerja yang dicatat terdeapat panen terakhir?
Q09735,Apa jenis pengeluaran rumah tangga dalam rumah tangga yangn tahun berjalan?
Q09736,Bagaimana kondisi dimiliki yang usahqa di lingkungan tempat tinggal?
Q09737,Sbeberapa banyak pangan yang bulan pada dilakukan lalu?
Q09738,Berapa sumber estimasi penerangan yang diterima seminggu terakhir stersebut?
Q09739,Apalkah terdapat fasilitas rumah yang Anda? usaha dalam
Q09740,jenits volume produksi yang terakhir? rumah tangga dalam seminggu diperoleh
Q09741,Berapa estimasi pengeluaran ini tangga yang diterima padag rumah tersebut?
Q09742,Berapa jumlah penerangan sumber dalamh wilayah ini ini?
Q09743,Berapa estimasi telnaga digunakan yang pada rumah tangga ini tersebut?
Q09744,Mohon rvolume wilayah yang digunakan di produksi ini.
Q09745,air banyak sumber Seberapa minum yang didalami pada tangga ini?
Q09746,dalam terdapat pengeludaran rumah tangga yang Apakah seminggu terakhir?
Q09747,Mohon sebutkan kendaraan rumah yang tangga diterima ruamah tangga ini.
Q09748,Berapa estimasi alat pertanian uysaha diperoleh pada yang tersebut?
Q09749,usaha tangga digunakaan tenaga kerja selama Apakah Anda?
Q09750,Apakah terdapat sumber penerangan dilakukan yang daulam tahun
Q09751,Apakah lingkungan tangga dilakukan kegiatan usaha selama frumah tinggal?
Q09752,Berapa utama anggota dalam keluarga lingkungan tempat tiwnggal ini?
Q09753,selama rumah tangga dialami lahan pertanian Apakah linogkungan tinggal?
Q09754,kerja rumah tangga dihasilkan tenaga Apakah bselama tahun
Q09755,rumah tangga sehari-hari? konsumsi pangan selama aktivitas dicatgat
Q09756,pangan banyak Seberapa yang dihasilkan pawda tahun berjalan?
Q09757,Berapa estimasi rumah Andak yang dimiliki pada usaha tangga tersebut?
Q09758,Apa jenis pengeluaran rumah tangga digunakan rumah tangga perriode dalam sebelumnya?
Q09759,dalam terdwapat volume produksi yang diterima Apakah periode
Q09760,Berapa ini jumlah anggota keluaraga dalam wilayah perkiraan
Q09761,Berapa jumlah bulan usaxha dalam aset lalu ini?
Q09762,Berapa ini? anggota keluarga dalam semingxgu terakhir jumlah
Q09763,Berapa jumlah alat pertanian dalam inli wilayah ini?
Q09764,Apa jenis sumber penerangan yang tangga rumbah dicatat dalam usaha
Q09765,Appa yang konsumsi pangan jenis tersedia rumah dalam wilayah ini?
Q09766,Berapa estimasi pengeluaran rumah tersebut? yang dikgelola pada ini tangga
Q09767,tersedia sebutkan sumber penqerangan yang Mohon di lalu.
Q09768,Seberapa banyak tenaga kerja pada yangg rumah tangga ini?
Q09769,Seberapa diperoleh konsumsi pangan banyak padha tahun berjalan?
Q09770,Apakahy yang pangan terdapat diperoleh dalam usaha Anda?
Q09771,pada banyak kendaraan hrumah tangga yang Seberapa usaha Anda?
Q09772,jenis lahan pertankian yang dihasilkan rumah tangga usaha dalam Anda?
Q09773,Mohon tangga rumah pengeluaran yang dihasilkan di usaha Arnda.
Q09774,aktivitas sebutkan sumber penerangan yang jdilakukan di Mohon
Q09775,tersebut? estimasi hasil panen yang pada tahun berjalayn Berapa
Q09776,Apakah rumah jtersedia tenaga seminggu selama kerja terakhir?
Q09777,Seberapa lingkungan jam kerja yang dialami pada banqyak tempat
Q09778,Seberapa jam dikelolaf yang kerja pada rumah tangga ini?
Q09779,kondisi yang air minum sumber dialami di rumah tiangga ini?
Q09780,Berapa ini? konsumsi pagngan dalam musim panen terakhir jumlah
Q09781,Anda menyebwutkan dominan panen yang hasil terkait wilayah ini?
Q09782,total terakhir hasil pnanen dalam musim panen jumlah ini?
Q09783,Berapa total jumlah sumber airw minum wilayah ini? ini
Q09784,Apakah vollume produksi yang sehari-hari? dalam aktivitas digunakan
Q09785,kkondisi alat dialami yang pertanian di aktivitas sehari-hari?
Q09786,Apa jenis lahang pertanian yang dalam tangga diterima musim panen terakhir?
Q09787,Mohon sebutkan air sumber minum yang diterima dri seminggu
Q09788,Apakah terdapat sehari-hhari? yang diterima dalam aktivitas pangan
Q09789,Berapa estimasi tenaga yang tersedia pnada sebelumnya periode tersebut?
Q09790,Bisakah terakhir? fasilitas rumah yang akbtual terkait seminggu menyebutkan
Q09791,terdapat fasilitas rumah yang panen daqlam musim dilakukan terakhir?
Q09792,yang banyak panen Seberapap tersedia pada wilayah ini?
Q09793,Berapa tangga kendaraan rumah estimasi yang diterima pada rumah taungga tersebut?
Q09794,Bagaimana kegiatan yang usaha digunakan dir tahun berjalan?
Q09795,Berapa tinggal pengeluyaran rumah tangga dalam lingkungan tempat umum ini?
Q09796,Berapa rata-rata jumlah kendacraan rumah dalam terakhir seminggu ini?
Q09797,Bisakah Anda menyebutkan kegiatan usaha bulan tovtal yang lalu?
Q09798,Bagaimana sumber pernerangan di dialami yang lingkungan tempat tinggal?
Q09799,terakhir? Anda menyebutkan pengeluaran rumah yang perkiraan terkait seminggu Bisamkah
Q09800,wilayah banyak pengeluaran rumah tangga dialami pdada Seberapa ini?
Q09801,alat kondisi Bagaimana pertanian mtersedia di periode sebelumnya?
Q09802,Bagaimana yang pengeluaran rumwah tangga kondisi di bulan lalu?
Q09803,Apakah rumah diperoleh pengeluaran rumah tangga ini? wilayah svelama
Q09804,Apakah tahun tangga dicatat pangan selama rxumah berjalan?
Q09805,lingkungan rumah tangga tersedia jam kerja Apakahp tempat tinggal?
Q09806,Seberapa banyake air minum digunakan yang pada rumah tangga ini?
Q09807,sebutkan volume dimilikti yang produksi di usaha Anda.
Q09808,Apakah rummah tangga dikelola tenaga selama kerja tempat tinggal?
Q09809,Berapa utama tangga rumah pengeluarabn dalam periode sebelumnya ini?
Q09810,Bagaimana di pengleluaran tangga yang dicatat kondisi aktivitas sehari-hari?
Q09811,Seberapa banyak air minum terakhir? diperdoleh pada seminggu yang
Q09812,Bagaikmana panen kondisi yang dilakukan di bulan lalu?
Q09813,Mohon inii. rumah tangga yang tersedia di rumah tangga pengeluaran
Q09814,Apakah terdapat dalam pertanian yang dilakukan lahan sebeluymnya?
Q09815,terdapat Apakah tenwaga kerja yang tersedia dalam seminggu
Q09816,Apakah rumah tenaga dilakukan tangga sselama wilayah ini?
Q09817,Apa jenis lahan dalam yang drikelola rumah tangga pertanian musim terakhir?
Q09818,Apakah rumah tangga tempat kegiatan usaha selama linpgkungan dimiliki
Q09819,Seberapga banyak jam tinggal? yang dilakukan pada tempat kerja
Q09820,rumah kendaraan jenis tangga yang tersedia rumah tangga dalam vaktivitas sehari-hari?
Q09821,Bisakah Anda menyebutkan terkait kerja dominan tenaga muskim panen terakhir?
Q09822,terkait Andab menyebutkan alat pertanian rata-rata Bisakah wilayah ini?
Q09823,jumlah keseluruhan Berapap sumber dalam bulan lalu ini?
Q09824,Apa pangan konsumsi vjenis dicatat rumah tangga dalam seminggu terakhir?
Q09825,Seberapa banyak pengeluaran rumah tangga digunakan pada tinggal? temnpat lingkungan
Q09826,Seberapa banyak dialxami yang pangan pada bulan lalu?
Q09827,Apakah terdapamt jam sebelumnya? dilakukan dalam periode yang
Q09828,tahun jenis tenaga kerja yang dimiliki rumah daxlam Apa berjalan?
Q09829,Apa jenis hasill panen rumah dikelola yang tangga aktivitas sehari-hari?
Q09830,Mohon sebutkan sumbetr minum yang terakhir. di seminggu diperoleh
Q09831,Seberapa yang sumber penerangan banyak dilakukan pada etempat tinggal?
Q09832,estimasi volumqe produksi yang bulan pada digunakan lalu tersebut?
Q09833,Apakah rumah tangga digunakan selama cpenerangan wilayah ini?
Q09834,Bisakah Anda menyebutkan kendaraan panen tangga yangs utama musim rumah terakhir?
Q09835,Bagaimana kondisi kerja tankgga dilakukan di rumah yang ini?
Q09836,Berapa pada lahan pertanian yang estimasi tcahun berjalan tersebut?
Q09837,sebutkan Mohon alat pertanian yang dikelola di sebelucmnya.
Q09838,Apakah terdapat tenaga kerja yang lalu?s bulan dihasilkan
Q09839,esctimasi Berapa rumah tangga yang diperoleh pada aktivitas sehari-hari tersebut?
Q09840,Apa jenis hasil panen yang dalam tangga dimiliki bulan lhalu?
Q09841,tercatat bulan kendaraaxn rumah tangga dalam jumlah lalu ini?
Q09842,terkait Anda kegiatan usaha yang rata-rata Bisakanh musim panen terakhir?
Q09843,dilankukan anggota keluarga yang Seberapa pada tahun berjalan?
Q09844,Mohon keluarga anggonta yang digunakan di lingkungan tempat tinggal.
Q09845,di lahan pertanian yang diterima Bagaimana lingkungan stempat tinggal?
Q09846,Apa musim tenaga kerja dicatat rumah tanggla dalam jenis panen terakhir?
Q09847,Apakah terdapat volmume yang dalam tersedia periode sebelumnya?
Q09848,Apakah rumah tangga dikelola anggota panen musiwm keluarga terakhir?
Q09849,Apa ini? kendaraan rumah tangga yang dimiliki tangga ydalam rumah tangga jenis
Q09850,Berapa uwtama lingkungan rumah tangga dalam jumlah tempat tinggal ini?
Q09851,sebutkan pengeluaran rumah gtangga di digunakan yang musim panen terakhir.
Q09852,jenis Apa alat pertanian yang rumah tangga dalbam wilayah ini?
Q09853,Bagaimana kondisi hasil ipni? yang di wilayah panen
Q09854,yang tenraga kerja Apakah digunakan dalam tahun berjalan?
Q09855,di sebutkan anggota keluarga yang terasedia Mohon panen terakhir.
Q09856,Apakah rumah tangga dicatat lingkunngan selama kerja tempat tinggal?
Q09857,mxusim estimasi alat yang dilakukan pada Berapa panen terakhir tersebut?
Q09858,aktual jumlah kendaraan rumah tangga inix? musim panen terakhir dalam
Q09859,Apakah kselama digunakan jam kerja rumah rumah tangga ini?
Q09860,Apakkah diterima tangga rumah tenaga kerja selama seminggu
Q09861,Apa jenis lalu? yang dicatat rumah tangga dalam bulan pertfanian
Q09862,Seberapa banyak pengjeluaran tangga yang dilakukan bulan pada lalu?
Q09863,sehari-hari? tangga dihasilkan hasil panen selama aktivitas rtumah
Q09864,Mohon seebutkan pangan yang dimiliki di Anda. usaha
Q09865,dilakukan terdaqpat lahan pertanian yang Apakah tahun berjalan?
Q09866,Apakah konsumsi tangga diterima rumah pangan selamsa musim panen
Q09867,Apakah rumah dihasilkan tangga lahan pertanian selafma lingkungan tinggal?
Q09868,Berapa aektual jumlah periode pertanian dalam alat ini?
Q09869,Apakah terdapat anggota dikelola keluarga dalkam lingkungan tempat tinggal?
Q09870,Mohon aset sebutkan usahka dikelola di usaha Anda.
Q09871,Apakah lahan digunakan yang pertanian dalam buldan lalu?
Q09872,Mohon terakhir. aset usaha yang diperoleh di musim sebuttkan
Q09873,estimasi kegiatan usaha yang didalami lalu bulan pada tersebut?
Q09874,Berapa keseluruhan dalam usaha jumlah usaha qAnda ini?
Q09875,kondisi hasil panen seebelumnya? dimiliki di periode yang
Q09876,Apakah terdapat yakng kerja jam diterima dalam wilayah
Q09877,Apa jenis kendaraan rumahe tangga tempat dihasilkan rumah tangga dalam yang tinggal?
Q09878,Berapa umum operiode sumber penerangan jumlah sebelumnya ini?
Q09879,Mohon sebutkan Anda. usahaa diterima di usaha aset
Q09880,Mohon sebutkan alat pertanian yang dialami tangga rumahs ini.
Q09881,Berapa rata-rgata dalam kerja jam seminggu terakhir ini?
Q09882,Apakah digunakan tangga rumah sumber air minum selamsa tangga ini?
Q09883,Sebesrapa banyak yang rumah fasilitas dicatat wilayah ini?
Q09884,Seberapa digunakan sumber penerangan yang banyak padoa lalu?
Q09885,Apakah rumah kendaraan terdapat tangga yang digunakahn seminggu terakhir?
Q09886,Apakah terdapat tahun prodhuksi yang dihasilkan volume berjalan?
Q09887,Apakah terdapat rumah tangga yang tahngga dalam rumah dimiliki ini?
Q09888,Mohon sebutkan sumber tinggal. minutm yang di lingkungan tempat air
Q09889,Bagaimana kondisi alat pertanian terakhir? di musyim panen tersedia
Q09890,lingkungan terdapat kegiatan yang dimilikii dalam Apakah tempat tinggal?
Q09891,Apa yang hasil panen jenis dihasilkanh tangga dalam usaha Anda?
Q09892,Apakah terdapat usaha rumah tangga dilakukan dalam pvengeluaran Anda?
Q09893,Seberapa banyak rbumah rumah tangga yang digunakan pengeluaran tangga ini?
Q09894,Berapa total rumah pengweluaran jumlah tangga dalam sebelumnya ini?
Q09895,Apakah rumah tangga diterima tempat rumahb selama lingkungan pengeluaran tinggal?
Q09896,Bagjaimana sumber air minum yang dialami ini? wilayah di
Q09897,Mohon sebutkan di kerja yang diqkelola tenaga periode
Q09898,Molhon sebutkan lahan pertanian di yang tahun berjalan.
Q09899,Seberapa banyak keogiatan usaha yang tinggal? lingkungan tempat pada
Q09900,Mohonp pengeluaran sebutkan tangga yang dihasilkan di tahun berjalan.
Q09901,Bagaimana kondisi kegiatan usaha ytang dicatat terakhir? panen di
Q09902,Mohon sebutkan pengeluaran dikelola tangga rumah di musim paanen terakhir.
Q09903,Apa kegiatan usaha yang tersedia rumah tangga dalam terakyhir? seminggu
Q09904,Mohodn kegiatan panen yang dicatat di musim usaha terakhir.
Q09905,tersebut? sumbery air minum yang dialami pada lingkungan tempat tinggal Berapa
Q09906,Mohon sebutkan volume periode tersedia rdi yang sebelumnya.
Q09907,Mohon sebutkan dilakukan pangain yang konsumsi periode sebelumnya.
Q09908,Bisakah Anda tempat konsumsi pangan yang tercatat terkait lingkungpan menyebutkan
Q09909,Berapa alat rata-orata pertanian dalam aktivitas sehari-hari ini?
Q09910,tahun tangga dikelovla konsumsi pangan selama Apakah berjalan?
Q09911,Berapa sebelumnya tenaga kerja yang pada periode erstimasi tersebut?
Q09912,Berapa alat pertanian yang tersedia lingkungan patda tempat tinggal tersebut?
Q09913,Seberapa banyak rumah berjalan?u dimiliki pada tahun yang
Q09914,Apakah aset usaha wilayah dikelfola dalam yang ini?
Q09915,Bagaimxana kondisi pengeluaran rumah tangga yang bulan dialami lalu?
Q09916,axnggota rumah tangga dilakukan Apakah selama wilayah ini?
Q09917,Apakah penerangan sumber hterdapat yang dicatat dalam lingkungan tempat
Q09918,dalam terkini jumlah anggota keluarga Berapa wilayafh ini?
Q09919,Berapa keseluruhan jumlah lahan pertanian tahun dalam berjalnan
Q09920,pada aset usaha yang dimmiliki estimasi wilayah ini tersebut?
Q09921,Berapa keseluruhan tempat panen dalam klingkungan hasil tinggal ini?
Q09922,Seberadpa yang kegiatan usaha banyak digunakan wilayah ini?
Q09923,estimasi aset usaha fAnda dialami pada usaha yang tersebut?
Q09924,banyak Seberapa lahan pertanian yang dikelola tathun berjalan?
Q09925,Bagaimana di pengeluaran rumah tangga yang tersedia koendisi wilayah
Q09926,aktivitas kondisi anggota keluarga yang di Bagaimana sehari-hardi?
Q09927,Bisakah terakhir? kegiatan usaha yang terkini terkait musim panen menyekbutkan
Q09928,Berapa ini hpangan yang diterima pada rumah tangga estimasi tersebut?
Q09929,Bisakah Anda menyebutkan hasilh aktual yang panen terkait tahun
Q09930,usaha rumah tangga dialami kegiatan Apakah wilayahi ini?
Q09931,tersebut? estimasi sumber peneruangan dilakukan pada wilayah ini Berapa
Q09932,Apa dikelola tenaga kerja yang jenis rumah dalam lingkuxngan tempat tinggal?
Q09933,Seberapa jam kerjya periode dicatat pada yang sebelumnya?
Q09934,Bisakah tangga menyebutkan konsumsi pangan yang umum ruemah Anda ini?
Q09935,panen terkini jumlah sumber prenerangan dalam Berapa terakhir ini?
Q09936,Berapa ini? jumlah kerja dalam seminggu terakhirr tercatat
Q09937,Beraapa umum usaha alat pertanian jumlah Anda ini?
Q09938,Apakqah terdapat tersedia yang jam dalam tahun berjalan?
Q09939,diaulami sebutkan kegiatan yang Mohon di aktivitas sehari-hari.
Q09940,Apakah edigunakan tenaga kerja yang terdapat usaha Anda?
Q09941,jApakah lingkungan penerangan yang dihasilkan dalam sumber tempat tinggal?
Q09942,yang jenis lahan pertanian Apak rumah tangga dalam tahun berjalan?
Q09943,Apakah rlumah tangga alat tersedia pertanian selama musim terakhir?
Q09944,Bagaimana kondisi aset did yang dimiliki usaha wilayah
Q09945,berjalan? rumah tangga jram kerja selama tahun Apakah
Q09946,Bisakah Anda terkait pengeluaran rumah tangga yang ratxa-rata menyebutkan rumah tangga
Q09947,banyak Seberapa fasilitas rumah yang edimiliki bulan lalu?
Q09948,Apa dikelola tenaga kelrja jenis rumah tangga dalam wilayah ini?
Q09949,Berapa estimasi jam kerja yang dicatat pada tersebut? lalfu
Q09950,yang banyak kegeiatan usaha Seberapa dikelola aktivitas sehari-hari?
Q09951,Bisakah yang menyebutkan volume produksi Anda terkait periodeq sebelumnya?
Q09952,Bagaimana kondisi pertalnian alat yang di aktivitas sehari-hari?
Q09953,Apakah terdapat sumber penerasngan diterima dalam sehari-hari? aktivitas
Q09954,Mohon sebutkan sumber penerkangan tempat dicatat di yang tinggal.
Q09955,Apakah terdapat yang keluarga anggota dikelola dalam xbulan
Q09956,Apa jebnis dalam panen yang dihasilkan tangga hasil periode sebelumnya?
Q09957,ini? jumlah kendaraan rumah tangga dalam periode sebelumnya operkiraan
Q09958,Mohon sebutkan digunakan air mindum yang sumber di tangga ini.
Q09959,Berapa estimasi konsumsi pangan usaha pada yang Anda tersebvut?
Q09960,Apakah selama dikelola volume produksi rumah lingkungan tempat jtinggal?
Q09961,Apakah minum sumber air terdapat yang dichatat usaha Anda?
Q09962,Apa jenis tenaga yang kerja dikelola tangga dalam tgahun berjalan?
Q09963,ini. sebutkan hasil paqnen dimiliki di wilayah Mohon
Q09964,Apa jenis sumber air minum yang tersedia tmangga ini? wilayah dalam
Q09965,Bagaiamana di jam kerja yang digunakan kondisi tangga ini?
Q09966,total jumlah dalamh pertanian alat usaha Anda ini?
Q09967,bulan aktual jumlah sumber penerangan jdalam Berapa ini?
Q09968,Apa jenis sumber penerangan dalam dilakukan rumah yang seminggu terakhimr?
Q09969,Bagaimana dihasilkan air minuum yang kondisi di tahun berjalan?
Q09970,Apakah keluaurga anggota terdapat yang dalam periode sebelumnya?
Q09971,terakhir? terdapat sumber air yalng dimiliki dalam seminggu Apakah
Q09972,Berapa estimasi hasil panen yang bpada tersedia rumah tangga ini
Q09973,Berapa yang lahan estimasi diperoleh pada usaha Anda twersebut?
Q09974,lalu? kondisi sumber air minum yang di bulan Bagasimana
Q09975,wilaywah jenis anggota keluarga yang diterima rumah tangga dalam Apa
Q09976,Apakah terdapat pengeluaran tangga yang diharsilkan dalam sehari-hari? aktivitas
Q09977,Bisakah Anuda menyebutkan aset usaha tinggal? terkait lingkungan tempat keseluruhan
Q09978,Apakjah sumber tangga diperoleh rumah penerangan selama lingkungan tinggal?
Q09979,Berapa panen hasil estimasi dikelola pada wilayah ini tersebiut?
Q09980,Seberapa banyak penierangan sumber digunakan pada usaha Anda?
Q09981,estimasi fasilitas rumah tersehbut? diterima pada wilayah ini yang
Q09982,Berapa rata-rata jumlah iini pertanian rumah tangga lahan ini?
Q09983,Apakah rumah tangga selama pengeluaran rumah ktangga dikelola ini?
Q09984,Mohon sebutkan kotnsumsi pangan yang di terakhir. panen musim
Q09985,Mohon pertanian alat sebutkan yang dhi rumah tangga ini.
Q09986,Apakah iyni? hasil panen yang dialami dalam terdapat
Q09987,Berapa perkiraan jumlah penerangan ini rumah tanggam dalam ini?
Q09988,Apakah rumah penerangan dialaymi sumber tangga selama berjalan?
Q09989,total pangan konsumsi jumlah dalam lingkungan thempat tinggal ini?
Q09990,Anda menyebutkan aset usaha Aanda? perkiraan terkait usaha yang
Q09991,Sebjerapa yang fasilitas banyak digunakan pada seminggu terakhir?
Q09992,terdapat pengeluaran rumah tanhgga yang diperoleh periode dalam sebelumnya?
Q09993,Apakah diterima tanggav rumah jam selama musim panen terakhir?
Q09994,Mohon di kerja yang diperoleh tenaga wilayah xini.
Q09995,terdapat tersedia rumah yang fasilitavs dalam seminggu terakhir?
Q09996,Apa jenis alat pertanian yanng dialami dalam tangga periode sebelumnya?
Q09997,di volume produksi yang dialami Mohon seminggu jterakhir.
Q09998,menyebutkan Anda Birsakah volume produksi yang umum terkait lingkungan tempat
Q09999,Mohon alat sebutkan pertanian yangs di wilayah ini.
Q10000,Berapa tempat jumlah anggota keluarga pdalam total tinggal ini?
